declaration_id,eo_number,governor,event_description,date_signed,archive_record_url,EVENT_ID,EPISODE_ID,BEGIN_DATE_TIME,END_DATE_TIME,CZ_TYPE,area_type,CZ_FIPS,CZ_NAME,EVENT_TYPE,MAGNITUDE,MAGNITUDE_TYPE,DEATHS_DIRECT,INJURIES_DIRECT,DAMAGE_PROPERTY,DAMAGE_CROPS,SOURCE,EPISODE_NARRATIVE,EVENT_NARRATIVE
UT-PROC-E9787C0A7F51C6C7,,Michael O. Leavitt,"Declaring a State of Emergency in Sanpete County Due to Severe Thunderstorms, Hail, High Winds, and a F2 Tornado",2002-09-09,https://rules.utah.gov/wp-content/uploads/ExecDoc30160.pdf,5324776,2151853,2002-09-06 20:00:00,2002-09-06 20:00:00,C,county/county-equivalent,3,BOX ELDER,Hail,0.75,,0,0,0,0,GENERAL PUBLIC,,A severe thunderstorm dumped heavy rain and 3/4 inch hail on the town of Snowville.
UT-PROC-E9787C0A7F51C6C7,,Michael O. Leavitt,"Declaring a State of Emergency in Sanpete County Due to Severe Thunderstorms, Hail, High Winds, and a F2 Tornado",2002-09-09,https://rules.utah.gov/wp-content/uploads/ExecDoc30160.pdf,5324783,2151867,2002-09-12 16:00:00,2002-09-12 18:00:00,C,county/county-equivalent,7,CARBON,Flash Flood,,,0,0,500K,0,EMERGENCY MANAGER,,"A cloudburst (1.48 inches in an hour) produced flash flooding in Sunnyside. City Hall was flooded with water up to 3 feet deep, and numerous homes and businesses were flooded."
UT-PROC-E9787C0A7F51C6C7,,Michael O. Leavitt,"Declaring a State of Emergency in Sanpete County Due to Severe Thunderstorms, Hail, High Winds, and a F2 Tornado",2002-09-09,https://rules.utah.gov/wp-content/uploads/ExecDoc30160.pdf,5320190,1143574,2002-09-07 15:30:00,2002-09-07 15:40:00,C,county/county-equivalent,19,GRAND,Thunderstorm Wind,60.0,E,0,0,2K,,TRAINED SPOTTER,"A steel framed sign was torn off the Moab Valley Inn and several tiles were blown off the roof.  Many trees were blown over or snapped off in town.  A large number of Tamarisks were ripped from the shoreline of the Colorado River and blown onto Highway 128, temporarily blocking the road.",
UT-PROC-E9787C0A7F51C6C7,,Michael O. Leavitt,"Declaring a State of Emergency in Sanpete County Due to Severe Thunderstorms, Hail, High Winds, and a F2 Tornado",2002-09-09,https://rules.utah.gov/wp-content/uploads/ExecDoc30160.pdf,5320315,1143595,2002-09-12 16:30:00,2002-09-12 17:30:00,C,county/county-equivalent,19,GRAND,Flash Flood,,,0,0,25K,,EMERGENCY MANAGER,"Flash flooding washed out sections of Potash Road and Long Canyon Road, as well as a section of railroad tracks along Highway 279.",
UT-PROC-E9787C0A7F51C6C7,,Michael O. Leavitt,"Declaring a State of Emergency in Sanpete County Due to Severe Thunderstorms, Hail, High Winds, and a F2 Tornado",2002-09-09,https://rules.utah.gov/wp-content/uploads/ExecDoc30160.pdf,5324698,2151850,2002-09-06 14:05:00,2002-09-06 14:10:00,C,county/county-equivalent,21,IRON,Hail,0.75,,0,0,0,0,TRAINED SPOTTER,,A severe thunderstorm brought heavy rain and 3/4 inch hail to portions of Cedar City.
UT-PROC-E9787C0A7F51C6C7,,Michael O. Leavitt,"Declaring a State of Emergency in Sanpete County Due to Severe Thunderstorms, Hail, High Winds, and a F2 Tornado",2002-09-09,https://rules.utah.gov/wp-content/uploads/ExecDoc30160.pdf,5324780,2151856,2002-09-07 13:16:00,2002-09-07 13:20:00,C,county/county-equivalent,25,KANE,Hail,0.75,,0,0,0,0,PARK/FOREST SERVICE,A severe thunderstorm produced 3/4 inch hail and 69 mph (60 kts) wind gusts at Bullfrog Marina on Lake Powell.,
UT-PROC-E9787C0A7F51C6C7,,Michael O. Leavitt,"Declaring a State of Emergency in Sanpete County Due to Severe Thunderstorms, Hail, High Winds, and a F2 Tornado",2002-09-09,https://rules.utah.gov/wp-content/uploads/ExecDoc30160.pdf,5325397,2151856,2002-09-07 13:16:00,2002-09-07 13:16:00,C,county/county-equivalent,25,KANE,Thunderstorm Wind,60.0,M,0,0,0,0,PARK/FOREST SERVICE,A severe thunderstorm produced 3/4 inch hail and 69 mph (60 kts) wind gusts at Bullfrog Marina on Lake Powell.,
UT-PROC-E9787C0A7F51C6C7,,Michael O. Leavitt,"Declaring a State of Emergency in Sanpete County Due to Severe Thunderstorms, Hail, High Winds, and a F2 Tornado",2002-09-09,https://rules.utah.gov/wp-content/uploads/ExecDoc30160.pdf,5324782,2151866,2002-09-12 14:30:00,2002-09-12 16:30:00,C,county/county-equivalent,25,KANE,Flash Flood,,,0,0,10K,0,PARK/FOREST SERVICE,,"Heavy rains produced flash flooding in the Bullfrog area of Lake Powell. Sewer lines were broke, and water and mud was sent into the campgrounds."
UT-PROC-E9787C0A7F51C6C7,,Michael O. Leavitt,"Declaring a State of Emergency in Sanpete County Due to Severe Thunderstorms, Hail, High Winds, and a F2 Tornado",2002-09-09,https://rules.utah.gov/wp-content/uploads/ExecDoc30160.pdf,5324777,2151854,2002-09-06 17:30:00,2002-09-06 19:30:00,C,county/county-equivalent,35,SALT LAKE,Flash Flood,,,0,0,200K,0,GENERAL PUBLIC,"Heavy thunderstorm downpours produced localized flash flooding in Southern Salt Lake and portions of Utah counties. The rain produced a mudslide in Alpine, causing extensive damage to one home. About 20 homes in Pleasant Grove reported basement flooding. A canal above Bluffdale overflowed, sending a wall of water and mud into a subdivision, flooding at least 10 homes.",
UT-PROC-E9787C0A7F51C6C7,,Michael O. Leavitt,"Declaring a State of Emergency in Sanpete County Due to Severe Thunderstorms, Hail, High Winds, and a F2 Tornado",2002-09-09,https://rules.utah.gov/wp-content/uploads/ExecDoc30160.pdf,5320307,1143587,2002-09-07 15:30:00,2002-09-07 16:10:00,C,county/county-equivalent,37,SAN JUAN,Flash Flood,,,0,0,50K,,EMERGENCY MANAGER,"Flash flooding washed out most of the temporary road repairs which had been constructed since the 08-29-02 flash flood.  A channel 6 to 8 feet deep was gouged out along a section of Highway 63, exposing an apparent gas pipeline.",
UT-PROC-E9787C0A7F51C6C7,,Michael O. Leavitt,"Declaring a State of Emergency in Sanpete County Due to Severe Thunderstorms, Hail, High Winds, and a F2 Tornado",2002-09-09,https://rules.utah.gov/wp-content/uploads/ExecDoc30160.pdf,5320309,1143589,2002-09-07 16:30:00,2002-09-07 16:40:00,C,county/county-equivalent,37,SAN JUAN,Thunderstorm Wind,70.0,E,0,0,,,TRAINED SPOTTER,The roof of a 35 foot high granary was blown 100 feet away over the top of a power line and over another granary.  A large number of 8 inch diameter pinyon pine trees in the area were snapped off just above the ground.,
UT-PROC-E9787C0A7F51C6C7,,Michael O. Leavitt,"Declaring a State of Emergency in Sanpete County Due to Severe Thunderstorms, Hail, High Winds, and a F2 Tornado",2002-09-09,https://rules.utah.gov/wp-content/uploads/ExecDoc30160.pdf,5320197,1143581,2002-09-07 16:45:00,2002-09-07 18:00:00,C,county/county-equivalent,37,SAN JUAN,Flash Flood,,,0,0,80K,,NEWSPAPER,Numerous road and trail washouts occurred in the backcountry of Canyonlands National Park.  At approximately 1700 MST a family of four was driving a Humvee up Taylor Canyon when water rose to 10 feet deep and carried their vehicle four miles down the wash.  The family was able to escape from the vehicle and swim safely to shore.  The normally dry wash was running 300 feet wide during the flash flood. The Humvee was totalled.,
UT-PROC-E9787C0A7F51C6C7,,Michael O. Leavitt,"Declaring a State of Emergency in Sanpete County Due to Severe Thunderstorms, Hail, High Winds, and a F2 Tornado",2002-09-09,https://rules.utah.gov/wp-content/uploads/ExecDoc30160.pdf,5320931,1143563,2002-09-12 12:45:00,2002-09-12 12:55:00,C,county/county-equivalent,37,SAN JUAN,Hail,0.75,,0,0,,,TRAINED SPOTTER,,
UT-PROC-E9787C0A7F51C6C7,,Michael O. Leavitt,"Declaring a State of Emergency in Sanpete County Due to Severe Thunderstorms, Hail, High Winds, and a F2 Tornado",2002-09-09,https://rules.utah.gov/wp-content/uploads/ExecDoc30160.pdf,5320926,1143558,2002-09-12 16:30:00,2002-09-12 17:30:00,C,county/county-equivalent,37,SAN JUAN,Flash Flood,,,0,0,20K,,OTHER FEDERAL AGENCY,Heavy rain caused flash flooding and mud slides to partially bury vehicles and a camper in Canyonlands National Park.,
UT-PROC-E9787C0A7F51C6C7,,Michael O. Leavitt,"Declaring a State of Emergency in Sanpete County Due to Severe Thunderstorms, Hail, High Winds, and a F2 Tornado",2002-09-09,https://rules.utah.gov/wp-content/uploads/ExecDoc30160.pdf,5325451,2151858,2002-09-08 12:44:00,2002-09-08 12:50:00,C,county/county-equivalent,39,SANPETE,Tornado,,,0,0,0,0,TRAINED SPOTTER,,An F0 tornado was spotted on the ground for a short time over open country 5 miles NNE of Centerfield.
UT-PROC-E9787C0A7F51C6C7,,Michael O. Leavitt,"Declaring a State of Emergency in Sanpete County Due to Severe Thunderstorms, Hail, High Winds, and a F2 Tornado",2002-09-09,https://rules.utah.gov/wp-content/uploads/ExecDoc30160.pdf,5325452,2151859,2002-09-08 12:50:00,2002-09-08 13:05:00,C,county/county-equivalent,39,SANPETE,Tornado,,,0,0,2M,100K,GENERAL PUBLIC,,"An F2 tornado began one mile south-southwest of Manti and moved northeast through Southeast Manti. The first mile of the tornado path was across open land, however the tornado produced some remarkable damage at the start. A 10X12 foot pioneer building was lifted, rotated 90 degrees, and moved 8 feet before being dropped back to the ground. At the south end of Manti, the tornado struck the Anderson Lumber business and did substantial damage. A 40 foot semi-trailer, loaded with insulation, was lifted and thrown onto it's side approximately 35 to 40 feet away. A large amount of debris, along with a 10X10 foot wooden shed, was thrown across Highway 89 and over the hill some 200 to 300 feet away. The wide swath of the tornado did considerable damage as it moved through the residential area in Southeast Manti. As the tornado exited the residential area, where some of the heaviest damage occurred, a 26 foot camp trailer was lifted and thrown to the west-northwest some 150 to 200 feet and disintegrated. The tornado continued across open farmland another half a mile or so before dissipating near the mountains. It has been determined that this was a high-end F2 tornado, with winds as high as 157 mph. The distance traveled was 2.75 miles, and the width was 800 feet. Time on the ground was approximately 15 minutes. Estimated damage is around $2,000,000, but could still go higher. Amazingly, there were no injuries."
UT-PROC-E9787C0A7F51C6C7,,Michael O. Leavitt,"Declaring a State of Emergency in Sanpete County Due to Severe Thunderstorms, Hail, High Winds, and a F2 Tornado",2002-09-09,https://rules.utah.gov/wp-content/uploads/ExecDoc30160.pdf,5325453,2151860,2002-09-08 12:50:00,2002-09-08 12:55:00,C,county/county-equivalent,39,SANPETE,Hail,1.75,,0,0,0,0,BROADCAST MEDIA,,"The storm that produced the F2 tornado in Manti, also dropped 1 3/4 inch (reported as apricot-size) hail on the town."
UT-PROC-E9787C0A7F51C6C7,,Michael O. Leavitt,"Declaring a State of Emergency in Sanpete County Due to Severe Thunderstorms, Hail, High Winds, and a F2 Tornado",2002-09-09,https://rules.utah.gov/wp-content/uploads/ExecDoc30160.pdf,5325455,2151862,2002-09-12 10:55:00,2002-09-12 10:56:00,C,county/county-equivalent,39,SANPETE,Tornado,,,0,0,0,0,GENERAL PUBLIC,,"A small tornado (F0) was observed just west of Ephraim in Sanpete County. The tornado moved slowly to the northeast over open country before dissipating. This tornado remained on the ground for only a few seconds, but the funnel cloud was visible for about 10 minutes."
UT-PROC-E9787C0A7F51C6C7,,Michael O. Leavitt,"Declaring a State of Emergency in Sanpete County Due to Severe Thunderstorms, Hail, High Winds, and a F2 Tornado",2002-09-09,https://rules.utah.gov/wp-content/uploads/ExecDoc30160.pdf,5325450,2151857,2002-09-06 19:30:00,2002-09-06 19:30:00,C,county/county-equivalent,45,TOOELE,Thunderstorm Wind,,,0,2,2K,0,BROADCAST MEDIA,,"Two people were seriously injured when strong thunderstorm winds toppled a scissor lift. The individuals were using the lift to film a football game, and fell about 25 feet to the ground."
UT-PROC-E9787C0A7F51C6C7,,Michael O. Leavitt,"Declaring a State of Emergency in Sanpete County Due to Severe Thunderstorms, Hail, High Winds, and a F2 Tornado",2002-09-09,https://rules.utah.gov/wp-content/uploads/ExecDoc30160.pdf,5324778,2151854,2002-09-06 17:30:00,2002-09-06 19:30:00,C,county/county-equivalent,49,UTAH,Flash Flood,,,0,0,200K,0,GENERAL PUBLIC,"Heavy thunderstorm downpours produced localized flash flooding in Southern Salt Lake and portions of Utah counties. The rain produced a mudslide in Alpine, causing extensive damage to one home. About 20 homes in Pleasant Grove reported basement flooding. A canal above Bluffdale overflowed, sending a wall of water and mud into a subdivision, flooding at least 10 homes.",
UT-PROC-E9787C0A7F51C6C7,,Michael O. Leavitt,"Declaring a State of Emergency in Sanpete County Due to Severe Thunderstorms, Hail, High Winds, and a F2 Tornado",2002-09-09,https://rules.utah.gov/wp-content/uploads/ExecDoc30160.pdf,5324700,2151852,2002-09-06 17:30:00,2002-09-06 18:00:00,C,county/county-equivalent,49,UTAH,Hail,0.88,,0,0,0,0,TRAINED SPOTTER,,A severe thunderstorm produced nickle-size hail and very heavy downpours in the Pleasant Grove area. Rainfall amounts of .78 inches in 15 minutes produced street flooding.
UT-PROC-E9787C0A7F51C6C7,,Michael O. Leavitt,"Declaring a State of Emergency in Sanpete County Due to Severe Thunderstorms, Hail, High Winds, and a F2 Tornado",2002-09-09,https://rules.utah.gov/wp-content/uploads/ExecDoc30160.pdf,5325454,2151861,2002-09-12 18:00:00,2002-09-12 23:30:00,C,county/county-equivalent,49,UTAH,Flash Flood,,,0,0,3M,100K,EMERGENCY MANAGER,,"Heavy rains over several days caused flash flooding and mudslides below a burn area in Santaquin. The rain also caused a canal to overflow its banks in the same area, making conditions even worse. An estimated 3 million dollars damage was done to to about 40 homes and several vehicles as mudslides up to 7 feet deep moved down the hillside. No injuries were reported."
UT-PROC-E9787C0A7F51C6C7,,Michael O. Leavitt,"Declaring a State of Emergency in Sanpete County Due to Severe Thunderstorms, Hail, High Winds, and a F2 Tornado",2002-09-09,https://rules.utah.gov/wp-content/uploads/ExecDoc30160.pdf,5324699,2151851,2002-09-06 14:45:00,2002-09-06 16:45:00,C,county/county-equivalent,53,WASHINGTON,Flash Flood,,,0,0,0,0,PARK/FOREST SERVICE,,Heavy downpours produced localized flash flooding of small creeks in the Zion National Park area. No damage was reported.
UT-PROC-E9787C0A7F51C6C7,,Michael O. Leavitt,"Declaring a State of Emergency in Sanpete County Due to Severe Thunderstorms, Hail, High Winds, and a F2 Tornado",2002-09-09,https://rules.utah.gov/wp-content/uploads/ExecDoc30160.pdf,5324779,2151855,2002-09-06 18:45:00,2002-09-06 20:45:00,C,county/county-equivalent,53,WASHINGTON,Flash Flood,,,0,0,10K,10K,GENERAL PUBLIC,,"Heavy rains, 1.00 inch in 7 minutes, in Toquerville produced flash flooding of a farmer's field and flooding of his barn."
UT-PROC-E9787C0A7F51C6C7,,Michael O. Leavitt,"Declaring a State of Emergency in Sanpete County Due to Severe Thunderstorms, Hail, High Winds, and a F2 Tornado",2002-09-09,https://rules.utah.gov/wp-content/uploads/ExecDoc30160.pdf,5325456,2151863,2002-09-12 13:30:00,2002-09-12 13:35:00,C,county/county-equivalent,55,WAYNE,Tornado,,,0,0,0,0,GENERAL PUBLIC,,"A small tornado (F0) was observed 20 miles southeast of Hanksville in Wayne County. It was on the ground over open country for a short time, and debris from the ground was observed rising before the funnel dissipated."
UT-PROC-E9787C0A7F51C6C7,,Michael O. Leavitt,"Declaring a State of Emergency in Sanpete County Due to Severe Thunderstorms, Hail, High Winds, and a F2 Tornado",2002-09-09,https://rules.utah.gov/wp-content/uploads/ExecDoc30160.pdf,5324781,2151865,2002-09-12 14:10:00,2002-09-12 15:10:00,C,county/county-equivalent,55,WAYNE,Flash Flood,,,0,0,0,0,DEPT OF HIGHWAYS,,Heavy rains produced flash flooding over State Route 24 near Cainville.
UT-PROC-15F5A3F63F6385AA,,Michael O. Leavitt,Declaring a State of Emergency in Utah County Due to Flooding and Debris Flows in Santaquin City and the Unincorporated Area Known as Spring Lake,2002-09-14,https://rules.utah.gov/wp-content/uploads/ExecDoc31160.pdf,5324783,2151867,2002-09-12 16:00:00,2002-09-12 18:00:00,C,county/county-equivalent,7,CARBON,Flash Flood,,,0,0,500K,0,EMERGENCY MANAGER,,"A cloudburst (1.48 inches in an hour) produced flash flooding in Sunnyside. City Hall was flooded with water up to 3 feet deep, and numerous homes and businesses were flooded."
UT-PROC-15F5A3F63F6385AA,,Michael O. Leavitt,Declaring a State of Emergency in Utah County Due to Flooding and Debris Flows in Santaquin City and the Unincorporated Area Known as Spring Lake,2002-09-14,https://rules.utah.gov/wp-content/uploads/ExecDoc31160.pdf,5320315,1143595,2002-09-12 16:30:00,2002-09-12 17:30:00,C,county/county-equivalent,19,GRAND,Flash Flood,,,0,0,25K,,EMERGENCY MANAGER,"Flash flooding washed out sections of Potash Road and Long Canyon Road, as well as a section of railroad tracks along Highway 279.",
UT-PROC-15F5A3F63F6385AA,,Michael O. Leavitt,Declaring a State of Emergency in Utah County Due to Flooding and Debris Flows in Santaquin City and the Unincorporated Area Known as Spring Lake,2002-09-14,https://rules.utah.gov/wp-content/uploads/ExecDoc31160.pdf,5324782,2151866,2002-09-12 14:30:00,2002-09-12 16:30:00,C,county/county-equivalent,25,KANE,Flash Flood,,,0,0,10K,0,PARK/FOREST SERVICE,,"Heavy rains produced flash flooding in the Bullfrog area of Lake Powell. Sewer lines were broke, and water and mud was sent into the campgrounds."
UT-PROC-15F5A3F63F6385AA,,Michael O. Leavitt,Declaring a State of Emergency in Utah County Due to Flooding and Debris Flows in Santaquin City and the Unincorporated Area Known as Spring Lake,2002-09-14,https://rules.utah.gov/wp-content/uploads/ExecDoc31160.pdf,5320934,1143566,2002-09-12 13:00:00,2002-09-12 14:00:00,C,county/county-equivalent,37,SAN JUAN,Flood,,,0,0,,,EMERGENCY MANAGER,Heavy rain caused minor flooding along Montezuma Creek in Montezuma Canyon.,
UT-PROC-15F5A3F63F6385AA,,Michael O. Leavitt,Declaring a State of Emergency in Utah County Due to Flooding and Debris Flows in Santaquin City and the Unincorporated Area Known as Spring Lake,2002-09-14,https://rules.utah.gov/wp-content/uploads/ExecDoc31160.pdf,5320926,1143558,2002-09-12 16:30:00,2002-09-12 17:30:00,C,county/county-equivalent,37,SAN JUAN,Flash Flood,,,0,0,20K,,OTHER FEDERAL AGENCY,Heavy rain caused flash flooding and mud slides to partially bury vehicles and a camper in Canyonlands National Park.,
UT-PROC-15F5A3F63F6385AA,,Michael O. Leavitt,Declaring a State of Emergency in Utah County Due to Flooding and Debris Flows in Santaquin City and the Unincorporated Area Known as Spring Lake,2002-09-14,https://rules.utah.gov/wp-content/uploads/ExecDoc31160.pdf,5320935,1143567,2002-09-12 17:45:00,2002-09-12 18:45:00,C,county/county-equivalent,37,SAN JUAN,Flood,,,0,0,,,TRAINED SPOTTER,Heavy rain caused minor street flooding in town.,
UT-PROC-15F5A3F63F6385AA,,Michael O. Leavitt,Declaring a State of Emergency in Utah County Due to Flooding and Debris Flows in Santaquin City and the Unincorporated Area Known as Spring Lake,2002-09-14,https://rules.utah.gov/wp-content/uploads/ExecDoc31160.pdf,5325454,2151861,2002-09-12 18:00:00,2002-09-12 23:30:00,C,county/county-equivalent,49,UTAH,Flash Flood,,,0,0,3M,100K,EMERGENCY MANAGER,,"Heavy rains over several days caused flash flooding and mudslides below a burn area in Santaquin. The rain also caused a canal to overflow its banks in the same area, making conditions even worse. An estimated 3 million dollars damage was done to to about 40 homes and several vehicles as mudslides up to 7 feet deep moved down the hillside. No injuries were reported."
UT-PROC-15F5A3F63F6385AA,,Michael O. Leavitt,Declaring a State of Emergency in Utah County Due to Flooding and Debris Flows in Santaquin City and the Unincorporated Area Known as Spring Lake,2002-09-14,https://rules.utah.gov/wp-content/uploads/ExecDoc31160.pdf,5324781,2151865,2002-09-12 14:10:00,2002-09-12 15:10:00,C,county/county-equivalent,55,WAYNE,Flash Flood,,,0,0,0,0,DEPT OF HIGHWAYS,,Heavy rains produced flash flooding over State Route 24 near Cainville.
UT-EO-2005-0001,2005-0001,Jon M. Huntsman Jr.,Declaring a State of Emergency from Winter Storms and Flooding in Washington County,2005-01-11,https://rules.utah.gov/wp-content/uploads/ExecDoc92002.pdf,5441394,1185407,2005-01-08 16:00:00,2005-01-08 20:00:00,Z,NWS forecast zone,15,MILLARD T X E/JUAB T X E,Strong Wind,59.0,MG,0,0,6K,,"AWOS,ASOS,MESONET,ETC","A stalled storm system just off the southern California coast was able to tap abundant tropical moisture from the central Equatorial Pacific Ocean and dump copious amounts of rain and wet snow on many portions of Utah. The relatively warm air ahead of the storm raised snow levels and rain fell on an already deep snowpack and resulted in the second costliest natural disaster in state history. An estimated $300 million in damage was reported from flooding along the Santa Clara and Virgin Rivers in Washington County. One man was killed in the flooding near Quail Creek Reservior and three people perished in avalanches. The Virgin River water level reached a 25-year high and the Santa Clara River rose above any previously recorded level. 30 homes were destroyed as the Santa Clara changed course and cut through a portion of the community. Approximately 20 more homes were significantly damaged during this record flood event. This storm system also brought heavy and wet snowfall to elevations above 8000 feet. Many avalanches occurred throughout the state following the storm. A large avalanche killed a snowboarder in Ephraim Canyon. East of Mount Pleasant, a slide took the life of a snowmobiler. Some of the higher snowfall and water equivalent totals include: Cedar Breaks 70"" and 10.70"" water, Kolob-Zion Park 60"" and 8.70, Alta 58 and 9.13, Solitude 55 and 9.71, Brian Head 51, Laketown 47 and 3.67, Snowbird 32 and 5.46, Randolph 32 and 2.18, The Canyons 31 and 3.55, Long Valley",
UT-EO-2005-0001,2005-0001,Jon M. Huntsman Jr.,Declaring a State of Emergency from Winter Storms and Flooding in Washington County,2005-01-11,https://rules.utah.gov/wp-content/uploads/ExecDoc92002.pdf,5441395,1185407,2005-01-08 16:00:00,2005-01-08 20:00:00,Z,NWS forecast zone,2,NE BOX ELDER T X NE/W WEBER/DAVIS,Strong Wind,58.0,MG,0,0,2K,,"AWOS,ASOS,MESONET,ETC","A stalled storm system just off the southern California coast was able to tap abundant tropical moisture from the central Equatorial Pacific Ocean and dump copious amounts of rain and wet snow on many portions of Utah. The relatively warm air ahead of the storm raised snow levels and rain fell on an already deep snowpack and resulted in the second costliest natural disaster in state history. An estimated $300 million in damage was reported from flooding along the Santa Clara and Virgin Rivers in Washington County. One man was killed in the flooding near Quail Creek Reservior and three people perished in avalanches. The Virgin River water level reached a 25-year high and the Santa Clara River rose above any previously recorded level. 30 homes were destroyed as the Santa Clara changed course and cut through a portion of the community. Approximately 20 more homes were significantly damaged during this record flood event. This storm system also brought heavy and wet snowfall to elevations above 8000 feet. Many avalanches occurred throughout the state following the storm. A large avalanche killed a snowboarder in Ephraim Canyon. East of Mount Pleasant, a slide took the life of a snowmobiler. Some of the higher snowfall and water equivalent totals include: Cedar Breaks 70"" and 10.70"" water, Kolob-Zion Park 60"" and 8.70, Alta 58 and 9.13, Solitude 55 and 9.71, Brian Head 51, Laketown 47 and 3.67, Snowbird 32 and 5.46, Randolph 32 and 2.18, The Canyons 31 and 3.55, Long Valley",
UT-EO-2005-0001,2005-0001,Jon M. Huntsman Jr.,Declaring a State of Emergency from Winter Storms and Flooding in Washington County,2005-01-11,https://rules.utah.gov/wp-content/uploads/ExecDoc92002.pdf,5441391,1185407,2005-01-08 16:00:00,2005-01-08 20:00:00,Z,NWS forecast zone,7,RICH/CACHE T NW/P E C WEBER/MOST OF MORGAN/NW SUMMIT/NE SALT LAKE/X NE BOX ELDER,Strong Wind,94.0,MG,0,0,1K,,"AWOS,ASOS,MESONET,ETC","A stalled storm system just off the southern California coast was able to tap abundant tropical moisture from the central Equatorial Pacific Ocean and dump copious amounts of rain and wet snow on many portions of Utah. The relatively warm air ahead of the storm raised snow levels and rain fell on an already deep snowpack and resulted in the second costliest natural disaster in state history. An estimated $300 million in damage was reported from flooding along the Santa Clara and Virgin Rivers in Washington County. One man was killed in the flooding near Quail Creek Reservior and three people perished in avalanches. The Virgin River water level reached a 25-year high and the Santa Clara River rose above any previously recorded level. 30 homes were destroyed as the Santa Clara changed course and cut through a portion of the community. Approximately 20 more homes were significantly damaged during this record flood event. This storm system also brought heavy and wet snowfall to elevations above 8000 feet. Many avalanches occurred throughout the state following the storm. A large avalanche killed a snowboarder in Ephraim Canyon. East of Mount Pleasant, a slide took the life of a snowmobiler. Some of the higher snowfall and water equivalent totals include: Cedar Breaks 70"" and 10.70"" water, Kolob-Zion Park 60"" and 8.70, Alta 58 and 9.13, Solitude 55 and 9.71, Brian Head 51, Laketown 47 and 3.67, Snowbird 32 and 5.46, Randolph 32 and 2.18, The Canyons 31 and 3.55, Long Valley",
UT-EO-2005-0001,2005-0001,Jon M. Huntsman Jr.,Declaring a State of Emergency from Winter Storms and Flooding in Washington County,2005-01-11,https://rules.utah.gov/wp-content/uploads/ExecDoc92002.pdf,5441396,1185407,2005-01-10 08:00:00,2005-01-11 15:00:00,Z,NWS forecast zone,19,SC WASHINGTON,Flood,,,1,6,300M,,OTHER FEDERAL AGENCY,"A stalled storm system just off the southern California coast was able to tap abundant tropical moisture from the central Equatorial Pacific Ocean and dump copious amounts of rain and wet snow on many portions of Utah. The relatively warm air ahead of the storm raised snow levels and rain fell on an already deep snowpack and resulted in the second costliest natural disaster in state history. An estimated $300 million in damage was reported from flooding along the Santa Clara and Virgin Rivers in Washington County. One man was killed in the flooding near Quail Creek Reservior and three people perished in avalanches. The Virgin River water level reached a 25-year high and the Santa Clara River rose above any previously recorded level. 30 homes were destroyed as the Santa Clara changed course and cut through a portion of the community. Approximately 20 more homes were significantly damaged during this record flood event. This storm system also brought heavy and wet snowfall to elevations above 8000 feet. Many avalanches occurred throughout the state following the storm. A large avalanche killed a snowboarder in Ephraim Canyon. East of Mount Pleasant, a slide took the life of a snowmobiler. Some of the higher snowfall and water equivalent totals include: Cedar Breaks 70"" and 10.70"" water, Kolob-Zion Park 60"" and 8.70, Alta 58 and 9.13, Solitude 55 and 9.71, Brian Head 51, Laketown 47 and 3.67, Snowbird 32 and 5.46, Randolph 32 and 2.18, The Canyons 31 and 3.55, Long Valley",
UT-EO-2005-0001,2005-0001,Jon M. Huntsman Jr.,Declaring a State of Emergency from Winter Storms and Flooding in Washington County,2005-01-11,https://rules.utah.gov/wp-content/uploads/ExecDoc92002.pdf,5441392,1185407,2005-01-08 16:00:00,2005-01-08 20:00:00,Z,NWS forecast zone,3,W SALT LAKE T X W/E TOOLE T X E,Strong Wind,72.0,MG,0,0,1K,,"AWOS,ASOS,MESONET,ETC","A stalled storm system just off the southern California coast was able to tap abundant tropical moisture from the central Equatorial Pacific Ocean and dump copious amounts of rain and wet snow on many portions of Utah. The relatively warm air ahead of the storm raised snow levels and rain fell on an already deep snowpack and resulted in the second costliest natural disaster in state history. An estimated $300 million in damage was reported from flooding along the Santa Clara and Virgin Rivers in Washington County. One man was killed in the flooding near Quail Creek Reservior and three people perished in avalanches. The Virgin River water level reached a 25-year high and the Santa Clara River rose above any previously recorded level. 30 homes were destroyed as the Santa Clara changed course and cut through a portion of the community. Approximately 20 more homes were significantly damaged during this record flood event. This storm system also brought heavy and wet snowfall to elevations above 8000 feet. Many avalanches occurred throughout the state following the storm. A large avalanche killed a snowboarder in Ephraim Canyon. East of Mount Pleasant, a slide took the life of a snowmobiler. Some of the higher snowfall and water equivalent totals include: Cedar Breaks 70"" and 10.70"" water, Kolob-Zion Park 60"" and 8.70, Alta 58 and 9.13, Solitude 55 and 9.71, Brian Head 51, Laketown 47 and 3.67, Snowbird 32 and 5.46, Randolph 32 and 2.18, The Canyons 31 and 3.55, Long Valley",
UT-EO-2005-0001,2005-0001,Jon M. Huntsman Jr.,Declaring a State of Emergency from Winter Storms and Flooding in Washington County,2005-01-11,https://rules.utah.gov/wp-content/uploads/ExecDoc92002.pdf,5441390,1185407,2005-01-08 16:00:00,2005-01-08 20:00:00,Z,NWS forecast zone,8,W SUMMIT T NW/SE SALT LAKE/WASATCH X SC/E UTAH/P X E JUAB/X NW SAN PETE,Strong Wind,99.0,MG,0,0,1K,,"AWOS,ASOS,MESONET,ETC","A stalled storm system just off the southern California coast was able to tap abundant tropical moisture from the central Equatorial Pacific Ocean and dump copious amounts of rain and wet snow on many portions of Utah. The relatively warm air ahead of the storm raised snow levels and rain fell on an already deep snowpack and resulted in the second costliest natural disaster in state history. An estimated $300 million in damage was reported from flooding along the Santa Clara and Virgin Rivers in Washington County. One man was killed in the flooding near Quail Creek Reservior and three people perished in avalanches. The Virgin River water level reached a 25-year high and the Santa Clara River rose above any previously recorded level. 30 homes were destroyed as the Santa Clara changed course and cut through a portion of the community. Approximately 20 more homes were significantly damaged during this record flood event. This storm system also brought heavy and wet snowfall to elevations above 8000 feet. Many avalanches occurred throughout the state following the storm. A large avalanche killed a snowboarder in Ephraim Canyon. East of Mount Pleasant, a slide took the life of a snowmobiler. Some of the higher snowfall and water equivalent totals include: Cedar Breaks 70"" and 10.70"" water, Kolob-Zion Park 60"" and 8.70, Alta 58 and 9.13, Solitude 55 and 9.71, Brian Head 51, Laketown 47 and 3.67, Snowbird 32 and 5.46, Randolph 32 and 2.18, The Canyons 31 and 3.55, Long Valley",
UT-EO-2005-0001,2005-0001,Jon M. Huntsman Jr.,Declaring a State of Emergency from Winter Storms and Flooding in Washington County,2005-01-11,https://rules.utah.gov/wp-content/uploads/ExecDoc92002.pdf,5441393,1185407,2005-01-08 16:00:00,2005-01-08 20:00:00,Z,NWS forecast zone,17,X NW KANE/XS XE IRON/N W WASHINGTON/NW WC GARFIELD/PIUTE/W WAYNE/SEVIER T C/X E MILLARD/S SANPETE T SC/X SE JUAB/P X NW EMERY/X E BEAVER,Strong Wind,64.0,MG,0,0,1K,,"AWOS,ASOS,MESONET,ETC","A stalled storm system just off the southern California coast was able to tap abundant tropical moisture from the central Equatorial Pacific Ocean and dump copious amounts of rain and wet snow on many portions of Utah. The relatively warm air ahead of the storm raised snow levels and rain fell on an already deep snowpack and resulted in the second costliest natural disaster in state history. An estimated $300 million in damage was reported from flooding along the Santa Clara and Virgin Rivers in Washington County. One man was killed in the flooding near Quail Creek Reservior and three people perished in avalanches. The Virgin River water level reached a 25-year high and the Santa Clara River rose above any previously recorded level. 30 homes were destroyed as the Santa Clara changed course and cut through a portion of the community. Approximately 20 more homes were significantly damaged during this record flood event. This storm system also brought heavy and wet snowfall to elevations above 8000 feet. Many avalanches occurred throughout the state following the storm. A large avalanche killed a snowboarder in Ephraim Canyon. East of Mount Pleasant, a slide took the life of a snowmobiler. Some of the higher snowfall and water equivalent totals include: Cedar Breaks 70"" and 10.70"" water, Kolob-Zion Park 60"" and 8.70, Alta 58 and 9.13, Solitude 55 and 9.71, Brian Head 51, Laketown 47 and 3.67, Snowbird 32 and 5.46, Randolph 32 and 2.18, The Canyons 31 and 3.55, Long Valley",
UT-EO-2005-0001,2005-0001,Jon M. Huntsman Jr.,Declaring a State of Emergency from Winter Storms and Flooding in Washington County,2005-01-11,https://rules.utah.gov/wp-content/uploads/ExecDoc92002.pdf,5441397,1185407,2005-01-10 08:00:00,2005-01-11 15:00:00,Z,NWS forecast zone,17,X NW KANE/XS XE IRON/N W WASHINGTON/NW WC GARFIELD/PIUTE/W WAYNE/SEVIER T C/X E MILLARD/S SANPETE T SC/X SE JUAB/P X NW EMERY/X E BEAVER,Flood,,,0,0,,,OTHER FEDERAL AGENCY,"A stalled storm system just off the southern California coast was able to tap abundant tropical moisture from the central Equatorial Pacific Ocean and dump copious amounts of rain and wet snow on many portions of Utah. The relatively warm air ahead of the storm raised snow levels and rain fell on an already deep snowpack and resulted in the second costliest natural disaster in state history. An estimated $300 million in damage was reported from flooding along the Santa Clara and Virgin Rivers in Washington County. One man was killed in the flooding near Quail Creek Reservior and three people perished in avalanches. The Virgin River water level reached a 25-year high and the Santa Clara River rose above any previously recorded level. 30 homes were destroyed as the Santa Clara changed course and cut through a portion of the community. Approximately 20 more homes were significantly damaged during this record flood event. This storm system also brought heavy and wet snowfall to elevations above 8000 feet. Many avalanches occurred throughout the state following the storm. A large avalanche killed a snowboarder in Ephraim Canyon. East of Mount Pleasant, a slide took the life of a snowmobiler. Some of the higher snowfall and water equivalent totals include: Cedar Breaks 70"" and 10.70"" water, Kolob-Zion Park 60"" and 8.70, Alta 58 and 9.13, Solitude 55 and 9.71, Brian Head 51, Laketown 47 and 3.67, Snowbird 32 and 5.46, Randolph 32 and 2.18, The Canyons 31 and 3.55, Long Valley",
UT-EO-2005-0011,2005-0011,Jon M. Huntsman Jr.,Declaring a State of Emergency from Spring Storms and Rapid Snowmelt Flooding In Uintah County and Iron County,2005-06-08,https://rules.utah.gov/wp-content/uploads/ExecDoc99611.pdf,5462241,1193348,2005-06-06 11:00:00,2005-06-06 23:59:00,C,county/county-equivalent,5,CACHE,Heavy Rain,,,0,0,,,"AWOS,ASOS,MESONET,ETC",A large spring storm brought heavy rain and mountain snow...some of which reached the valley floor north of Salt Lake City. 6-12 inches of snow fell in the Wasatch Mountains above 6000'. Lower elevation reports were...Alpine (2) and Layton and an inch in the Ogden and Layton Benches.,
UT-EO-2005-0011,2005-0011,Jon M. Huntsman Jr.,Declaring a State of Emergency from Spring Storms and Rapid Snowmelt Flooding In Uintah County and Iron County,2005-06-08,https://rules.utah.gov/wp-content/uploads/ExecDoc99611.pdf,5458776,1192815,2005-06-07 10:00:00,2005-06-07 18:00:00,Z,NWS forecast zone,24,EASTERN UINTA BASIN,Strong Wind,48.0,MG,0,0,20K,,LAW ENFORCEMENT,"Strong winds buffeted northeast Utah, downing power poles and power lines in Vernal. Wind gusts of 45 to 55 mph were recorded in the area.",
UT-EO-2005-0011,2005-0011,Jon M. Huntsman Jr.,Declaring a State of Emergency from Spring Storms and Rapid Snowmelt Flooding In Uintah County and Iron County,2005-06-08,https://rules.utah.gov/wp-content/uploads/ExecDoc99611.pdf,5462243,1193350,2005-06-11 20:00:00,2005-06-11 23:00:00,Z,NWS forecast zone,2,NORTHERN WASATCH FRONT/BRIGHAM CITY/OGDEN BOUNTIFUL,Flood,,,0,0,15K,,BROADCAST MEDIA,,Street flooding due to heavy rain enetered homes in Layton along Antelope Drive and Gordon Ave.
UT-PROC-F25753049D6473B7,,Gary R. Herbert,Declaring an Agricultural Disaster in Iron and Washington Counties Due to Heavy Rains and Flooding,2011-03-16,https://rules.utah.gov/wp-content/uploads/ExecDoc150874.pdf,294246,49758,2011-03-16 19:00:00,2011-03-17 04:00:00,C,county/county-equivalent,29,MORGAN,Flood,,,0,0,15.00K,0.00K,Newspaper,"A very moist Pacific storm system brought heavy rainfall to the northern half of Utah. This rain combined with rapid snowmelt to cause flooding across several basins in Utah's mountain valleys, including portions of Weber and Morgan counties.","Many local creeks went over their banks in Morgan County, with the worst of the flooding occurring along Morgan Valley Drive near the town of Peterson, where authorities had to spend a day cleaning up the debris that had spilled over the roadway. In addition, a couple of homes sustained flood damage in the towns of Peterson and Mountain Green."
UT-PROC-F25753049D6473B7,,Gary R. Herbert,Declaring an Agricultural Disaster in Iron and Washington Counties Due to Heavy Rains and Flooding,2011-03-16,https://rules.utah.gov/wp-content/uploads/ExecDoc150874.pdf,294145,49758,2011-03-16 19:00:00,2011-03-17 04:00:00,C,county/county-equivalent,57,WEBER,Flood,,,0,0,100.00K,0.00K,Newspaper,"A very moist Pacific storm system brought heavy rainfall to the northern half of Utah. This rain combined with rapid snowmelt to cause flooding across several basins in Utah's mountain valleys, including portions of Weber and Morgan counties.","Flooding occurred in localized areas of Weber County, primarily in the towns of Eden and Wolf Creek. Basement flooding was reported in 22 homes, including 12 Lakeside Condos units and 10 other homes. Some homeowners received as much as a foot of water in their basement, and others had to clean up dirty conditions due to overflowing raw sewage. In addition, some heavy construction equipment was damaged near the mouth of Weber Canyon, where it had been parked along the river bank."
UT-PROC-09E540F319838A0D,,Gary R. Herbert,Declaring a State of Emergency Due to Flooding and the Potential for Additional Flooding,2011-06-27,https://rules.utah.gov/wp-content/uploads/ExecDoc151292.pdf,329090,54380,2011-06-25 18:00:00,2011-06-30 23:59:00,C,county/county-equivalent,5,CACHE,Flood,,,0,0,100.00K,0.00K,Emergency Manager,"Unseasonably warm temperatures were observed again at the end of June, leading to even more river flooding across Utah. Waterways that flooded significantly during this time period included Little Cottonwood Creek, the Duchesne River, and Spring Creek in Providence, Utah.","Spring Creek near the town of Providence, Utah experienced flooding at the end of June. Most of the damage occurred when gravel clogged culverts along the creek, making the creek divert around the culverts, and causing damage to driveways and roads. At one point, flooding threatened houses, and a couple families were voluntarily evacuated. Throughout the event, a few houses along the creek experienced basement flooding. Note that this event continued into July."
UT-PROC-09E540F319838A0D,,Gary R. Herbert,Declaring a State of Emergency Due to Flooding and the Potential for Additional Flooding,2011-06-27,https://rules.utah.gov/wp-content/uploads/ExecDoc151292.pdf,329110,54380,2011-06-24 01:00:00,2011-06-30 23:59:00,C,county/county-equivalent,13,DUCHESNE,Flood,,,0,0,50.00K,0.00K,Emergency Manager,"Unseasonably warm temperatures were observed again at the end of June, leading to even more river flooding across Utah. Waterways that flooded significantly during this time period included Little Cottonwood Creek, the Duchesne River, and Spring Creek in Providence, Utah.","Several rivers in the Uinta Basin reached flood stage in late June, including Rock Creek, and the Duchesne River at a few different points. These floods were largely mitigated, but some minor damage was observed to low lying bridges and a few buildings near the banks of the rivers, including a few homes in Tabiona. Note that this event continued into July."
UT-PROC-09E540F319838A0D,,Gary R. Herbert,Declaring a State of Emergency Due to Flooding and the Potential for Additional Flooding,2011-06-27,https://rules.utah.gov/wp-content/uploads/ExecDoc151292.pdf,328797,54380,2011-06-24 09:00:00,2011-06-30 23:59:00,C,county/county-equivalent,43,SUMMIT,Flood,,,0,0,20.00K,0.00K,Emergency Manager,"Unseasonably warm temperatures were observed again at the end of June, leading to even more river flooding across Utah. Waterways that flooded significantly during this time period included Little Cottonwood Creek, the Duchesne River, and Spring Creek in Providence, Utah.","Flooding occurred on the Upper Weber River in late June due to the accelerated snowmelt, with the Weber at Oakley gauge peaking at 3133 cfs on June 30th. Much of this flooding was mitigated, but the high water did impact some buildings close to the river. Note that this event continued into July."
UT-PROC-0913AB6026A8A313,,Gary R. Herbert,Declaring a State of Emergency Due to Winter Storm in Davis County,2012-01-20,https://rules.utah.gov/wp-content/uploads/ExecDoc152113.pdf,362802,60364,2012-01-21 15:30:00,2012-01-21 15:30:00,Z,NWS forecast zone,1,CACHE VALLEY/UTAH,High Wind,50.0,MG,0,0,0.00K,0.00K,RAWS,"A potent Pacific storm system moved through Utah on January 21st and 22nd. Gusty winds were observed both ahead of and behind the strong cold front. Flooding, again due to heavy rain on top of frozen ground, was observed in the Wasatch mountain valleys. Heavy snowfall was also observed in the higher elevations across much of Utah, as well as the benches of the northern Wasatch Front behind the cold front.",The St. George RAWS recorded a maximum wind gust of 58 mph.
UT-PROC-0913AB6026A8A313,,Gary R. Herbert,Declaring a State of Emergency Due to Winter Storm in Davis County,2012-01-20,https://rules.utah.gov/wp-content/uploads/ExecDoc152113.pdf,355703,59518,2012-01-23 17:00:00,2012-01-24 04:00:00,Z,NWS forecast zone,29,CANYONLANDS / NATURAL BRIDGES,Winter Weather,,,0,0,0.00K,0.00K,Trained Spotter,A Pacific trough produced significant snowfall in the mountains and some lower elevation areas of southeast Utah.,Snowfall ranged from 2 to 4 inches above the 4500 foot level.
UT-PROC-0913AB6026A8A313,,Gary R. Herbert,Declaring a State of Emergency Due to Winter Storm in Davis County,2012-01-20,https://rules.utah.gov/wp-content/uploads/ExecDoc152113.pdf,362799,60364,2012-01-21 12:00:00,2012-01-22 12:00:00,Z,NWS forecast zone,517,CENTRAL MOUNTAINS,Winter Storm,,,0,0,0.00K,0.00K,SNOTEL,"A potent Pacific storm system moved through Utah on January 21st and 22nd. Gusty winds were observed both ahead of and behind the strong cold front. Flooding, again due to heavy rain on top of frozen ground, was observed in the Wasatch mountain valleys. Heavy snowfall was also observed in the higher elevations across much of Utah, as well as the benches of the northern Wasatch Front behind the cold front.","The Pine Creek SNOTEL received 2.20 inches of liquid equivalent precipitation, or approximately 22 inches of new snow."
UT-PROC-0913AB6026A8A313,,Gary R. Herbert,Declaring a State of Emergency Due to Winter Storm in Davis County,2012-01-20,https://rules.utah.gov/wp-content/uploads/ExecDoc152113.pdf,355699,59517,2012-01-21 03:00:00,2012-01-22 13:00:00,Z,NWS forecast zone,23,EASTERN UINTA MOUNTAINS,Winter Weather,,,0,0,0.00K,0.00K,Mesonet,A moist and vigorous Pacific trough brought significant snowfall to the mountains of eastern Utah.,Snowfall ranged from 3 to 10 inches across the area.  Wind gusts of 30 to 50 mph produced extensive blowing and drifting snow.
UT-PROC-0913AB6026A8A313,,Gary R. Herbert,Declaring a State of Emergency Due to Winter Storm in Davis County,2012-01-20,https://rules.utah.gov/wp-content/uploads/ExecDoc152113.pdf,363143,60364,2012-01-21 16:45:00,2012-01-21 16:45:00,Z,NWS forecast zone,21,GLEN CANYON RECREATION AREA/LAKE POWELL,High Wind,50.0,MG,0,0,0.00K,0.00K,Mesonet,"A potent Pacific storm system moved through Utah on January 21st and 22nd. Gusty winds were observed both ahead of and behind the strong cold front. Flooding, again due to heavy rain on top of frozen ground, was observed in the Wasatch mountain valleys. Heavy snowfall was also observed in the higher elevations across much of Utah, as well as the benches of the northern Wasatch Front behind the cold front.",The Bullfrog Marina sensor recorded a maximum wind gust of 58 mph.
UT-PROC-0913AB6026A8A313,,Gary R. Herbert,Declaring a State of Emergency Due to Winter Storm in Davis County,2012-01-20,https://rules.utah.gov/wp-content/uploads/ExecDoc152113.pdf,363132,60364,2012-01-21 04:15:00,2012-01-21 22:42:00,Z,NWS forecast zone,5,GREAT SALT LAKE DESERT AND MOUNTAINS,High Wind,62.0,MG,0,0,0.00K,0.00K,RAWS,"A potent Pacific storm system moved through Utah on January 21st and 22nd. Gusty winds were observed both ahead of and behind the strong cold front. Flooding, again due to heavy rain on top of frozen ground, was observed in the Wasatch mountain valleys. Heavy snowfall was also observed in the higher elevations across much of Utah, as well as the benches of the northern Wasatch Front behind the cold front.","Strong wind gusts occurred across the Great Salt Lake Desert both ahead of and behind the cold front. Maximum wind gusts included 71 mph at the Rosebud RAWS, 60 mph at the SR-30 at Curlew sensor, 59 mph at Durand Road, and 58 mph at Simpson Springs and Camel Back Mountain."
UT-PROC-0913AB6026A8A313,,Gary R. Herbert,Declaring a State of Emergency Due to Winter Storm in Davis County,2012-01-20,https://rules.utah.gov/wp-content/uploads/ExecDoc152113.pdf,355701,59517,2012-01-21 11:00:00,2012-01-22 14:00:00,Z,NWS forecast zone,28,LA SAL & ABAJO MOUNTAINS,Winter Weather,,,0,0,0.00K,0.00K,Trained Spotter,A moist and vigorous Pacific trough brought significant snowfall to the mountains of eastern Utah.,Snowfall ranged from 5 to 12 inches across the area.  Locally higher amounts included 17 inches at the Camp Jackson SNOTEL site.  Wind gusts of 30 to 50 mph produced extensive blowing and drifting snow.
UT-PROC-0913AB6026A8A313,,Gary R. Herbert,Declaring a State of Emergency Due to Winter Storm in Davis County,2012-01-20,https://rules.utah.gov/wp-content/uploads/ExecDoc152113.pdf,355702,59518,2012-01-23 15:00:00,2012-01-24 06:00:00,Z,NWS forecast zone,28,LA SAL & ABAJO MOUNTAINS,Winter Weather,,,0,0,0.00K,0.00K,Trained Spotter,A Pacific trough produced significant snowfall in the mountains and some lower elevation areas of southeast Utah.,Snowfall ranged from 5 to 6 inches above the 7500 foot level.  Wind gusts of 20 to 40 mph produced areas of blowing and drifting snow.
UT-PROC-0913AB6026A8A313,,Gary R. Herbert,Declaring a State of Emergency Due to Winter Storm in Davis County,2012-01-20,https://rules.utah.gov/wp-content/uploads/ExecDoc152113.pdf,362801,60364,2012-01-21 14:00:00,2012-01-22 04:00:00,Z,NWS forecast zone,2,NORTHERN WASATCH FRONT,Winter Storm,,,0,0,0.00K,0.00K,NWS Employee,"A potent Pacific storm system moved through Utah on January 21st and 22nd. Gusty winds were observed both ahead of and behind the strong cold front. Flooding, again due to heavy rain on top of frozen ground, was observed in the Wasatch mountain valleys. Heavy snowfall was also observed in the higher elevations across much of Utah, as well as the benches of the northern Wasatch Front behind the cold front.","Storm total snowfall across the northern Wasatch Front included 9 inches at Bountiful Bench, 7 inches in Bountiful and South Ogden, and 6 inches at Northeast Ogden Bench and Brigham City."
UT-PROC-0913AB6026A8A313,,Gary R. Herbert,Declaring a State of Emergency Due to Winter Storm in Davis County,2012-01-20,https://rules.utah.gov/wp-content/uploads/ExecDoc152113.pdf,363131,60364,2012-01-21 03:10:00,2012-01-21 07:00:00,Z,NWS forecast zone,3,SALT LAKE AND TOOELE VALLEYS,High Wind,63.0,MG,0,0,0.00K,0.00K,Mesonet,"A potent Pacific storm system moved through Utah on January 21st and 22nd. Gusty winds were observed both ahead of and behind the strong cold front. Flooding, again due to heavy rain on top of frozen ground, was observed in the Wasatch mountain valleys. Heavy snowfall was also observed in the higher elevations across much of Utah, as well as the benches of the northern Wasatch Front behind the cold front.","Strong southerly winds developed across the Salt Lake and Tooele valleys on the morning of January 21st, then rapidly decreased when precipitation began. Maximum wind gusts included 72 mph at the Flight Park South sensor near Point of the Mountain, 68 mph at South Mountain, 66 mph at Stockton Bar, 62 mph at Vernon Hill, and 59 mph at the Court H sensor near Tooele."
UT-PROC-0913AB6026A8A313,,Gary R. Herbert,Declaring a State of Emergency Due to Winter Storm in Davis County,2012-01-20,https://rules.utah.gov/wp-content/uploads/ExecDoc152113.pdf,363139,60364,2012-01-21 15:57:00,2012-01-21 15:57:00,Z,NWS forecast zone,20,SOUTH CENTRAL UTAH,High Wind,53.0,MG,0,0,0.00K,0.00K,RAWS,"A potent Pacific storm system moved through Utah on January 21st and 22nd. Gusty winds were observed both ahead of and behind the strong cold front. Flooding, again due to heavy rain on top of frozen ground, was observed in the Wasatch mountain valleys. Heavy snowfall was also observed in the higher elevations across much of Utah, as well as the benches of the northern Wasatch Front behind the cold front.",The Telegraph Flat RAWS recorded a maximum wind gust of 61 mph.
UT-PROC-0913AB6026A8A313,,Gary R. Herbert,Declaring a State of Emergency Due to Winter Storm in Davis County,2012-01-20,https://rules.utah.gov/wp-content/uploads/ExecDoc152113.pdf,355704,59518,2012-01-23 17:00:00,2012-01-24 05:00:00,Z,NWS forecast zone,22,SOUTHEAST UTAH,Winter Weather,,,0,0,0.00K,0.00K,COOP Observer,A Pacific trough produced significant snowfall in the mountains and some lower elevation areas of southeast Utah.,Snowfall ranged from 2 to 4 inches above the 4500 foot level.
UT-PROC-0913AB6026A8A313,,Gary R. Herbert,Declaring a State of Emergency Due to Winter Storm in Davis County,2012-01-20,https://rules.utah.gov/wp-content/uploads/ExecDoc152113.pdf,362798,60364,2012-01-21 05:00:00,2012-01-22 11:00:00,Z,NWS forecast zone,518,SOUTHERN MOUNTAINS,Winter Storm,,,0,0,0.00K,0.00K,Trained Spotter,"A potent Pacific storm system moved through Utah on January 21st and 22nd. Gusty winds were observed both ahead of and behind the strong cold front. Flooding, again due to heavy rain on top of frozen ground, was observed in the Wasatch mountain valleys. Heavy snowfall was also observed in the higher elevations across much of Utah, as well as the benches of the northern Wasatch Front behind the cold front.","Eagle Point received 12 inches of new snow in less than 12 hours during the heaviest snowfall. In addition, the Kolob SNOTEL received a storm total of 2.00 inches of liquid equivalent precipitation, or approximately 20 inches of new snow."
UT-PROC-0913AB6026A8A313,,Gary R. Herbert,Declaring a State of Emergency Due to Winter Storm in Davis County,2012-01-20,https://rules.utah.gov/wp-content/uploads/ExecDoc152113.pdf,355700,59517,2012-01-21 10:00:00,2012-01-22 01:00:00,Z,NWS forecast zone,25,TAVAPUTS PLATEAU,Winter Weather,,,0,0,0.00K,0.00K,Mesonet,A moist and vigorous Pacific trough brought significant snowfall to the mountains of eastern Utah.,Snowfall ranged from 5 to 10 inches across the area.  Wind gusts of 30 to 40 mph produced areas of blowing and drifting snow.
UT-PROC-0913AB6026A8A313,,Gary R. Herbert,Declaring a State of Emergency Due to Winter Storm in Davis County,2012-01-20,https://rules.utah.gov/wp-content/uploads/ExecDoc152113.pdf,360374,60362,2012-01-18 15:00:00,2012-01-20 15:00:00,Z,NWS forecast zone,6,WASATCH MOUNTAIN VALLEYS,Winter Storm,,,0,0,0.00K,0.00K,Trained Spotter,"Deep Pacific moisture, combined with embedded weather disturbances moving through the region in the middle of January, resulted in heavy and wet snowfall in the mountains and mountain valleys of northern Utah. Occasional heavy rain was observed in the northern Utah valleys. This rain, when combined with frozen ground and snowmelt, produced flooding in portions of Cache Valley and Ogden Valley.","Eden received 11 inches of new snow, while Liberty received 10 inches of snow. The bulk of this snow occurred during the afternoon and evening of January 18th, with periods of snow or a mix of rain and snow occurring periodically through the 19th and 20th."
UT-PROC-0913AB6026A8A313,,Gary R. Herbert,Declaring a State of Emergency Due to Winter Storm in Davis County,2012-01-20,https://rules.utah.gov/wp-content/uploads/ExecDoc152113.pdf,360375,60362,2012-01-18 15:00:00,2012-01-20 15:00:00,Z,NWS forecast zone,7,WASATCH MOUNTAINS I-80 NORTH,Winter Storm,,,0,0,0.00K,0.00K,Trained Spotter,"Deep Pacific moisture, combined with embedded weather disturbances moving through the region in the middle of January, resulted in heavy and wet snowfall in the mountains and mountain valleys of northern Utah. Occasional heavy rain was observed in the northern Utah valleys. This rain, when combined with frozen ground and snowmelt, produced flooding in portions of Cache Valley and Ogden Valley.",Storm total snowfall across the northern Wasatch Mountains included 30 inches at Powder Mountain and 22 inches at the mid-bowl of Snowbasin Resort Company.
UT-PROC-0913AB6026A8A313,,Gary R. Herbert,Declaring a State of Emergency Due to Winter Storm in Davis County,2012-01-20,https://rules.utah.gov/wp-content/uploads/ExecDoc152113.pdf,362803,60364,2012-01-21 00:00:00,2012-01-22 10:00:00,Z,NWS forecast zone,7,WASATCH MOUNTAINS I-80 NORTH,Winter Storm,,,0,0,0.00K,0.00K,Trained Spotter,"A potent Pacific storm system moved through Utah on January 21st and 22nd. Gusty winds were observed both ahead of and behind the strong cold front. Flooding, again due to heavy rain on top of frozen ground, was observed in the Wasatch mountain valleys. Heavy snowfall was also observed in the higher elevations across much of Utah, as well as the benches of the northern Wasatch Front behind the cold front.",Snowbasin Resort Company received a storm total of 23 inches of new snow at their mid-bowl location.
UT-PROC-0913AB6026A8A313,,Gary R. Herbert,Declaring a State of Emergency Due to Winter Storm in Davis County,2012-01-20,https://rules.utah.gov/wp-content/uploads/ExecDoc152113.pdf,360376,60362,2012-01-18 15:00:00,2012-01-20 15:00:00,Z,NWS forecast zone,8,WASATCH MOUNTAINS SOUTH OF I-80,Winter Storm,,,0,0,0.00K,0.00K,Trained Spotter,"Deep Pacific moisture, combined with embedded weather disturbances moving through the region in the middle of January, resulted in heavy and wet snowfall in the mountains and mountain valleys of northern Utah. Occasional heavy rain was observed in the northern Utah valleys. This rain, when combined with frozen ground and snowmelt, produced flooding in portions of Cache Valley and Ogden Valley.","Storm total snowfall included 19 inches at Alta Ski Lifts, 18 inches at the crest of Brighton Resort, and 16 inches at Snowbird Ski and Summer Resort."
UT-PROC-0913AB6026A8A313,,Gary R. Herbert,Declaring a State of Emergency Due to Winter Storm in Davis County,2012-01-20,https://rules.utah.gov/wp-content/uploads/ExecDoc152113.pdf,362804,60364,2012-01-21 00:00:00,2012-01-22 15:00:00,Z,NWS forecast zone,8,WASATCH MOUNTAINS SOUTH OF I-80,Winter Storm,,,0,0,0.00K,0.00K,Trained Spotter,"A potent Pacific storm system moved through Utah on January 21st and 22nd. Gusty winds were observed both ahead of and behind the strong cold front. Flooding, again due to heavy rain on top of frozen ground, was observed in the Wasatch mountain valleys. Heavy snowfall was also observed in the higher elevations across much of Utah, as well as the benches of the northern Wasatch Front behind the cold front.","Storm totals included 29 inches of new snow at Solitude Mountain Resort, 25 inches at both Brighton Resort and Alta Ski Lifts, and 24 inches of new snow at Snowbird Ski and Summer Resort."
UT-PROC-0913AB6026A8A313,,Gary R. Herbert,Declaring a State of Emergency Due to Winter Storm in Davis County,2012-01-20,https://rules.utah.gov/wp-content/uploads/ExecDoc152113.pdf,362807,60364,2012-01-21 09:00:00,2012-01-22 12:00:00,Z,NWS forecast zone,10,WASATCH PLATEAU/BOOK CLIFFS,Winter Storm,,,0,0,0.00K,0.00K,SNOTEL,"A potent Pacific storm system moved through Utah on January 21st and 22nd. Gusty winds were observed both ahead of and behind the strong cold front. Flooding, again due to heavy rain on top of frozen ground, was observed in the Wasatch mountain valleys. Heavy snowfall was also observed in the higher elevations across much of Utah, as well as the benches of the northern Wasatch Front behind the cold front.","The Mammoth-Cottonwood SNOTEL received 2.00 inches of liquid equivalent precipitation, or approximately 20 inches of new snow."
UT-PROC-0913AB6026A8A313,,Gary R. Herbert,Declaring a State of Emergency Due to Winter Storm in Davis County,2012-01-20,https://rules.utah.gov/wp-content/uploads/ExecDoc152113.pdf,363133,60364,2012-01-21 07:40:00,2012-01-21 14:10:00,Z,NWS forecast zone,15,WEST CENTRAL UTAH,High Wind,63.0,MG,0,0,0.00K,0.00K,Mesonet,"A potent Pacific storm system moved through Utah on January 21st and 22nd. Gusty winds were observed both ahead of and behind the strong cold front. Flooding, again due to heavy rain on top of frozen ground, was observed in the Wasatch mountain valleys. Heavy snowfall was also observed in the higher elevations across much of Utah, as well as the benches of the northern Wasatch Front behind the cold front.",Maximum wind gusts in West Central Utah included 73 mph at the US-6 at Eureka sensor and 63 mph at the Delta Bus Garage.
UT-PROC-0913AB6026A8A313,,Gary R. Herbert,Declaring a State of Emergency Due to Winter Storm in Davis County,2012-01-20,https://rules.utah.gov/wp-content/uploads/ExecDoc152113.pdf,360377,60362,2012-01-18 18:00:00,2012-01-20 11:00:00,Z,NWS forecast zone,9,WESTERN UINTA MOUNTAINS,Winter Storm,,,0,0,0.00K,0.00K,RAWS,"Deep Pacific moisture, combined with embedded weather disturbances moving through the region in the middle of January, resulted in heavy and wet snowfall in the mountains and mountain valleys of northern Utah. Occasional heavy rain was observed in the northern Utah valleys. This rain, when combined with frozen ground and snowmelt, produced flooding in portions of Cache Valley and Ogden Valley.","The Chepeta RAWS recorded a maximum wind gust of 80 mph. Meanwhile, the Beaver Divide SNOTEL received 1.40 inches of liquid equivalent precipitation, or approximately 14 inches of new snow."
UT-PROC-0913AB6026A8A313,,Gary R. Herbert,Declaring a State of Emergency Due to Winter Storm in Davis County,2012-01-20,https://rules.utah.gov/wp-content/uploads/ExecDoc152113.pdf,362806,60364,2012-01-21 00:00:00,2012-01-22 01:00:00,Z,NWS forecast zone,9,WESTERN UINTA MOUNTAINS,Winter Storm,,,0,0,0.00K,0.00K,SNOTEL,"A potent Pacific storm system moved through Utah on January 21st and 22nd. Gusty winds were observed both ahead of and behind the strong cold front. Flooding, again due to heavy rain on top of frozen ground, was observed in the Wasatch mountain valleys. Heavy snowfall was also observed in the higher elevations across much of Utah, as well as the benches of the northern Wasatch Front behind the cold front.","The Trial Lake SNOTEL received 2.10 inches of liquid equivalent precipitation, or approximately 24 inches of new snow."
UT-EO-2018-8,2018-8,Gary R. Herbert,Declaring a State of Emergency Due to Potential Flooding,2018-10-02,https://rules.utah.gov/wp-content/uploads/ExecDoc160647.pdf,789234,129968,2018-10-04 07:15:00,2018-10-04 07:30:00,C,county/county-equivalent,19,GRAND,Debris Flow,,,0,0,0.00K,0.00K,Department of Highways,A potent disturbance embedded in a southwest flow aloft produced strong thunderstorms which moved across east-central Utah. These storms produced heavy rain in a short amount of time which fell on saturated soils and led to some flash flooding.,Heavy rainfall resulted in a rockslide with other debris that fell down onto Highway 128 and closed the road for about an hour.
UT-EO-2018-8,2018-8,Gary R. Herbert,Declaring a State of Emergency Due to Potential Flooding,2018-10-02,https://rules.utah.gov/wp-content/uploads/ExecDoc160647.pdf,789233,129968,2018-10-04 09:40:00,2018-10-04 10:45:00,C,county/county-equivalent,19,GRAND,Flash Flood,,,0,0,0.00K,0.00K,Park/Forest Service,A potent disturbance embedded in a southwest flow aloft produced strong thunderstorms which moved across east-central Utah. These storms produced heavy rain in a short amount of time which fell on saturated soils and led to some flash flooding.,A flash flood due to heavy rainfall came down through Arches National Park and across the Delicate Arch Road.  The flowing water that was up to four feet deep closed the road for over an hour.
UT-EO-2018-8,2018-8,Gary R. Herbert,Declaring a State of Emergency Due to Potential Flooding,2018-10-02,https://rules.utah.gov/wp-content/uploads/ExecDoc160647.pdf,785232,131235,2018-10-04 16:00:00,2018-10-04 20:00:00,C,county/county-equivalent,49,UTAH,Flash Flood,,,0,0,20.00K,0.00K,Broadcast Media,Heavy rain brought isolated flash flooding to parts of northern Utah.,"Heavy rain over the Quail Fire burn scar produced flash flooding, with the basements of two homes in Highland flooded."
UT-EO-2021-14,2021-14,Spencer J. Cox,Declaring a State of Emergency Due to Flooding,2021-09-09,https://rules.utah.gov/wp-content/uploads/Utah-Executive-Order-No.-2021-14.pdf,986725,163422,2021-09-11 12:47:00,2021-09-11 13:47:00,C,county/county-equivalent,7,CARBON,Flash Flood,,,0,0,0.00K,0.00K,Department of Highways,Thunderstorms brought strong wind gusts across portions of northern Utah and flash flooding to portions of southern Utah.,"Utah Department of Transportation officials reported flash flooding and a debris flow across U.S. Highway 6, with an associated road closure of westbound lanes at milepost 229.  Additionally, eastbound lanes were closed at milepost 220."
UT-EO-2021-14,2021-14,Spencer J. Cox,Declaring a State of Emergency Due to Flooding,2021-09-09,https://rules.utah.gov/wp-content/uploads/Utah-Executive-Order-No.-2021-14.pdf,986726,163422,2021-09-11 14:25:00,2021-09-11 15:25:00,C,county/county-equivalent,55,WAYNE,Flash Flood,,,0,0,0.00K,0.00K,Park/Forest Service,Thunderstorms brought strong wind gusts across portions of northern Utah and flash flooding to portions of southern Utah.,Capitol Reef National Park rangers and broadcast media reported flash flooding in Capitol Gorge. The road to the trailhead washed out in several places.
UT-EO-2022-005,2022-005,Spencer J. Cox,Declaring a State of Emergency Due to Flash Flooding,2022-08-23,https://rules.utah.gov/wp-content/uploads/Utah-Executive-Order-No.-2022-05.pdf,1054447,173842,2022-08-20 18:00:00,2022-08-20 19:00:00,C,county/county-equivalent,15,EMERY,Flash Flood,,,0,0,0.00K,0.00K,Utility Company,Flash flooding in several national parks and severe hail were observed with scattered thunderstorms.,A debris flow from the Trail Mountain Fire burn scar was observed on Huntington Creek near the Huntington Power Plant.
UT-EO-2022-005,2022-005,Spencer J. Cox,Declaring a State of Emergency Due to Flash Flooding,2022-08-23,https://rules.utah.gov/wp-content/uploads/Utah-Executive-Order-No.-2022-05.pdf,1054437,173842,2022-08-20 16:43:00,2022-08-20 17:43:00,C,county/county-equivalent,17,GARFIELD,Flash Flood,,,0,0,0.00K,0.00K,Public,Flash flooding in several national parks and severe hail were observed with scattered thunderstorms.,"A video from social media showed significant flows on Alvey Wash, with at least several inches of water and debris flowing across Cedar Wash Road. Location is approximate."
UT-EO-2022-005,2022-005,Spencer J. Cox,Declaring a State of Emergency Due to Flash Flooding,2022-08-23,https://rules.utah.gov/wp-content/uploads/Utah-Executive-Order-No.-2022-05.pdf,1054504,173860,2022-08-21 14:53:00,2022-08-21 15:53:00,C,county/county-equivalent,17,GARFIELD,Flash Flood,,,0,0,1.00K,0.00K,State Official,Thunderstorms brought gusty winds and flash flooding to portions of Garfield County.,"Flash flooding was reported in Cannonville and Henrieville, with mud and debris on state Route 12 between the towns."
UT-EO-2022-005,2022-005,Spencer J. Cox,Declaring a State of Emergency Due to Flash Flooding,2022-08-23,https://rules.utah.gov/wp-content/uploads/Utah-Executive-Order-No.-2022-05.pdf,1041736,171600,2022-08-20 19:30:00,2022-08-20 19:30:00,C,county/county-equivalent,19,GRAND,Flash Flood,,,0,0,0.50K,0.00K,Broadcast Media,"A midlevel Pacific low pressure system undercut the area of high pressure over the Great Basin as it dropped into the Northern Rockies. Monsoon moisture increased across the region with precipitable water values ranging from 125 to 175% of normal across the Four Corners. Clearing conditions the morning of the 20th led to increased instability over southeast Utah which led to some stronger thunderstorms during the late evening hours. The anomalously high moisture values across the area resulted in heavy rain with thunderstorms. Additionally, winds aloft supported the training of thunderstorms. This heavy rainfall led to widespread flash flooding and debris flows across portions of Grand and San Juan counties.",Several feet of water flowed through a neighborhood in Spanish Valley as a result of heavy rain from thunderstorms.
UT-EO-2022-005,2022-005,Spencer J. Cox,Declaring a State of Emergency Due to Flash Flooding,2022-08-23,https://rules.utah.gov/wp-content/uploads/Utah-Executive-Order-No.-2022-05.pdf,1041740,171600,2022-08-20 19:30:00,2022-08-20 19:30:00,C,county/county-equivalent,19,GRAND,Flash Flood,,,0,0,250.00K,0.00K,NWS Storm Survey,"A midlevel Pacific low pressure system undercut the area of high pressure over the Great Basin as it dropped into the Northern Rockies. Monsoon moisture increased across the region with precipitable water values ranging from 125 to 175% of normal across the Four Corners. Clearing conditions the morning of the 20th led to increased instability over southeast Utah which led to some stronger thunderstorms during the late evening hours. The anomalously high moisture values across the area resulted in heavy rain with thunderstorms. Additionally, winds aloft supported the training of thunderstorms. This heavy rainfall led to widespread flash flooding and debris flows across portions of Grand and San Juan counties.","Areas along Mill Creek experienced flash flooding as the creek overflowed due to heavy rain from thunderstorms. Water flowed over a park bridge, a dam had damage as an 18 inch diversion pipe cracked and filled with sand, and debris backed up on culverts which resulted in significant overland flooding."
UT-EO-2022-005,2022-005,Spencer J. Cox,Declaring a State of Emergency Due to Flash Flooding,2022-08-23,https://rules.utah.gov/wp-content/uploads/Utah-Executive-Order-No.-2022-05.pdf,1041739,171600,2022-08-20 20:00:00,2022-08-20 20:00:00,C,county/county-equivalent,19,GRAND,Flash Flood,,,0,0,9.50M,0.00K,NWS Storm Survey,"A midlevel Pacific low pressure system undercut the area of high pressure over the Great Basin as it dropped into the Northern Rockies. Monsoon moisture increased across the region with precipitable water values ranging from 125 to 175% of normal across the Four Corners. Clearing conditions the morning of the 20th led to increased instability over southeast Utah which led to some stronger thunderstorms during the late evening hours. The anomalously high moisture values across the area resulted in heavy rain with thunderstorms. Additionally, winds aloft supported the training of thunderstorms. This heavy rainfall led to widespread flash flooding and debris flows across portions of Grand and San Juan counties.","Training thunderstorms produced upwards of 1 to 2 inches of rain within one to two hours in an around Moab. The Mill Creek Parkway - a recreational path that runs through the center of Moab, was reported to be ���completely decimated��� as a result of the flooding. Several areas had their water turned off after flood waters led to a broken water main.  Numerous homes and businesses had upwards of 12 inches of water and debris inside resulting in significant property damage."
UT-EO-2022-005,2022-005,Spencer J. Cox,Declaring a State of Emergency Due to Flash Flooding,2022-08-23,https://rules.utah.gov/wp-content/uploads/Utah-Executive-Order-No.-2022-05.pdf,1041738,171600,2022-08-20 21:00:00,2022-08-20 21:00:00,C,county/county-equivalent,19,GRAND,Flash Flood,,,0,0,250.00K,0.00K,NWS Storm Survey,"A midlevel Pacific low pressure system undercut the area of high pressure over the Great Basin as it dropped into the Northern Rockies. Monsoon moisture increased across the region with precipitable water values ranging from 125 to 175% of normal across the Four Corners. Clearing conditions the morning of the 20th led to increased instability over southeast Utah which led to some stronger thunderstorms during the late evening hours. The anomalously high moisture values across the area resulted in heavy rain with thunderstorms. Additionally, winds aloft supported the training of thunderstorms. This heavy rainfall led to widespread flash flooding and debris flows across portions of Grand and San Juan counties.",Debris from Mill Creek flowed into the Colorado River as a result of heavy rain from thunderstorms.
UT-EO-2022-005,2022-005,Spencer J. Cox,Declaring a State of Emergency Due to Flash Flooding,2022-08-23,https://rules.utah.gov/wp-content/uploads/Utah-Executive-Order-No.-2022-05.pdf,1041733,171600,2022-08-20 19:00:00,2022-08-20 19:00:00,C,county/county-equivalent,37,SAN JUAN,Flash Flood,,,0,0,0.25K,0.00K,Park/Forest Service,"A midlevel Pacific low pressure system undercut the area of high pressure over the Great Basin as it dropped into the Northern Rockies. Monsoon moisture increased across the region with precipitable water values ranging from 125 to 175% of normal across the Four Corners. Clearing conditions the morning of the 20th led to increased instability over southeast Utah which led to some stronger thunderstorms during the late evening hours. The anomalously high moisture values across the area resulted in heavy rain with thunderstorms. Additionally, winds aloft supported the training of thunderstorms. This heavy rainfall led to widespread flash flooding and debris flows across portions of Grand and San Juan counties.",White Rim Road in Canyonlands National Park was washed out at Upheaval Wash as a result of heavy rain from thunderstorms. A vehicle was hanging over the edge of the washed out road.
UT-EO-2022-005,2022-005,Spencer J. Cox,Declaring a State of Emergency Due to Flash Flooding,2022-08-23,https://rules.utah.gov/wp-content/uploads/Utah-Executive-Order-No.-2022-05.pdf,1041734,171600,2022-08-20 19:00:00,2022-08-20 19:00:00,C,county/county-equivalent,37,SAN JUAN,Debris Flow,,,0,0,0.25K,0.00K,Park/Forest Service,"A midlevel Pacific low pressure system undercut the area of high pressure over the Great Basin as it dropped into the Northern Rockies. Monsoon moisture increased across the region with precipitable water values ranging from 125 to 175% of normal across the Four Corners. Clearing conditions the morning of the 20th led to increased instability over southeast Utah which led to some stronger thunderstorms during the late evening hours. The anomalously high moisture values across the area resulted in heavy rain with thunderstorms. Additionally, winds aloft supported the training of thunderstorms. This heavy rainfall led to widespread flash flooding and debris flows across portions of Grand and San Juan counties.",A debris flow occurred as a result of heavy rain from thunderstorms on Shafer Basin Road in Canyonlands National Park.
UT-EO-2022-005,2022-005,Spencer J. Cox,Declaring a State of Emergency Due to Flash Flooding,2022-08-23,https://rules.utah.gov/wp-content/uploads/Utah-Executive-Order-No.-2022-05.pdf,1041741,171601,2022-08-26 15:30:00,2022-08-26 15:30:00,C,county/county-equivalent,37,SAN JUAN,Flash Flood,,,0,0,0.50K,0.00K,Park/Forest Service,Monsoon moisture increased across the Four Corners region as a shortwave disturbance lifted overhead. This led to an uptick in shower and thunderstorm activity. Storms were slow moving and produced heavy rain which led to localized flash flooding in portions of San Juan County.,Portions of the 9-mile scenic loop drive in Natural Bridges National Monument received flash flooding as a result of heavy rain from thunderstorms. The road was closed until debris was cleared the next day.
UT-EO-2022-005,2022-005,Spencer J. Cox,Declaring a State of Emergency Due to Flash Flooding,2022-08-23,https://rules.utah.gov/wp-content/uploads/Utah-Executive-Order-No.-2022-05.pdf,1054470,173842,2022-08-20 18:45:00,2022-08-20 19:45:00,C,county/county-equivalent,53,WASHINGTON,Flash Flood,,,0,0,0.00K,0.00K,Park/Forest Service,Flash flooding in several national parks and severe hail were observed with scattered thunderstorms.,Flash flooding was reported along Pine Creek within Zion National Park.
UT-EO-2022-005,2022-005,Spencer J. Cox,Declaring a State of Emergency Due to Flash Flooding,2022-08-23,https://rules.utah.gov/wp-content/uploads/Utah-Executive-Order-No.-2022-05.pdf,1054480,173842,2022-08-22 17:25:00,2022-08-22 18:25:00,C,county/county-equivalent,53,WASHINGTON,Flash Flood,,,0,0,0.00K,0.00K,Law Enforcement,Flash flooding in several national parks and severe hail were observed with scattered thunderstorms.,Horseman Park Drive from River Road to Little Valley Elementary was closed due to flash flooding.
UT-EO-2022-005,2022-005,Spencer J. Cox,Declaring a State of Emergency Due to Flash Flooding,2022-08-23,https://rules.utah.gov/wp-content/uploads/Utah-Executive-Order-No.-2022-05.pdf,1054512,173862,2022-08-26 19:10:00,2022-08-26 20:10:00,C,county/county-equivalent,53,WASHINGTON,Flash Flood,,,0,0,0.00K,0.00K,Park/Forest Service,A thunderstorm produced flash flooding in a canyon in Zion National Park.,Flash flooding was reported in Isaac Canyon near Court of the Patriarchs.
UT-EO-2022-005,2022-005,Spencer J. Cox,Declaring a State of Emergency Due to Flash Flooding,2022-08-23,https://rules.utah.gov/wp-content/uploads/Utah-Executive-Order-No.-2022-05.pdf,1054428,173842,2022-08-20 15:35:00,2022-08-20 16:35:00,C,county/county-equivalent,55,WAYNE,Flash Flood,,,0,0,0.00K,0.00K,Park/Forest Service,Flash flooding in several national parks and severe hail were observed with scattered thunderstorms.,Grand Wash in Capitol Reef National Park was closed due to flash flooding.
UT-EO-2022-005,2022-005,Spencer J. Cox,Declaring a State of Emergency Due to Flash Flooding,2022-08-23,https://rules.utah.gov/wp-content/uploads/Utah-Executive-Order-No.-2022-05.pdf,1054432,173842,2022-08-20 16:00:00,2022-08-20 17:00:00,C,county/county-equivalent,55,WAYNE,Flash Flood,,,0,0,0.00K,0.00K,Park/Forest Service,Flash flooding in several national parks and severe hail were observed with scattered thunderstorms.,"Flash flooding occurred in Grand Wash in Capitol Reef National Park, with 1-2 feet of water flowing over the road."
UT-EO-2022-005,2022-005,Spencer J. Cox,Declaring a State of Emergency Due to Flash Flooding,2022-08-23,https://rules.utah.gov/wp-content/uploads/Utah-Executive-Order-No.-2022-05.pdf,1054443,173842,2022-08-20 17:00:00,2022-08-20 18:00:00,C,county/county-equivalent,55,WAYNE,Flash Flood,,,0,0,0.00K,0.00K,Public,Flash flooding in several national parks and severe hail were observed with scattered thunderstorms.,A flash flood was observed in Sulphur Creek near Panorama Point in Capitol Reef National Park.
UT-EO-2024-01,2024-01,Spencer J. Cox,Declaring a State of Emergency Due to Flooding,2024-08-23,https://rules.utah.gov/wp-content/uploads/Utah-Executive-Order-No.-2024-01.pdf,1214336,196146,2024-08-25 15:00:00,2024-08-25 18:00:00,C,county/county-equivalent,13,DUCHESNE,Flood,,,0,0,5.00K,0.00K,Department of Highways,There were gusty winds for different parts of Utah and flash flooding in southern Utah.,The Utah Department of Transportation reported a mud flow up to 2 feet deep across U.S. Highway 191 near milepost 288.
UT-EO-2024-01,2024-01,Spencer J. Cox,Declaring a State of Emergency Due to Flooding,2024-08-23,https://rules.utah.gov/wp-content/uploads/Utah-Executive-Order-No.-2024-01.pdf,1213550,196146,2024-08-23 19:00:00,2024-08-23 20:00:00,C,county/county-equivalent,17,GARFIELD,Flash Flood,,,0,0,0.00K,0.00K,River/Stream Gage,There were gusty winds for different parts of Utah and flash flooding in southern Utah.,"The Dirty Devil Above Poison Springs Near Hanksville gauge peaked at 1052 cfs, likely indicative of flash flooding through most of the slot canyons to the north."
UT-EO-2024-01,2024-01,Spencer J. Cox,Declaring a State of Emergency Due to Flooding,2024-08-23,https://rules.utah.gov/wp-content/uploads/Utah-Executive-Order-No.-2024-01.pdf,1208136,195490,2024-08-23 16:30:00,2024-08-23 19:30:00,C,county/county-equivalent,19,GRAND,Flash Flood,,,0,0,0.00K,0.00K,Emergency Manager,"With deep monsoonal moisture in place, as well as around 1000 J/kg of instability and some bulk shear aloft, widespread strong to severe thunderstorms formed across the Four Corners region. This resulted in multiple severe threats in eastern Utah which included large hail and flash flooding due to heavy rainfall rates in excess of 2 inches per hour.",Heavy rain due to thunderstorms over the area resulted in 1.5 to 2 inch per hour rainfall rates with pea size hail mixed in. This resulted in flooding across downtown Moab with 2 feet of water flowing through downtown. Mill Creek saw a rise in water levels which runs through town with water cresting the roadway bridge. Water was also seen running over some driveways.
UT-EO-2024-01,2024-01,Spencer J. Cox,Declaring a State of Emergency Due to Flooding,2024-08-23,https://rules.utah.gov/wp-content/uploads/Utah-Executive-Order-No.-2024-01.pdf,1213576,196146,2024-08-23 16:15:00,2024-08-23 19:00:00,C,county/county-equivalent,25,KANE,Flash Flood,,,0,0,0.00K,0.00K,Trained Spotter,There were gusty winds for different parts of Utah and flash flooding in southern Utah.,A trained spotter reported a large flash flood with water lapping the bottom of the U.S. Highway 89 bridge over the Paria River.
UT-EO-2024-01,2024-01,Spencer J. Cox,Declaring a State of Emergency Due to Flooding,2024-08-23,https://rules.utah.gov/wp-content/uploads/Utah-Executive-Order-No.-2024-01.pdf,1213535,196146,2024-08-22 06:00:00,2024-08-22 08:30:00,C,county/county-equivalent,53,WASHINGTON,Flash Flood,,,0,0,50.00K,0.00K,Park/Forest Service,There were gusty winds for different parts of Utah and flash flooding in southern Utah.,"Snow Canyon State Park reported flash flooding. Campers were displaced from the campsite, multiple waterfalls were observed, and employees had to wait on water to recede at a low water crossing as the flowing water was up to car door handles."
UT-EO-2024-01,2024-01,Spencer J. Cox,Declaring a State of Emergency Due to Flooding,2024-08-23,https://rules.utah.gov/wp-content/uploads/Utah-Executive-Order-No.-2024-01.pdf,1213540,196146,2024-08-22 08:47:00,2024-08-22 13:45:00,C,county/county-equivalent,53,WASHINGTON,Flash Flood,,,0,0,0.00K,0.00K,Park/Forest Service,There were gusty winds for different parts of Utah and flash flooding in southern Utah.,"Zion National Park officials reported multiple waterfalls and high flows in multiple slot canyons in Zion Canyon. The North Fork Virgin River near Springdale gauge indicated a spike from 58 cfs to 251 cfs in five minutes, peaking at 264 cfs. Around this time, Zion National Park rangers reported elevated flows and waterfalls in canyons continued. The  East Fork Virgin near Glendale gauge peaked at 357 cfs, after starting at 47 cfs."
UT-EO-2025-08,2025-08,Spencer J. Cox,Declaring a State of Emergency Due to Fires,2025-07-31,https://rules.utah.gov/wp-content/uploads/Utah-Executive-Order-No.-2025-08.pdf,1291251,206575,2025-08-01 00:00:00,2025-08-31 23:59:00,Z,NWS forecast zone,29,CANYONLANDS / NATURAL BRIDGES,Drought,,,0,0,0.00K,0.00K,Drought Monitor,"The month of August continued where July left off, with overall above normal temperatures and below normal precipitation. In particular, the lower elevations of eastern Utah and western Colorado showed the greatest departures in both temperatures and precipitation. As a result, Extreme (D3) Drought either remained unchanged in coverage, or expanded through the month.","At the beginning of the month of August, the US Drought Monitor analyzed an area of Extreme (D3) Drought covering less than 10% of Utah Zone 029 - Canyonlands and Natural Bridges, mainly across the north. With the 8/20/25 US Drought Monitor update, this area of Extreme (D3) Drought was expanded to now cover roughly 25% of the zone. From the 8/20/25 update through the end of the month, drought conditions remained unchanged."
UT-EO-2025-08,2025-08,Spencer J. Cox,Declaring a State of Emergency Due to Fires,2025-07-31,https://rules.utah.gov/wp-content/uploads/Utah-Executive-Order-No.-2025-08.pdf,1274595,204452,2025-08-02 15:20:00,2025-08-02 15:20:00,Z,NWS forecast zone,103,EASTERN BOX ELDER COUNTY,Strong Wind,35.0,EG,1,0,0.00K,0.00K,Broadcast Media,"Two individuals went out on the water at Willard Bay State Park on an inflatable raft during the afternoon of Saturday, August 2. Outflow winds from thunderstorms near the Utah-Idaho border pushed through Willard Bay. The winds threw two people off an inflatable raft.","Two individuals went out on the water at Willard Bay State Park on an inflatable raft during the afternoon of Saturday, August 2. Outflow winds from thunderstorms near the Utah-Idaho border pushed through Willard Bay area around 4:20 p.m. with wind gusts at nearby weather stations reported to be as high as 25-30 mph with the initial pass of the boundary. Winds remained elevated out of the northwest, with gusts upwards of 25-35 mph around 1.5 hours following the outflow boundary. The two individuals on the raft were reported to have been thrown off the raft when the boundary came through. One person resurfaced while the other did not."
UT-EO-2025-08,2025-08,Spencer J. Cox,Declaring a State of Emergency Due to Fires,2025-07-31,https://rules.utah.gov/wp-content/uploads/Utah-Executive-Order-No.-2025-08.pdf,1284404,205795,2025-07-30 00:00:00,2025-07-31 23:59:00,Z,NWS forecast zone,24,EASTERN UINTA BASIN,Drought,,,0,0,0.00K,0.00K,Drought Monitor,"The month of July saw above normal temperatures and generally below normal precipitation across eastern Utah and western Colorado. What little moisture did manage to move into the region favored the higher terrain, allowing drought conditions across the lower elevations to worsen through the month. A brief period of moisture at the beginning of the month did contribute to brief but significant drought improvements to certain areas, but the continued hot and dry month after this point led to expansion of extant drought conditions and the return of drought to areas where drought had improved significantly.","With hot and dry weather continuing through the month of July, drought conditions worsened across northeast Utah. By the end of the month, areas of Extreme (D3) Drought were analyzed across the eastern Uinta Basin, surrounded by Severe (D2) Drought conditions. No reports of crop damages or failures, or other drought-related impacts were received."
UT-EO-2025-08,2025-08,Spencer J. Cox,Declaring a State of Emergency Due to Fires,2025-07-31,https://rules.utah.gov/wp-content/uploads/Utah-Executive-Order-No.-2025-08.pdf,1291247,206575,2025-08-01 00:00:00,2025-08-31 23:59:00,Z,NWS forecast zone,24,EASTERN UINTA BASIN,Drought,,,0,0,0.00K,0.00K,Drought Monitor,"The month of August continued where July left off, with overall above normal temperatures and below normal precipitation. In particular, the lower elevations of eastern Utah and western Colorado showed the greatest departures in both temperatures and precipitation. As a result, Extreme (D3) Drought either remained unchanged in coverage, or expanded through the month.","At the beginning of the month of August, the US Drought Monitor analyzed an area of Extreme (D3) Drought as covering less than 10% of Utah Zone 024- Eastern Uinta Basin, mainly along the Colorado border. With the 8/20/25 US Drought Monitor update, the area of Extreme (D3) Drought conditions was expanded slightly, but still comprised less than 10% of the zone. Conditions remained unchanged from the 8/20/25 update through the end of the month."
UT-EO-2025-08,2025-08,Spencer J. Cox,Declaring a State of Emergency Due to Fires,2025-07-31,https://rules.utah.gov/wp-content/uploads/Utah-Executive-Order-No.-2025-08.pdf,1284403,205795,2025-07-30 00:00:00,2025-07-31 23:59:00,Z,NWS forecast zone,23,EASTERN UINTA MOUNTAINS,Drought,,,0,0,0.00K,0.00K,Drought Monitor,"The month of July saw above normal temperatures and generally below normal precipitation across eastern Utah and western Colorado. What little moisture did manage to move into the region favored the higher terrain, allowing drought conditions across the lower elevations to worsen through the month. A brief period of moisture at the beginning of the month did contribute to brief but significant drought improvements to certain areas, but the continued hot and dry month after this point led to expansion of extant drought conditions and the return of drought to areas where drought had improved significantly.","With worsening drought conditions through the month of July, Extreme (D3) Drought finally expanded into northeastern Utah for the first time at the end of the month. The area of Extreme (D3) Drought was rather small, and surrounded by Severe (D2) Drought conditions. No reports of damages to crops or other issues related to drought conditions were received."
UT-EO-2025-08,2025-08,Spencer J. Cox,Declaring a State of Emergency Due to Fires,2025-07-31,https://rules.utah.gov/wp-content/uploads/Utah-Executive-Order-No.-2025-08.pdf,1291246,206575,2025-08-01 00:00:00,2025-08-31 23:59:00,Z,NWS forecast zone,23,EASTERN UINTA MOUNTAINS,Drought,,,0,0,0.00K,0.00K,Drought Monitor,"The month of August continued where July left off, with overall above normal temperatures and below normal precipitation. In particular, the lower elevations of eastern Utah and western Colorado showed the greatest departures in both temperatures and precipitation. As a result, Extreme (D3) Drought either remained unchanged in coverage, or expanded through the month.","At the beginning of the month of August, the US Drought Monitor analyzed an area of Extreme (D3) Drought as covering roughly 75% of Utah Zone 023 - Eastern Uinta Mountains. These conditions remained unchanged through the end of the month of August."
UT-EO-2025-08,2025-08,Spencer J. Cox,Declaring a State of Emergency Due to Fires,2025-07-31,https://rules.utah.gov/wp-content/uploads/Utah-Executive-Order-No.-2025-08.pdf,1291249,206575,2025-08-01 00:00:00,2025-08-31 23:59:00,Z,NWS forecast zone,27,GRAND FLAT AND ARCHES,Drought,,,0,0,0.00K,0.00K,Drought Monitor,"The month of August continued where July left off, with overall above normal temperatures and below normal precipitation. In particular, the lower elevations of eastern Utah and western Colorado showed the greatest departures in both temperatures and precipitation. As a result, Extreme (D3) Drought either remained unchanged in coverage, or expanded through the month.","At the beginning of the month of August, the US Drought Monitor analyzed an area of Extreme (D3) Drought conditions that covered roughly 80% of Utah Zone 027 - Grand Flat And Arches. With the 8/20/25 US Drought Monitor update, this area of Extreme (D3) Drought conditions was expanded to now cover roughly 90% of the zone. From the 8/20/25 update through the end of the month, drought conditions remained unchanged."
UT-EO-2025-08,2025-08,Spencer J. Cox,Declaring a State of Emergency Due to Fires,2025-07-31,https://rules.utah.gov/wp-content/uploads/Utah-Executive-Order-No.-2025-08.pdf,1291250,206575,2025-08-01 00:00:00,2025-08-31 23:59:00,Z,NWS forecast zone,28,LA SAL & ABAJO MOUNTAINS,Drought,,,0,0,0.00K,0.00K,Drought Monitor,"The month of August continued where July left off, with overall above normal temperatures and below normal precipitation. In particular, the lower elevations of eastern Utah and western Colorado showed the greatest departures in both temperatures and precipitation. As a result, Extreme (D3) Drought either remained unchanged in coverage, or expanded through the month.","At the beginning of the month of August, the US Drought Monitor analyzed an area of Extreme (D3) Drought conditions as covering roughly 1/3 of Utah Zone 028 - La Sal and Abajo Mountains. With the 8/20/25 US Drought Monitor update, the area of Extreme (D3) Drought was expanded to now cover approximately 40% of the zone. Conditions remained unchanged from the 8/20/25 update through the end of the month."
UT-EO-2025-08,2025-08,Spencer J. Cox,Declaring a State of Emergency Due to Fires,2025-07-31,https://rules.utah.gov/wp-content/uploads/Utah-Executive-Order-No.-2025-08.pdf,1285479,205954,2025-08-01 00:00:00,2025-08-11 16:07:00,Z,NWS forecast zone,28,LA SAL & ABAJO MOUNTAINS,Wildfire,,,0,0,,,Park/Forest Service,"The Deer Creek Fire started in early July due to human causes 1 mile north of Old La Sal, Utah.","The Deer Creek Fire started in early July due to human causes 1 mile north of Old La Sal, Utah. The fire grew to 17,724 acres and spread into portions of west-central Colorado particularly western Montrose county, before it was contained in early August. The estimated cost to date was $24,021,755. 11 private structures, a U.S. Forest Service guard station and communication site were destroyed in the fire shortly after it started. A fire induced tornado rated EF2 also occurred on the Deer Creek Fire on July 12, with wind speeds up to 122 mph."
UT-EO-2025-08,2025-08,Spencer J. Cox,Declaring a State of Emergency Due to Fires,2025-07-31,https://rules.utah.gov/wp-content/uploads/Utah-Executive-Order-No.-2025-08.pdf,1291248,206575,2025-08-01 00:00:00,2025-08-31 23:59:00,Z,NWS forecast zone,25,TAVAPUTS PLATEAU,Drought,,,0,0,0.00K,0.00K,Drought Monitor,"The month of August continued where July left off, with overall above normal temperatures and below normal precipitation. In particular, the lower elevations of eastern Utah and western Colorado showed the greatest departures in both temperatures and precipitation. As a result, Extreme (D3) Drought either remained unchanged in coverage, or expanded through the month.","At the beginning of the month of August, the US Drought Monitor analyzed an area of Extreme (D3) Drought conditions that covered roughly 1/3 of Utah Zone 025 - Tavaputs Plateau, mainly across the far western edge of the zone. With the 8/20/25 US Drought Monitor update, the area of Extreme (D3) Drought conditions was expanded to cover roughly 2/3 of the zone. From the 8/20/25 update through the end of the month, conditions remained unchanged."
UT-EO-2026-01,2026-01,Spencer J. Cox,Declaring a State of Emergency in Certain Counties Due to Crop Loss,2026-05-15,https://rules.utah.gov/wp-content/uploads/Utah-Executive-Order-No.-2026-01.pdf,1336570,213417,2026-05-17 18:00:00,2026-05-18 13:00:00,Z,NWS forecast zone,23,EASTERN UINTA MOUNTAINS,Winter Weather,,,0,0,0.00K,0.00K,SNOTEL,"A low pressure system and potent cold front moved through eastern Utah before lifting northeast across northwest Colorado, bringing widespread valley rain and mountain snow. Light to moderate snow accumulations favored the Eastern Uinta Mountains and La Sal Mountains in eastern Utah as well as the Park Range Mountains in northwest Colorado. Winds were strongest in eastern Utah with gusts above 45 mph.","Generally 9 to 12 inches of snow fell across the area with locally higher amounts up to 15 inches at Hickerson Park. Wind gusts were in the 45 to 55 mph range towards the latter half of the event during the morning of May 18, with a peak wind gust of 59 mph at Windy Point RAWS."
UT-EO-2026-01,2026-01,Spencer J. Cox,Declaring a State of Emergency in Certain Counties Due to Crop Loss,2026-05-15,https://rules.utah.gov/wp-content/uploads/Utah-Executive-Order-No.-2026-01.pdf,1339679,212868,2026-05-13 17:00:00,2026-05-14 00:10:00,Z,NWS forecast zone,101,GREAT SALT LAKE DESERT AND MOUNTAINS,High Wind,59.0,MG,0,0,0.00K,0.00K,Mesonet,"A grazing shortwave trough north of Utah sent a cold front into the region. Ahead of and along this boundary there was enough moisture to result in isolated to scattered convective development, with much of this activity higher based in nature. As a result, numerous strong to severe wind gusts were recorded or reported. Additionally, a period of strong winds downsloping off of terrain was noted in portions of northwest Utah following the passage of the frontal boundary.","Numerous mesonet stations recorded at least one if not a period of downsloping postfrontal winds and gusts in excess of 58 mph, with a peak gust of 68 mph recorded at the I-80 @ mp 1 mesonet station. Other various mesonet stations that included sufficient wind gusts include INTERSTATE 80, WENDOVER PEAK, Wendover Port of Entry, I-80 @ mp 29, and SR-30 @ Curlew."
UT-EO-2026-01,2026-01,Spencer J. Cox,Declaring a State of Emergency in Certain Counties Due to Crop Loss,2026-05-15,https://rules.utah.gov/wp-content/uploads/Utah-Executive-Order-No.-2026-01.pdf,1336571,213417,2026-05-18 01:00:00,2026-05-18 08:00:00,Z,NWS forecast zone,28,LA SAL & ABAJO MOUNTAINS,Winter Weather,,,0,0,0.00K,0.00K,SNOTEL,"A low pressure system and potent cold front moved through eastern Utah before lifting northeast across northwest Colorado, bringing widespread valley rain and mountain snow. Light to moderate snow accumulations favored the Eastern Uinta Mountains and La Sal Mountains in eastern Utah as well as the Park Range Mountains in northwest Colorado. Winds were strongest in eastern Utah with gusts above 45 mph.",Generally 5 to 11 inches of snow fell across the La Sal Mountains with a trace to an inch at the Abajo Mountains. Wind gusts were in the 35 to 45 mph range with a peak wind gust of 46 mph at Abajo Peak.
