eo_number,date_filed,title,url
2026-01,20260107,Windstorm Declaration,../assets/2026 Executive Orders/2026-01.pdf
2026-02,20260113,Rename BIT,../assets/2026 Executive Orders/2026-02.pdf
2026-03,20260115,Future Fund EO,../assets/2026 Executive Orders/2026-03.pdf
2026-04,20260127,Windstorm Disaster Declaration,../assets/2026 Executive Orders/2026-04.PDF
2026-05,20260325,Ziebach County CSDED,../assets/2026 Executive Orders/2026-05.pdf
2026-06,20260413,Fire Disaster Declaration,../assets/2026 Executive Orders/2026-06.pdf
2026-07,20260701,Wind Disaster Declaration,../assets/2026 Executive Orders/2026-07.pdf
2026-08,20260806,Drought Declaration Amended,../assets/2026 Executive Orders/2026-08Amended.pdf
2026-09,20260727,Wind Disaster Declaration,../assets/2026 Executive Orders/2026-09.pdf
2026-10,20260818,Extend Emergency and Wildland Fire,../assets/2026 Executive Orders/2026-10.pdf
2025-01,20250227,Project Prison Reset,../assets/2025 Executive Orders/2025-01.pdf
2025-02,20250321,South Dakota Commission on Child Support,../assets/2025 Executive Orders/2025-02.pdf
2025-03,20250328,Wildland Fire,../assets/2025 Executive Orders/2025-03.pdf
2025-04,20250428,Establishing A Statewide Mandatory Reporting System,../assets/2025 Executive Orders/2025-04.pdf
2025-05,20250515,State of Emergency Declarations - Transportation Exemptions,../assets/2025 Executive Orders/2025-05.pdf
2025-06,20250602,GRIT Task Force,../assets/2025 Executive Orders/2025-06.pdf
2025-07,20250923,Correctional Rehabilitation Task Force,../assets/2025 Executive Orders/2025-07.pdf
2025-08,20251008,Rescind Obsolete Executive Orders,../assets/2025 Executive Orders/2025-08.PDF
2025-09,20251027,State of Emergency Declarations - Transportation Exemptions,../assets/2025 Executive Orders/2025-09.pdf
2024-01,20240109,Bureau of Human Resources and Administration Reorganization,https://sdsos.gov/general-information/executive-actions/executive-orders/assets/2024 Executive Orders/2024-01.PDF
2024-02,20240112,State of Emergency - Transportation Exemptions,https://sdsos.gov/general-information/executive-actions/executive-orders/assets/2024 Executive Orders/2024-02.PDF
2024-03,20240502,Hazard Mitigation,https://sdsos.gov/general-information/executive-actions/executive-orders/assets/2024 Executive Orders/2024-03.pdf
2024-04,20240622,State of Emergency - Flood Relief,../assets/2024 Executive Orders/2024-04.PDF
2024-05,20240624,Flood Relief Motor Carrier Hours,../assets/2024 Executive Orders/2024-05.PDF
2024-06,20240726,Disaster Declaration,../assets/2024 Executive Orders/2024-06.pdf
2024-07,20241125,Public Service and Integrity Training,../assets/2024 Executive Orders/2024-07.pdf
2023-01,20230119,State of Emergency Declaration - Transportation Exemptions,https://sdsos.gov/general-information/executive-actions/executive-orders/assets/2023_Executive_Orders/2023-01.PDF
2023-02,20230120,Emergency Cybersecurity Declaration,https://sdsos.gov/general-information/executive-actions/executive-orders/assets/2023_Executive_Orders/2023-02.PDF
2023-03,20230209,Emergency Disaster Declaration,https://sdsos.gov/general-information/executive-actions/executive-orders/assets/2023_Executive_Orders/2023-03.PDF
2023-04,20230418,The Protection of South Dakotan's Second Amendment Rights,https://sdsos.gov/general-information/executive-actions/executive-orders/assets/2023_Executive_Orders/2023-04.PDF
2023-05,20230424,State Work Force Opportunities,https://sdsos.gov/general-information/executive-actions/executive-orders/assets/2023_Executive_Orders/2023-05.PDF
2023-06,20230504,Banning Tencent for State Government,https://sdsos.gov/general-information/executive-actions/executive-orders/assets/2023_Executive_Orders/2023-06.PDF
2023-07,20230511,Medication Shortage,https://sdsos.gov/general-information/executive-actions/executive-orders/assets/2023_Executive_Orders/2023-07.PDF
2023-08,20230602,Emergency Disaster Declaration,https://sdsos.gov/general-information/executive-actions/executive-orders/assets/2023_Executive_Orders/2023-08.PDF
2023-09,20230610,State of Emergency Declaration - Transportation Exemptions,https://sdsos.gov/general-information/executive-actions/executive-orders/assets/2023_Executive_Orders/2023-09.PDF
2023-10,20230629,Rescinding of Executive Orders 2004-08 and 2023-02,https://sdsos.gov/general-information/executive-actions/executive-orders/assets/2023_Executive_Orders/2023-10.PDF
2023-11,20230706,America 250th South Dakota Commission,https://sdsos.gov/general-information/executive-actions/executive-orders/assets/2023_Executive_Orders/2023-11.PDF
2023-12,20230808,Emergency Disaster Declaration,https://sdsos.gov/general-information/executive-actions/executive-orders/assets/2023_Executive_Orders/2023-12.PDF
2023-13,20230810,"Article 3, Section 12 of the South Dakota Constitution",https://sdsos.gov/general-information/executive-actions/executive-orders/assets/2023_Executive_Orders/2023-13.PDF
2023-14,20230906,Emergency Disaster Declaration - Flood Relief,https://sdsos.gov/general-information/executive-actions/executive-orders/assets/2023_Executive_Orders/2023-14.PDF
2022-01,20220207,Corson Co. Alignment with Central SD Enhancement District,https://sdsos.gov/general-information/executive-actions/executive-orders/assets/2022-01.PDF
2022-02,20220405,Restricting CRT in DOE Policies,https://sdsos.gov/general-information/executive-actions/executive-orders/assets/2022-02.PDF
2022-03,20220513,State of Emergency Declaration,https://sdsos.gov/general-information/executive-actions/executive-orders/assets/2022-03.PDF
2022-04,20220523,Operation of Farming Vehicles on State Trunk Highway System During Emergency,https://sdsos.gov/general-information/executive-actions/executive-orders/assets/2022-04.PDF
2022-05,20220523,Reaffirmation of Continuation of South Dakota State Council for Interstate Adult Offender Supervision,https://sdsos.gov/general-information/executive-actions/executive-orders/assets/2022-05.PDF
2022-06,20220610,Emergency Disaster Declaration,https://sdsos.gov/general-information/executive-actions/executive-orders/assets/2022-06.PDF
2022-07,20220630,"Rescinding of Executive Orders 2021-05, 2021-06, and 2021-07",https://sdsos.gov/general-information/executive-actions/executive-orders/assets/2022-07.PDF
2022-08,20220714,Emergency Disaster Declaration,https://sdsos.gov/general-information/executive-actions/executive-orders/assets/2022-08.PDF
2022-09,20221026,State of Emergency - Transportation Exemptions,https://sdsos.gov/general-information/executive-actions/executive-orders/assets/2022-09.PDF
2022-10,20221129,Prohibition of the Use of TikTok Application on Government-Issued Devices,https://sdsos.gov/general-information/executive-actions/executive-orders/assets/2022-10.PDF
2022-11,20221216,Emergency Disaster Declaration,https://sdsos.gov/general-information/executive-actions/executive-orders/assets/2022-11.PDF
2022-12,20221222,Emergency Disaster Declaration,https://sdsos.gov/general-information/executive-actions/executive-orders/assets/2022-12.PDF
2021-01,20210107,COVID 19: Emergency Planning Committee Suspension,https://sdsos.gov/general-information/executive-actions/executive-orders/assets/2021-01.PDF
2021-02,20210108,Ratification of Amendment A Litigation,https://sdsos.gov/general-information/executive-actions/executive-orders/assets/2021-02 - .PDF
2021-03,20210119,Executive Reorganization Order 2021-03,https://sdsos.gov/general-information/executive-actions/executive-orders/assets/2021-03.PDF
2021-04,20210205,Waiver of Certain DPS Requirements & COVID-19 Vaccines,https://sdsos.gov/general-information/executive-actions/executive-orders/assets/2021-04.PDF
2021-05,20210329,Protecting Girls' Sports in High School,https://sdsos.gov/general-information/executive-actions/executive-orders/assets/2021-05.PDF
2021-06,20210329,Protecting Women's Sports in College,https://sdsos.gov/general-information/executive-actions/executive-orders/assets/2021-06.PDF
2021-07,20210330,State of Emergency - Fire,https://sdsos.gov/general-information/executive-actions/executive-orders/assets/2021-07.PDF
2021-08,20210420,Prohibition of Vaccine Passports,https://sdsos.gov/general-information/executive-actions/executive-orders/assets/2021-08.PDF
2021-09,20210629,Drought Emergency - Haying,https://sdsos.gov/general-information/executive-actions/executive-orders/assets/2021-09.PDF
2021-10,20210717,Trucking Restrictions,https://sdsos.gov/general-information/executive-actions/executive-orders/assets/2021-10.PDF
2021-11,20210729,History/Civics Federal Grant Directive,https://sdsos.gov/general-information/executive-actions/executive-orders/assets/2021-11.PDF
2021-12,20210907,Serious Health Complications From Abortion-Inducing Drugs,https://sdsos.gov/general-information/executive-actions/executive-orders/assets/2021-12.PDF
2021-13,20210914,Drought Emergency,https://sdsos.gov/general-information/executive-actions/executive-orders/assets/2021-13.PDF
2021-14,20211027,COVID 19: Vaccination Exceptions for State Employees,https://sdsos.gov/general-information/executive-actions/executive-orders/assets/2021-14.PDF
2021-15,20211201,Drought Emergency - Livestock Feed Transportation,https://sdsos.gov/general-information/executive-actions/executive-orders/assets/2021-15.PDF
2021-16,20211230,Executive Order Review/Modifications,https://sdsos.gov/general-information/executive-actions/executive-orders/assets/2021-16.pdf
2020-01,20200114,State Contract Requirements Relating to Anti-BDS Movement,https://sdsos.gov/general-information/executive-actions/executive-orders/assets/2020-01.PDF
2020-02,20200213,Administratively Closed,https://sdsos.gov/general-information/executive-actions/executive-orders/assets/2020-02.PDF
2020-03,20200309,Child Support Commission,https://sdsos.gov/general-information/executive-actions/executive-orders/assets/2020-03.PDF
2020-04,20200313,COVID-19: State of Emergency,https://sdsos.gov/general-information/executive-actions/executive-orders/assets/2020-04.PDF
2020-05,20200313,COVID-19: State Employees,https://sdsos.gov/general-information/executive-actions/executive-orders/assets/2020-05.PDF
2020-06,20200319,COVID-19: Extending EO 2020-05,https://sdsos.gov/general-information/executive-actions/executive-orders/assets/2020-06.PDF
2020-07,20200323,COVID-19: Medical Assistance,https://sdsos.gov/general-information/executive-actions/executive-orders/assets/2020-07.PDF
2020-08,20200323,"COVID-19: Personal, Business, and Healthcare Precautions",https://sdsos.gov/general-information/executive-actions/executive-orders/assets/2020-08.PDF
2020-09,20200324,COVID-19: Extending EO 2020-06,https://sdsos.gov/general-information/executive-actions/executive-orders/assets/2020-09.PDF
2020-10,20200326,COVID-19: Temporary Suspensions,https://sdsos.gov/general-information/executive-actions/executive-orders/assets/2020-10.PDF
2020-11,20200402,COVID-19: Statewide Disaster Declaration,https://sdsos.gov/general-information/executive-actions/executive-orders/assets/2020-11.PDF
2020-12,20200406,COVID-19: Extending EO 2020-08,https://sdsos.gov/general-information/executive-actions/executive-orders/assets/2020-12.PDF
2020-13,20200406,COVID-19: Minnehaha & Lincoln Counties,https://sdsos.gov/general-information/executive-actions/executive-orders/assets/2020-13.PDF
2020-14,20200407,COVID-19: Teacher Evaluations/Public Meeting Physical Locations/Sanctions for Parole Violations,https://sdsos.gov/general-information/executive-actions/executive-orders/assets/2020-14.PDF
2020-15,20200409,COVID-19: State of Emergency Continuation,https://sdsos.gov/general-information/executive-actions/executive-orders/assets/2020-15.PDF
2020-16,20200415,COVID-19: Regulatory Requirements,https://sdsos.gov/general-information/executive-actions/executive-orders/assets/2020-16.PDF
2020-17,20200420,COVID-19: Pork Operations,https://sdsos.gov/general-information/executive-actions/executive-orders/assets/2020-17.PDF
2020-18,20200424,COVID-19: Extension and Restatement of EO 2020-13,https://sdsos.gov/general-information/executive-actions/executive-orders/assets/2020-18.PDF
2020-19,20200424,COVID-19: Regulatory Requirements,https://sdsos.gov/general-information/executive-actions/executive-orders/assets/2020-19.PDF
2020-20,20200428,COVID-19: Back to Normal Plan/Rescind EO 2020-12,https://sdsos.gov/general-information/executive-actions/executive-orders/assets/2020-20.PDF
2020-21,20200430,COVID-19: Temporary Suspensions,https://sdsos.gov/general-information/executive-actions/executive-orders/assets/2020-21.PDF
2020-22,20200501,COVID-19: Reopening of State Government,https://sdsos.gov/general-information/executive-actions/executive-orders/assets/2020-22.PDF
2020-23,20200511,COVID-19: Alcoholic Beverage License and Deadwood,https://sdsos.gov/general-information/executive-actions/executive-orders/assets/2020-23.PDF
2020-24,20200518,COVID-19: Hospital / Funeral Regulations,https://sdsos.gov/general-information/executive-actions/executive-orders/assets/2020-24.PDF
2020-25,20200526,COVID-19: Licensing,https://sdsos.gov/general-information/executive-actions/executive-orders/assets/2020-25.PDF
2020-26,20200526,COVID-19: State of Emergency Extension,https://sdsos.gov/general-information/executive-actions/executive-orders/assets/2020-26.PDF
2020-27,20200528,Day County Emergency Declaration,https://sdsos.gov/general-information/executive-actions/executive-orders/assets/2020-27.PDF
2020-28,20200626,COVID-19: Temporary Suspension of Instruction Permits & Restricted Minor's Permit Regulations,https://sdsos.gov/general-information/executive-actions/executive-orders/assets/2020-28.PDF
2020-29,20200626,South Dakota Commission on Child Support,https://sdsos.gov/general-information/executive-actions/executive-orders/assets/2020-29.PDF
2020-30,20200706,COVID-19: Rescind EO 2020-26,https://sdsos.gov/general-information/executive-actions/executive-orders/assets/2020-30.PDF
2020-31,20200821,COVID-19: Opportunity Scholarship Eligibility,https://sdsos.gov/general-information/executive-actions/executive-orders/assets/2020-31.PDF
2020-32,20200901,2020 Census,https://sdsos.gov/general-information/executive-actions/executive-orders/assets/2020-32.PDF
2020-33,20201209,COVID-19: Extensions,https://sdsos.gov/general-information/executive-actions/executive-orders/assets/2020-33.PDF
2020-34,20201218,COVID-19: Extensions,https://sdsos.gov/general-information/executive-actions/executive-orders/assets/2020-34 - .PDF
