source_order_id,target_order_id,relationship_type,relationship_text,relationship_source,confidence
NY-KATHYHOCHUL-EO-57.1,NY-KATHYHOCHUL-EO-57,extends_duration,Decimal-series child of Executive Order 57,decimal_series,high
NY-KATHYHOCHUL-EO-56.10,NY-KATHYHOCHUL-EO-56,extends_duration,Decimal-series child of Executive Order 56,decimal_series,high
NY-KATHYHOCHUL-EO-56.9,NY-KATHYHOCHUL-EO-56,extends_duration,Decimal-series child of Executive Order 56,decimal_series,high
NY-KATHYHOCHUL-EO-56.8,NY-KATHYHOCHUL-EO-56,extends_duration,Decimal-series child of Executive Order 56,decimal_series,high
NY-KATHYHOCHUL-EO-56.7,NY-KATHYHOCHUL-EO-56,extends_duration,Decimal-series child of Executive Order 56,decimal_series,high
NY-KATHYHOCHUL-EO-56.6,NY-KATHYHOCHUL-EO-56,extends_duration,Decimal-series child of Executive Order 56,decimal_series,high
NY-KATHYHOCHUL-EO-56.5,NY-KATHYHOCHUL-EO-56,extends_duration,Decimal-series child of Executive Order 56,decimal_series,high
NY-KATHYHOCHUL-EO-56.4,NY-KATHYHOCHUL-EO-56,extends_duration,Decimal-series child of Executive Order 56,decimal_series,high
NY-KATHYHOCHUL-EO-56.3,NY-KATHYHOCHUL-EO-56,extends_duration,Decimal-series child of Executive Order 56,decimal_series,high
NY-KATHYHOCHUL-EO-56.2,NY-KATHYHOCHUL-EO-56,extends_duration,Decimal-series child of Executive Order 56,decimal_series,high
NY-KATHYHOCHUL-EO-56.1,NY-KATHYHOCHUL-EO-56,amends,Decimal-series child of Executive Order 56,decimal_series,high
NY-KATHYHOCHUL-EO-55.1,NY-KATHYHOCHUL-EO-55,extends_duration,Decimal-series child of Executive Order 55,decimal_series,high
NY-KATHYHOCHUL-EO-52.8,NY-KATHYHOCHUL-EO-52,extends_duration,Decimal-series child of Executive Order 52,decimal_series,high
NY-KATHYHOCHUL-EO-52.7,NY-KATHYHOCHUL-EO-52,extends_duration,Decimal-series child of Executive Order 52,decimal_series,high
NY-KATHYHOCHUL-EO-52.6,NY-KATHYHOCHUL-EO-52,extends_duration,Decimal-series child of Executive Order 52,decimal_series,high
NY-KATHYHOCHUL-EO-52.5,NY-KATHYHOCHUL-EO-52,extends_duration,Decimal-series child of Executive Order 52,decimal_series,high
NY-KATHYHOCHUL-EO-52.4,NY-KATHYHOCHUL-EO-52,extends_duration,Extending Executive Order No. 52,metadata,medium
NY-KATHYHOCHUL-EO-52.3,NY-KATHYHOCHUL-EO-52,extends_duration,Extends Executive Order No. 52,metadata,medium
NY-KATHYHOCHUL-EO-52.2,NY-KATHYHOCHUL-EO-52,extends_duration,Extending Executive Order No. 52,metadata,medium
NY-KATHYHOCHUL-EO-52.1,NY-KATHYHOCHUL-EO-52,extends_duration,Decimal-series child of Executive Order 52,decimal_series,high
NY-KATHYHOCHUL-EO-47.21,NY-KATHYHOCHUL-EO-47,extends_duration,Decimal-series child of Executive Order 47,decimal_series,high
NY-KATHYHOCHUL-EO-47.20,NY-KATHYHOCHUL-EO-47,extends_duration,Decimal-series child of Executive Order 47,decimal_series,high
NY-KATHYHOCHUL-EO-47.19,NY-KATHYHOCHUL-EO-47,extends_duration,Decimal-series child of Executive Order 47,decimal_series,high
NY-KATHYHOCHUL-EO-47.18,NY-KATHYHOCHUL-EO-47,extends_duration,Decimal-series child of Executive Order 47,decimal_series,high
NY-KATHYHOCHUL-EO-47.17,NY-KATHYHOCHUL-EO-47,extends_duration,Decimal-series child of Executive Order 47,decimal_series,high
NY-KATHYHOCHUL-EO-47.16,NY-KATHYHOCHUL-EO-47,extends_duration,Decimal-series child of Executive Order 47,decimal_series,high
NY-KATHYHOCHUL-EO-47.15,NY-KATHYHOCHUL-EO-47,extends_duration,Decimal-series child of Executive Order 47,decimal_series,high
NY-KATHYHOCHUL-EO-47.14,NY-KATHYHOCHUL-EO-47,extends_duration,Decimal-series child of Executive Order 47,decimal_series,high
NY-KATHYHOCHUL-EO-47.13,NY-KATHYHOCHUL-EO-47,extends_duration,Decimal-series child of Executive Order 47,decimal_series,high
NY-KATHYHOCHUL-EO-47.12,NY-KATHYHOCHUL-EO-47,extends_duration,Decimal-series child of Executive Order 47,decimal_series,high
NY-KATHYHOCHUL-EO-47.11,NY-KATHYHOCHUL-EO-47,extends_duration,Decimal-series child of Executive Order 47,decimal_series,high
NY-KATHYHOCHUL-EO-47.10,NY-KATHYHOCHUL-EO-47,extends_duration,Decimal-series child of Executive Order 47,decimal_series,high
NY-KATHYHOCHUL-EO-47.9,NY-KATHYHOCHUL-EO-47,extends_duration,Decimal-series child of Executive Order 47,decimal_series,high
NY-KATHYHOCHUL-EO-47.8,NY-KATHYHOCHUL-EO-47,extends_duration,Decimal-series child of Executive Order 47,decimal_series,high
NY-KATHYHOCHUL-EO-47.7,NY-KATHYHOCHUL-EO-47,extends_duration,Decimal-series child of Executive Order 47,decimal_series,high
NY-KATHYHOCHUL-EO-47.6,NY-KATHYHOCHUL-EO-47,extends_duration,Decimal-series child of Executive Order 47,decimal_series,high
NY-KATHYHOCHUL-EO-47.5,NY-KATHYHOCHUL-EO-47,extends_duration,Decimal-series child of Executive Order 47,decimal_series,high
NY-KATHYHOCHUL-EO-47.4,NY-KATHYHOCHUL-EO-47,extends_duration,Decimal-series child of Executive Order 47,decimal_series,high
NY-KATHYHOCHUL-EO-47.3,NY-KATHYHOCHUL-EO-47,extends_duration,Decimal-series child of Executive Order 47,decimal_series,high
NY-KATHYHOCHUL-EO-47.2,NY-KATHYHOCHUL-EO-47,extends_duration,Decimal-series child of Executive Order 47,decimal_series,high
NY-KATHYHOCHUL-EO-47.1,NY-KATHYHOCHUL-EO-47,amends,amend Executive Order 47,document_text,medium
NY-KATHYHOCHUL-EO-47.1,NY-KATHYHOCHUL-EO-47,extends_duration,Decimal-series child of Executive Order 47,decimal_series,high
NY-KATHYHOCHUL-EO-39.1,NY-KATHYHOCHUL-EO-39,extends_duration,Decimal-series child of Executive Order 39,decimal_series,high
NY-KATHYHOCHUL-EO-38.8,NY-KATHYHOCHUL-EO-38,extends_duration,Decimal-series child of Executive Order 38,decimal_series,high
NY-KATHYHOCHUL-EO-38.7,NY-KATHYHOCHUL-EO-38,extends_duration,Decimal-series child of Executive Order 38,decimal_series,high
NY-KATHYHOCHUL-EO-38.6,NY-KATHYHOCHUL-EO-38,extends_duration,Decimal-series child of Executive Order 38,decimal_series,high
NY-KATHYHOCHUL-EO-38.5,NY-KATHYHOCHUL-EO-38,extends_duration,Decimal-series child of Executive Order 38,decimal_series,high
NY-KATHYHOCHUL-EO-38.4,NY-KATHYHOCHUL-EO-38,extends_duration,Decimal-series child of Executive Order 38,decimal_series,high
NY-KATHYHOCHUL-EO-38.3,NY-KATHYHOCHUL-EO-38,extends_duration,Decimal-series child of Executive Order 38,decimal_series,high
NY-KATHYHOCHUL-EO-38.2,NY-KATHYHOCHUL-EO-38,extends_duration,Decimal-series child of Executive Order 38,decimal_series,high
NY-KATHYHOCHUL-EO-38.1,NY-KATHYHOCHUL-EO-38,extends_duration,Decimal-series child of Executive Order 38,decimal_series,high
NY-KATHYHOCHUL-EO-37.3,NY-KATHYHOCHUL-EO-37,extends_duration,Extending Executive Order 37,metadata,medium
NY-KATHYHOCHUL-EO-37.2,NY-KATHYHOCHUL-EO-37,extends_duration,Extending Executive Order 37,metadata,medium
NY-KATHYHOCHUL-EO-37.1,NY-KATHYHOCHUL-EO-37,extends_duration,Extending Executive Order 37,metadata,medium
NY-KATHYHOCHUL-EO-36.1,NY-KATHYHOCHUL-EO-36,amends,amend Executive Order 36,document_text,medium
NY-KATHYHOCHUL-EO-36.1,NY-KATHYHOCHUL-EO-36,extends_duration,Decimal-series child of Executive Order 36,decimal_series,high
NY-KATHYHOCHUL-EO-29.1,NY-KATHYHOCHUL-EO-29,extends_duration,Decimal-series child of Executive Order 29,decimal_series,high
NY-KATHYHOCHUL-EO-28.25,NY-KATHYHOCHUL-EO-28,extends_duration,Decimal-series child of Executive Order 28,decimal_series,high
NY-KATHYHOCHUL-EO-28.24,NY-KATHYHOCHUL-EO-28,extends_duration,Decimal-series child of Executive Order 28,decimal_series,high
NY-KATHYHOCHUL-EO-28.23,NY-KATHYHOCHUL-EO-28,extends_duration,Decimal-series child of Executive Order 28,decimal_series,high
NY-KATHYHOCHUL-EO-28.22,NY-KATHYHOCHUL-EO-28,extends_duration,Decimal-series child of Executive Order 28,decimal_series,high
NY-KATHYHOCHUL-EO-28.21,NY-KATHYHOCHUL-EO-28,extends_duration,Decimal-series child of Executive Order 28,decimal_series,high
NY-KATHYHOCHUL-EO-28.20,NY-KATHYHOCHUL-EO-28,extends_duration,Decimal-series child of Executive Order 28,decimal_series,high
NY-KATHYHOCHUL-EO-28.19,NY-KATHYHOCHUL-EO-28,extends_duration,Decimal-series child of Executive Order 28,decimal_series,high
NY-KATHYHOCHUL-EO-28.18,NY-KATHYHOCHUL-EO-28,extends_duration,Decimal-series child of Executive Order 28,decimal_series,high
NY-KATHYHOCHUL-EO-28.17,NY-KATHYHOCHUL-EO-28,extends_duration,Decimal-series child of Executive Order 28,decimal_series,high
NY-KATHYHOCHUL-EO-28.16,NY-KATHYHOCHUL-EO-28,extends_duration,Decimal-series child of Executive Order 28,decimal_series,high
NY-KATHYHOCHUL-EO-28.15,NY-KATHYHOCHUL-EO-28,extends_duration,Decimal-series child of Executive Order 28,decimal_series,high
NY-KATHYHOCHUL-EO-28.14,NY-KATHYHOCHUL-EO-28,extends_duration,Decimal-series child of Executive Order 28,decimal_series,high
NY-KATHYHOCHUL-EO-28.13,NY-KATHYHOCHUL-EO-28,extends_duration,Decimal-series child of Executive Order 28,decimal_series,high
NY-KATHYHOCHUL-EO-28.12,NY-KATHYHOCHUL-EO-28,extends_duration,Decimal-series child of Executive Order 28,decimal_series,high
NY-KATHYHOCHUL-EO-28.11,NY-KATHYHOCHUL-EO-28,extends_duration,Decimal-series child of Executive Order 28,decimal_series,high
NY-KATHYHOCHUL-EO-28.10,NY-KATHYHOCHUL-EO-28,extends_duration,Decimal-series child of Executive Order 28,decimal_series,high
NY-KATHYHOCHUL-EO-28.9,NY-KATHYHOCHUL-EO-28,extends_duration,Decimal-series child of Executive Order 28,decimal_series,high
NY-KATHYHOCHUL-EO-28.8,NY-KATHYHOCHUL-EO-28,extends_duration,Decimal-series child of Executive Order 28,decimal_series,high
NY-KATHYHOCHUL-EO-28.7,NY-KATHYHOCHUL-EO-28,extends_duration,Decimal-series child of Executive Order 28,decimal_series,high
NY-KATHYHOCHUL-EO-28.6,NY-KATHYHOCHUL-EO-28,extends_duration,Decimal-series child of Executive Order 28,decimal_series,high
NY-KATHYHOCHUL-EO-28.5,NY-KATHYHOCHUL-EO-28,extends_duration,Decimal-series child of Executive Order 28,decimal_series,high
NY-KATHYHOCHUL-EO-28.4,NY-KATHYHOCHUL-EO-28,extends_duration,Decimal-series child of Executive Order 28,decimal_series,high
NY-KATHYHOCHUL-EO-28.3,NY-KATHYHOCHUL-EO-28,extends_duration,Decimal-series child of Executive Order 28,decimal_series,high
NY-KATHYHOCHUL-EO-28.2,NY-KATHYHOCHUL-EO-28,extends_duration,Decimal-series child of Executive Order 28,decimal_series,high
NY-KATHYHOCHUL-EO-28.1,NY-KATHYHOCHUL-EO-28,extends_duration,Decimal-series child of Executive Order 28,decimal_series,high
NY-KATHYHOCHUL-EO-26.2,NY-KATHYHOCHUL-EO-26,amends,Decimal-series child of Executive Order 26,decimal_series,high
NY-KATHYHOCHUL-EO-26.1,NY-KATHYHOCHUL-EO-26,amends,Decimal-series child of Executive Order 26,decimal_series,high
NY-KATHYHOCHUL-EO-21.2,NY-KATHYHOCHUL-EO-21,extends_duration,Decimal-series child of Executive Order 21,decimal_series,high
NY-KATHYHOCHUL-EO-21.1,NY-KATHYHOCHUL-EO-21,extends_duration,Decimal-series child of Executive Order 21,decimal_series,high
NY-KATHYHOCHUL-EO-20.2,NY-KATHYHOCHUL-EO-20,extends_duration,Decimal-series child of Executive Order 20,decimal_series,high
NY-KATHYHOCHUL-EO-20.1,NY-KATHYHOCHUL-EO-20,extends_duration,Decimal-series child of Executive Order 20,decimal_series,high
NY-KATHYHOCHUL-EO-11.9,NY-KATHYHOCHUL-EO-11,extends_duration,Decimal-series child of Executive Order 11,decimal_series,high
NY-KATHYHOCHUL-EO-11.8,NY-KATHYHOCHUL-EO-11,amends,Decimal-series child of Executive Order 11,decimal_series,high
NY-KATHYHOCHUL-EO-11.7,NY-KATHYHOCHUL-EO-11,amends,Decimal-series child of Executive Order 11,decimal_series,high
NY-KATHYHOCHUL-EO-11.6,NY-KATHYHOCHUL-EO-11,amends,Decimal-series child of Executive Order 11,decimal_series,high
NY-KATHYHOCHUL-EO-11.5,NY-KATHYHOCHUL-EO-11,amends,Decimal-series child of Executive Order 11,decimal_series,high
NY-KATHYHOCHUL-EO-11.4,NY-KATHYHOCHUL-EO-11,amends,Decimal-series child of Executive Order 11,decimal_series,high
NY-KATHYHOCHUL-EO-11.3,NY-KATHYHOCHUL-EO-11,amends,Decimal-series child of Executive Order 11,decimal_series,high
NY-KATHYHOCHUL-EO-11.2,NY-KATHYHOCHUL-EO-11,extends_duration,Decimal-series child of Executive Order 11,decimal_series,high
NY-KATHYHOCHUL-EO-11.1,NY-KATHYHOCHUL-EO-11,extends_duration,Decimal-series child of Executive Order 11,decimal_series,high
NY-KATHYHOCHUL-EO-10,NY-KATHYHOCHUL-EO-3,terminates,revoke Executive Order 3,document_text,medium
NY-KATHYHOCHUL-EO-6.1,NY-KATHYHOCHUL-EO-6,extends_duration,Decimal-series child of Executive Order 6,decimal_series,high
NY-KATHYHOCHUL-EO-5.21,NY-KATHYHOCHUL-EO-5,extends_duration,Decimal-series child of Executive Order 5,decimal_series,high
NY-KATHYHOCHUL-EO-5.20,NY-KATHYHOCHUL-EO-5,extends_duration,Decimal-series child of Executive Order 5,decimal_series,high
NY-KATHYHOCHUL-EO-5.19,NY-KATHYHOCHUL-EO-5,extends_duration,Decimal-series child of Executive Order 5,decimal_series,high
NY-KATHYHOCHUL-EO-5.18,NY-KATHYHOCHUL-EO-5,extends_duration,Decimal-series child of Executive Order 5,decimal_series,high
NY-KATHYHOCHUL-EO-5.17,NY-KATHYHOCHUL-EO-5,extends_duration,Decimal-series child of Executive Order 5,decimal_series,high
NY-KATHYHOCHUL-EO-5.16,NY-KATHYHOCHUL-EO-5,extends_duration,Decimal-series child of Executive Order 5,decimal_series,high
NY-KATHYHOCHUL-EO-5.15,NY-KATHYHOCHUL-EO-5,extends_duration,Decimal-series child of Executive Order 5,decimal_series,high
NY-KATHYHOCHUL-EO-5.14,NY-KATHYHOCHUL-EO-5,extends_duration,Decimal-series child of Executive Order 5,decimal_series,high
NY-KATHYHOCHUL-EO-5.13,NY-KATHYHOCHUL-EO-5,extends_duration,Decimal-series child of Executive Order 5,decimal_series,high
NY-KATHYHOCHUL-EO-5.12,NY-KATHYHOCHUL-EO-5,extends_duration,Decimal-series child of Executive Order 5,decimal_series,high
NY-KATHYHOCHUL-EO-5.11,NY-KATHYHOCHUL-EO-5,extends_duration,Decimal-series child of Executive Order 5,decimal_series,high
NY-KATHYHOCHUL-EO-5.10,NY-KATHYHOCHUL-EO-5,extends_duration,Decimal-series child of Executive Order 5,decimal_series,high
NY-KATHYHOCHUL-EO-5.9,NY-KATHYHOCHUL-EO-5,extends_duration,Decimal-series child of Executive Order 5,decimal_series,high
NY-KATHYHOCHUL-EO-5.8,NY-KATHYHOCHUL-EO-5,extends_duration,Decimal-series child of Executive Order 5,decimal_series,high
NY-KATHYHOCHUL-EO-5.7,NY-KATHYHOCHUL-EO-5,extends_duration,Decimal-series child of Executive Order 5,decimal_series,high
NY-KATHYHOCHUL-EO-5.6,NY-KATHYHOCHUL-EO-5,extends_duration,Decimal-series child of Executive Order 5,decimal_series,high
NY-KATHYHOCHUL-EO-5.5,NY-KATHYHOCHUL-EO-5,extends_duration,Decimal-series child of Executive Order 5,decimal_series,high
NY-KATHYHOCHUL-EO-5.4,NY-KATHYHOCHUL-EO-5,extends_duration,Decimal-series child of Executive Order 5,decimal_series,high
NY-KATHYHOCHUL-EO-5.3,NY-KATHYHOCHUL-EO-5,extends_duration,Decimal-series child of Executive Order 5,decimal_series,high
NY-KATHYHOCHUL-EO-5.2,NY-KATHYHOCHUL-EO-5,extends_duration,Decimal-series child of Executive Order 5,decimal_series,high
NY-KATHYHOCHUL-EO-5.1,NY-KATHYHOCHUL-EO-5,extends_duration,Decimal-series child of Executive Order 5,decimal_series,high
NY-KATHYHOCHUL-EO-4.22,NY-KATHYHOCHUL-EO-4,extends_duration,Decimal-series child of Executive Order 4,decimal_series,high
NY-KATHYHOCHUL-EO-4.21,NY-KATHYHOCHUL-EO-4,extends_duration,Decimal-series child of Executive Order 4,decimal_series,high
NY-KATHYHOCHUL-EO-4.20,NY-KATHYHOCHUL-EO-4,extends_duration,Decimal-series child of Executive Order 4,decimal_series,high
NY-KATHYHOCHUL-EO-4.19,NY-KATHYHOCHUL-EO-4,extends_duration,Decimal-series child of Executive Order 4,decimal_series,high
NY-KATHYHOCHUL-EO-4.18,NY-KATHYHOCHUL-EO-4,extends_duration,Decimal-series child of Executive Order 4,decimal_series,high
NY-KATHYHOCHUL-EO-4.17,NY-KATHYHOCHUL-EO-4,extends_duration,Decimal-series child of Executive Order 4,decimal_series,high
NY-KATHYHOCHUL-EO-4.16,NY-KATHYHOCHUL-EO-4,extends_duration,Decimal-series child of Executive Order 4,decimal_series,high
NY-KATHYHOCHUL-EO-4.15,NY-KATHYHOCHUL-EO-4,extends_duration,Decimal-series child of Executive Order 4,decimal_series,high
NY-KATHYHOCHUL-EO-4.14,NY-KATHYHOCHUL-EO-4,extends_duration,Decimal-series child of Executive Order 4,decimal_series,high
NY-KATHYHOCHUL-EO-4.13,NY-KATHYHOCHUL-EO-4,extends_duration,Decimal-series child of Executive Order 4,decimal_series,high
NY-KATHYHOCHUL-EO-4.12,NY-KATHYHOCHUL-EO-4,extends_duration,Decimal-series child of Executive Order 4,decimal_series,high
NY-KATHYHOCHUL-EO-4.11,NY-KATHYHOCHUL-EO-4,extends_duration,Decimal-series child of Executive Order 4,decimal_series,high
NY-KATHYHOCHUL-EO-4.10,NY-KATHYHOCHUL-EO-4,extends_duration,Decimal-series child of Executive Order 4,decimal_series,high
NY-KATHYHOCHUL-EO-4.9,NY-KATHYHOCHUL-EO-4,extends_duration,Decimal-series child of Executive Order 4,decimal_series,high
NY-KATHYHOCHUL-EO-4.8,NY-KATHYHOCHUL-EO-4,extends_duration,Decimal-series child of Executive Order 4,decimal_series,high
NY-KATHYHOCHUL-EO-4.7,NY-KATHYHOCHUL-EO-4,extends_duration,Decimal-series child of Executive Order 4,decimal_series,high
NY-KATHYHOCHUL-EO-4.6,NY-KATHYHOCHUL-EO-4,extends_duration,Decimal-series child of Executive Order 4,decimal_series,high
NY-KATHYHOCHUL-EO-4.5,NY-KATHYHOCHUL-EO-4,extends_duration,Decimal-series child of Executive Order 4,decimal_series,high
NY-KATHYHOCHUL-EO-4.4,NY-KATHYHOCHUL-EO-4,extends_duration,Decimal-series child of Executive Order 4,decimal_series,high
NY-KATHYHOCHUL-EO-4.3,NY-KATHYHOCHUL-EO-4,extends_duration,Decimal-series child of Executive Order 4,decimal_series,high
NY-KATHYHOCHUL-EO-4.2,NY-KATHYHOCHUL-EO-4,extends_duration,Decimal-series child of Executive Order 4,decimal_series,high
NY-KATHYHOCHUL-EO-4.1,NY-KATHYHOCHUL-EO-4,extends_duration,Decimal-series child of Executive Order 4,decimal_series,high
NY-KATHYHOCHUL-EO-3.28,NY-KATHYHOCHUL-EO-3,extends_duration,Decimal-series child of Executive Order 3,decimal_series,high
NY-KATHYHOCHUL-EO-3.27,NY-KATHYHOCHUL-EO-3,extends_duration,Decimal-series child of Executive Order 3,decimal_series,high
NY-KATHYHOCHUL-EO-3.26,NY-KATHYHOCHUL-EO-3,extends_duration,Decimal-series child of Executive Order 3,decimal_series,high
NY-KATHYHOCHUL-EO-3.25,NY-KATHYHOCHUL-EO-3,extends_duration,Decimal-series child of Executive Order 3,decimal_series,high
NY-KATHYHOCHUL-EO-3.24,NY-KATHYHOCHUL-EO-3,extends_duration,Decimal-series child of Executive Order 3,decimal_series,high
NY-KATHYHOCHUL-EO-3.23,NY-KATHYHOCHUL-EO-3,extends_duration,Decimal-series child of Executive Order 3,decimal_series,high
NY-KATHYHOCHUL-EO-3.22,NY-KATHYHOCHUL-EO-3,extends_duration,Decimal-series child of Executive Order 3,decimal_series,high
NY-KATHYHOCHUL-EO-3.21,NY-KATHYHOCHUL-EO-3,extends_duration,Decimal-series child of Executive Order 3,decimal_series,high
NY-KATHYHOCHUL-EO-3.20,NY-KATHYHOCHUL-EO-3,extends_duration,Decimal-series child of Executive Order 3,decimal_series,high
NY-KATHYHOCHUL-EO-3.19,NY-KATHYHOCHUL-EO-3,extends_duration,Decimal-series child of Executive Order 3,decimal_series,high
NY-KATHYHOCHUL-EO-3.18,NY-KATHYHOCHUL-EO-3,extends_duration,Decimal-series child of Executive Order 3,decimal_series,high
NY-KATHYHOCHUL-EO-3.17,NY-KATHYHOCHUL-EO-3,extends_duration,Decimal-series child of Executive Order 3,decimal_series,high
NY-KATHYHOCHUL-EO-3.16,NY-KATHYHOCHUL-EO-3,extends_duration,Decimal-series child of Executive Order 3,decimal_series,high
NY-KATHYHOCHUL-EO-3.15,NY-KATHYHOCHUL-EO-3,extends_duration,Decimal-series child of Executive Order 3,decimal_series,high
NY-KATHYHOCHUL-EO-3.14,NY-KATHYHOCHUL-EO-3,extends_duration,Decimal-series child of Executive Order 3,decimal_series,high
NY-KATHYHOCHUL-EO-3.13,NY-KATHYHOCHUL-EO-3,extends_duration,Decimal-series child of Executive Order 3,decimal_series,high
NY-KATHYHOCHUL-EO-3.12,NY-KATHYHOCHUL-EO-3,extends_duration,Decimal-series child of Executive Order 3,decimal_series,high
NY-KATHYHOCHUL-EO-3.11,NY-KATHYHOCHUL-EO-3,extends_duration,Decimal-series child of Executive Order 3,decimal_series,high
NY-KATHYHOCHUL-EO-3.10,NY-KATHYHOCHUL-EO-3,extends_duration,Decimal-series child of Executive Order 3,decimal_series,high
NY-KATHYHOCHUL-EO-3.9,NY-KATHYHOCHUL-EO-3,extends_duration,Decimal-series child of Executive Order 3,decimal_series,high
NY-KATHYHOCHUL-EO-3.8,NY-KATHYHOCHUL-EO-3,extends_duration,Decimal-series child of Executive Order 3,decimal_series,high
NY-KATHYHOCHUL-EO-3.7,NY-KATHYHOCHUL-EO-3,extends_duration,Decimal-series child of Executive Order 3,decimal_series,high
NY-KATHYHOCHUL-EO-3.6,NY-KATHYHOCHUL-EO-3,extends_duration,Decimal-series child of Executive Order 3,decimal_series,high
NY-KATHYHOCHUL-EO-3.5,NY-KATHYHOCHUL-EO-3,extends_duration,Decimal-series child of Executive Order 3,decimal_series,high
NY-KATHYHOCHUL-EO-3.4,NY-KATHYHOCHUL-EO-3,extends_duration,Decimal-series child of Executive Order 3,decimal_series,high
NY-KATHYHOCHUL-EO-3.3,NY-KATHYHOCHUL-EO-3,extends_duration,Decimal-series child of Executive Order 3,decimal_series,high
NY-KATHYHOCHUL-EO-3.2,NY-KATHYHOCHUL-EO-3,extends_duration,Decimal-series child of Executive Order 3,decimal_series,high
NY-KATHYHOCHUL-EO-3.1,NY-KATHYHOCHUL-EO-3,extends_duration,Decimal-series child of Executive Order 3,decimal_series,high
NY-KATHYHOCHUL-EO-2.2,NY-KATHYHOCHUL-EO-2,extends_duration,Decimal-series child of Executive Order 2,decimal_series,high
NY-KATHYHOCHUL-EO-2.1,NY-KATHYHOCHUL-EO-2,extends_duration,Decimal-series child of Executive Order 2,decimal_series,high
