declaration_id,eo_number,title,date_signed,action_type,hazard_category,archive_record_url
WI-EO-1,1,"Executive Order 1, Relating to Prohibiting Discrimination In State Employment",2019-01-07,other,,https://evers.wi.gov/Pages/Newsroom/Executive%20Orders/EO%201%20relating%20to%20prohibiting%20discrimination%20in%20state%20employment.pdf
WI-EO-2,2,"Executive Order 2, Relating to Recognizing and Respecting State Employees",2019-01-07,other,,https://evers.wi.gov/Pages/Newsroom/Executive%20Orders/EO%202%20relating%20to%20recognizing%20and%20respecting%20state%20employees.pdf
WI-EO-3,3,"Executive Order 3, Relating to The Creation of Healthy Communities Initiative",2019-01-08,other,,https://evers.wi.gov/Pages/Newsroom/Executive%20Orders/EO%203%20relating%20to%20the%20creation%20of%20healthy%20communities%20initiative.pdf
WI-EO-4,4,"Executive Order 4, Relating to The Preservation of Insurance Protection",2019-01-08,other,,https://evers.wi.gov/Pages/Newsroom/Executive%20Orders/EO%204%20Relating%20to%20the%20preservation%20of%20insurance%20protection.pdf
WI-EO-5,5,"Executive Order 5, Declaring a State of Emergency in Response to Severe Winter Weather",2019-01-28,declaration,winter,"https://evers.wi.gov/Pages/Newsroom/Executive%20Orders/EO%205,%20relating%20to%20declaring%20a%20state%20of%20Emergency.pdf"
WI-EO-6,6,"Executive Order 6, Relating to Recreating Non-Statutory Committees",2019-01-28,other,,"https://evers.wi.gov/Pages/Newsroom/Executive%20Orders/EO%206,%20Relating%20to%20recreating%20non-statutory%20committees.pdf"
WI-EO-7,7,"Executive Order 7, Relating to Declaring a State of Emergency and Closing State Office Buildings",2019-01-29,operational,,https://evers.wi.gov/Pages/Newsroom/Executive%20Orders/EO%207%20Relating%20to%20Declaring%20a%20State%20of%20Emergency%20and%20Closing%20State%20Office%20Buildings.pdf
WI-EO-8,8,"Executive Order 8, Relating to a Proclamation that the Flag of the United States and the Flag of the State of Wisconsin Be Flown at Half-Staff as a Mark of Respect for Officer Matthew Rittner of the Milwaukee Police Department",2019-02-07,other,,https://evers.wi.gov/Pages/Newsroom/Executive%20Orders/E.O.%208%20Relating%20to%20a%20Proclamation%20that%20the%20Flag%20of%20the%20United%20States.pdf
WI-EO-9,9,"Executive Order 9, Relating to a Special Election for the Sixty-Fourth Assembly District",2019-02-14,other,,https://evers.wi.gov/Pages/Newsroom/Executive%20Orders/EO%209%20Relating%20to%20a%20special%20election.pdf
WI-EO-10,10,"Executive Order 10, Relating to a Proclamation that the Flag of the United States and the Flag of the State of Wisconsin Be Flown at Half-Staff as a Mark of Respect for City of Milwaukee Department of Public Works Employee Bryan Rodriguez",2019-02-15,other,,https://evers.wi.gov/Pages/Newsroom/Executive%20Orders/E.O.%2010%20Relating%20to%20lowering%20the%20flags.pdf
WI-EO-11,11,"Executive Order 11, Relating to the Creation of the Governor's Task Force on Caregiving",2019-02-18,other,,https://evers.wi.gov/Pages/Newsroom/Executive%20Orders/E.O%2011%20Relating%20to%20the%20Creation%20of%20the%20Governor%27s%20Task%20Force%20on%20Caregiving.pdf
WI-EO-12,12,"Executive Order 12, Relating to Declaring an Energy Emergency",2019-02-21,operational,,https://evers.wi.gov/Pages/Newsroom/Executive%20Orders/EO%2012%20Relating%20to%20Declaring%20an%20Energy%20Emergency.pdf
WI-EO-13,13,"Executive Order 13, Relating to Withdrawing the Wisconsin National Guard Assisting at the Southwest Border",2019-02-25,other,,https://evers.wi.gov/Pages/Newsroom/Executive%20Orders/E.O.%2013%20Relating%20to%20Withdrawing%20WI%20National%20Guard.pdf
WI-EO-14,14,"Executive Order 14, Relating to the Accessibility of Division of Motor Vehicles Facilities and Department of Transportation-Issued Voter Identification",2019-03-04,other,,https://evers.wi.gov/Pages/Newsroom/Executive%20Orders/E.O%2014%20Relating%20to%20the%20Accessibility%20of%20Division%20of%20Motor%20Vehicles%20Facilities.pdf
WI-EO-15,15,"Executive Order 15, Relating to Inclusive Language in Administrative Rules",2019-03-12,other,,https://evers.wi.gov/Pages/Newsroom/Executive%20Orders/EO%2015%20(1).pdf
WI-EO-16,16,"Executive Order 16, Relating to Declaring a State of Emergency in Response to Widespread Flooding",2019-03-15,declaration,flood,https://evers.wi.gov/Pages/Newsroom/Executive%20Orders/EO%2016.pdf
WI-EO-17,17,"Executive Order 17, Relating to the Creation of the Governor's Health Equity Council",2019-03-19,other,,https://evers.wi.gov/Pages/Newsroom/Executive%20Orders/EO%20017%20Relating%20to%20creating%20the%20health%20equity%20council%20-%20Copy.pdf
WI-EO-18,18,"Executive Order 18, Relating to an Affirmation of the Intergovernmental Relationships Among the State of Wisconsin and Tribal Nations Located Within the State",2019-04-09,other,,https://evers.wi.gov/Pages/Newsroom/Executive%20Orders/EO%20018%20relating%20to%20affirmation%20of%20the%20intergovernmental%20relationship%20among%20the%20state%20of%20Wisconsin%20and%20Tribal%20Nations%20located%20within%20the%20state.pdf
WI-EO-19,19,"Executive Order 19, Relating to the Creation of the Committee to Celebrate the Centennial Anniversary of Wisconsin's Ratification of the 19th Amendment",2019-04-11,other,,https://evers.wi.gov/Pages/Newsroom/Executive%20Orders/EO%2019%20Relating%20to%20the%20creation%20of%20the%20Committee%20to%20Celebrate%20the%20centennial%20Anniversary%20of%20Wisconsin%27s%20Ratification%20of%20the%2019th%20Amendment.pdf
WI-EO-20,20,"Executive Order 20, Relating to the Creation of the Joint Enforcement Task Force on Payroll Fraud and Worker Misclassification",2019-04-15,other,,https://evers.wi.gov/Pages/Newsroom/Executive%20Orders/EO%20020%20-%20Worker%20Misclassification.pdf
WI-EO-21,21,"Executive Order 21, Relating to a Proclamation that the Flag of the United States and the Flag of the State of Wisconsin May Be Flown at Half-Staff in Iowa County as a Mark of Respect for Iowa County District Attorney Larry E. Nelson",2019-04-19,other,,https://evers.wi.gov/Pages/Newsroom/Executive%20Orders/EO%20021%20-%20Flag%20Half%20Staff%20Nelson.pdf
WI-EO-22,22,"Executive Order 22, Relating to a Proclamation that the Flag of the United States and the Flag of the State of Wisconsin Be Flown at Half-Staff as a Mark of Respect for Former State Representative Ed Brooks",2019-04-25,other,,https://evers.wi.gov/Pages/Newsroom/Executive%20Orders/EO%2022%20-%20Flags%20to%20Half%20Staff%20for%20Ed%20Brooks.pdf
WI-EO-23,23,"Executive Order 23, Relating to a Proclamation that the Flag of the United States and the Flag of the State of Wisconsin May be Flown at Half-Staff in Dane County as a Mark of Respect for Officer Katherine ""Katie"" Barrios of the Middleton Police Department",2019-04-29,other,,https://evers.wi.gov/Pages/Newsroom/Executive%20Orders/EO%20023%20-%20Flag%20Half-Staff%20Officer%20Barrios%20of%20Middleton%20Police%20Department.pdf
WI-EO-24,24,"Executive Order 24, Relating to a Proclamation that the Flag of the United States and the Flag of the State of Wisconsin Be Flown at Half-Staff as a Mark of Respect for Peace Officers Who Have Given Their Lives in the Line of Duty",2019-05-09,other,,https://evers.wi.gov/Pages/Newsroom/Executive%20Orders/EO%20024%20-%20Flag%20Half-Staff%20Peace%20Officer%20Memorial%20Day%20and%20Police%20Week.pdf
WI-EO-25,25,"Executive Order 25, Relating to a Proclamation that the Flag of the United States and the Flag of the State of Wisconsin Be Flown at Half-Staff as a Mark of Respect for Firefighter Kyle R. Hayden of the Durand City/Rural Fire Department",2019-05-17,other,,https://evers.wi.gov/Pages/Newsroom/Executive%20Orders/EO%20025%20-%20Flag%20Half-Staff%20for%20Firefighter%20Kyle%20R.%20Hayden.pdf
WI-EO-26,26,"Executive Order 26, Relating to a Proclamation that the Flag of the United States and the Flag of the State of Wisconsin Be Flown at Half-Staff as a Mark of Respect for Firefighter Mitchell F. Lundgaard of the Appleton Fire Department",2019-05-17,other,,https://evers.wi.gov/Pages/Newsroom/Executive%20Orders/EO%20026%20-%20Flag%20Half-Staff%20for%20Firefighter%20Mitchell%20F.%20Lundgaard.pdf
WI-EO-27,27,"Executive Order 27, Relating to a Proclamation that the Flag of the United States and the Flag of the State of Wisconsin Be Flown at Half-Staff on Memorial Day",2019-05-22,other,,https://evers.wi.gov/Pages/Newsroom/Executive%20Orders/EO%2027%20Relating%20to%20the%20flags%20being%20lowered%20for%20Memorial%20Day.pdf
WI-EO-28,28,"Executive Order 28, Relating to a Proclamation that the Flag of the United States and the Flag of the State of Wisconsin Be Flown at Half-Staff as a Mark of Respect for Major General Raymond A. Matera",2019-05-22,other,,https://evers.wi.gov/Documents/EO%20028%20-%20Flag%20Half%20staff%20Maj%20Gen%20Raymond%20Matera.pdf
WI-EO-29,29,"Executive Order 29, Relating to a Proclamation that the Rainbow Flag Be Flown over the East Wing of the State Capitol Building and Throughout the State of Wisconsin in Recognition of Pride Month",2019-06-07,other,,https://evers.wi.gov/Documents/EO%20029%20-%20Pride%20Flag.pdf
WI-EO-30,30,"Executive Order 30, Relating to the Creation of the Governor's Pardon Advisory Board",2019-06-12,other,,https://evers.wi.gov/Documents/EO%20030%20-%20Creation%20of%20Pardon%20Advisory%20Board.pdf
WI-EO-31,31,"Executive Order 31, Relating to a Proclamation that the Flag of the United States and the Flag of the State of Wisconsin Be Flown at Half-Staff as a Mark of Respect for Officer John D. Hetland of the Racine Police Department",2019-06-19,other,,https://evers.wi.gov/Pages/Newsroom/Executive%20Orders/EO%20031%20-%20Flag%20Half%20Staff%20Patrol%20Officer%20John%20D.%20Hetland.pdf
WI-EO-32,32,"Executive Order 32, Relating to a Proclamation that the Flag of the United States and the Flag of the State of Wisconsin Be Flown at Half-Staff as a Mark of Respect for Officer Kou Her of the Milwaukee Police Department",2019-06-21,other,,https://evers.wi.gov/Documents/EO%20032%20-%20Flag%20Half-Staff%20Kou%20Her.pdf
WI-EO-33,33,"Executive Order 33, Relating to a Proclamation that the Flag of the United States and the Flag of the State of Wisconsin Be Flown at Half-Staff as a Mark of Respect for Wisconsin Department of Military Affairs Employee Nicholas Janz",2019-07-03,other,,https://evers.wi.gov/Documents/EO%20033%20-%20Flag%20Half-Staff%20Nicholas%20Janz.pdf
WI-EO-34,34,"Executive Order 34, Relating to Declaring a State of Emergency and Closing State Agency Buildings",2019-07-19,operational,,https://evers.wi.gov/Documents/EO%20034%20-%20Declaring%20a%20State%20of%20Emergency%20Madison%20fires.pdf
WI-EO-35,35,"Executive Order 35, Relating to a Proclamation Declaring a State of Emergency Due to Extreme Severe Weather",2019-07-21,declaration,severe_storm,https://evers.wi.gov/Documents/EO%20035%20-%20Declaring%20a%20State%20of%20Emergency.pdf
WI-EO-36,36,"Executive Order 36, Relating to Measures to Abate and Prevent Lead Exposure",2019-07-29,other,,https://evers.wi.gov/Documents/EO%20036%20-%20Lead.pdf
WI-EO-37,37,"Executive Order 37, Relating to Postsecondary Educational Institution Compliance with the U.S. Department of Education Program Integrity Rule",2019-07-30,other,,https://evers.wi.gov/Documents/EO%20037%20-%20Dept%20of%20Ed%20Integrity%20Rule.pdf
WI-EO-38,38,"Executive Order 38, Relating to Clean Energy in Wisconsin",2019-08-16,other,,https://evers.wi.gov/Documents/EO%20038%20Clean%20Energy.pdf
WI-EO-39,39,"Executive Order 39, Relating to Creating a Task Force on Reducing Prescription Drug Prices",2019-08-21,other,,https://evers.wi.gov/Documents/EO/EO%20039%20-%20Prescription%20Drug%20Task%20Force.pdf
WI-EO-40,40,"Executive Order 40, Relating to the Public Health Risk from Per- and Polyfluoroalkyl Substances (PFAS) and the Creation of the PFAS Coordinating Council",2019-08-23,other,,https://evers.wi.gov/Documents/EO/EO%2040%20-%20PFAS.pdf
WI-EO-41,41,"Executive Order 41, Relating to the Re-Creation of the Criminal Justice Coordinating Council",2019-08-23,other,,https://evers.wi.gov/Documents/EO/EO%20041%20-%20CJCC.pdf
WI-EO-42,42,"Executive Order 42, Relating to Declaring a State of Emergency under the Emergency Management Assistance Compact and Calling to Active Duty Elements of the Wisconsin National Guard",2019-08-30,operational,,https://evers.wi.gov/Documents/EO/Evers%20EO042-EmergencyDeclarationFlorida.pdf
WI-EO-43,43,"Executive Order 43,Relating to the Governor's Juvenile Justice Commission",2019-09-03,other,,https://evers.wi.gov/Documents/EO/EO043-GJJC.pdf
WI-EO-44,44,"Executive Order 44, Relating to a Proclamation that the Flag of the United States and the Flag of the State of Wisconsin Be Flown at Half-Staff in Honor of State Day of Service and Remembrance",2019-09-09,other,,https://evers.wi.gov/Documents/EO/EO44-StateDayofServiceAndRemembrance.pdf
WI-EO-45,45,"Executive Order 45, Relating to the Creation of the Governor's Task Force on Retirement Security",2019-09-16,other,,https://evers.wi.gov/Documents/EO/EO045-RetirementSecurity%20-%20Rotated.pdf
WI-EO-46,46,"Executive Order 46, Relating to a Special Election for the 7th Congressional District",2019-09-23,other,,https://evers.wi.gov/Documents/EO/EO046-SpecialElection7CD.pdf
WI-EO-47,47,"Executive Order 47, Relating to a Proclamation Declaring a State of Emergency Due to Severe Weather and Flooding",2019-09-25,declaration,flood,https://evers.wi.gov/Documents/EO/EO047-StateOfEmergencyWeatherChippewaClarkDunn.pdf
WI-EO-48,48,"Executive Order 48, Relating to a Proclamation that the Flag of the United States and the Flag of the State of Wisconsin be Flown at Half-Staff as a Mark of Respect for Army Tech. 5th Grade John E. Bainbridge of the Wisconsin National Guard Who Lost His Life in World War II",2019-09-27,other,,https://evers.wi.gov/Documents/EO/EO048-FlagHalfStaffJohnBainbridge.pdf
WI-EO-49,49,"Executive Order 49, Proclamation that the Flag of the United States and the Flag of the State of Wisconsin Be Flown at Half-Staff as a Mark of Respect for the Firefighters of Wisconsin Who Have Given Their Lives in the Line of Duty",2019-10-03,other,,https://evers.wi.gov/Documents/EO/EO049-WisconsinFirefightersMemorialDay.pdf
WI-EO-50,50,"Executive Order 50, Relating to Declaring Indigenous Peoples Day",2019-10-08,other,,https://evers.wi.gov/Documents/EO/EO050-IndigenousPeoplesDay.pdf
WI-EO-51,51,"Executive Order 51, a Proclamation that the Flag of the United States and the Flag of the State of Wisconsin Be Flown at Half-Staff as a Mark of Respect for Former State Representative Joseph Tregoning",2019-10-16,other,,https://evers.wi.gov/Documents/EO/EO051-FlagHalfStaffTregoning.pdf
WI-EO-52,52,"Executive Order 52, Relating to the Creation of the Governor's Task Force on Climate Change",2019-10-17,other,,https://evers.wi.gov/Documents/EO/EO052-ClimateChange.pdf
WI-EO-53,53,"Executive Order 53, Relating to a Special Election for the 7th Congressional District and Amending Executive Order #46",2019-10-19,amendment,,https://evers.wi.gov/Documents/EO/EO053-Special%20ElectionAmendment.pdf
WI-EO-54,54,"Executive Order 54, Relating to a Special Session of the Legislature",2019-10-21,other,,https://evers.wi.gov/Documents/EO/EO054-SpecialSession.pdf
WI-EO-55,55,"Executive Order 55, Relating to the Creation of a Complete Count Committee for the 2020 Census",2019-10-28,other,,https://evers.wi.gov/Documents/EO/EO055-CensusCompleteCountCommittee.pdf
WI-EO-56,56,"Executive Order 56, Relating to Declaring an Energy Emergency",2019-10-30,operational,,https://evers.wi.gov/Documents/EO/EO056-DelcaringEnergyEmergency.pdf
WI-EO-57,57,"Executive Order 57, Relating to a Proclamation that the Flag of the United States and the Flag of the State of Wisconsin Be Flown at Half-Staff as a Mark of Respect for Firefighter Brian Serdynski of the Union Grove-Yorkville Fire Department",2019-11-04,other,,https://evers.wi.gov/Documents/EO/EO057-FlagHalfStaffBrianSerdynski.pdf
WI-EO-58,58,"Executive Order 58, Relating to a Proclamation that the Flag of the United States and the Flag of the State of Wisconsin be Flown at Half-Staff as a Mark of Respect for Army Sgt. Robert W. McCarville of the United States Army Who Lost His Life in World War II",2019-11-05,other,,https://evers.wi.gov/Documents/EO/EO058-FlagHalfStaffRobertMcCarville.pdf
WI-EO-59,59,"Executive Order 59, Relating to Diversity, Equity, and Inclusion in State Government",2019-11-12,other,,https://evers.wi.gov/Documents/EO/EO059-Equity%26Inclusion.pdf
WI-EO-60,60,"Executive Order 60, Relating to a Proclamation that the Flag of the United States and the Flag of the State of Wisconsin be Flown at Half-Staff as a Mark of Respect for Army Pfc. Eugene E. Lochowicz of the United States Army Who Lost His Life in World War II",2019-11-14,other,,https://evers.wi.gov/Documents/EO/EO060-FlagHalfStaffEugeneLochowicz.pdf
WI-EO-61,61,"Executive Order 61, Relating to a Proclamation that the Flag of the United States and the Flag of the State of Wisconsin be Flown at Half-Staff on National Pearl Harbor Rememberance Day",2019-12-06,other,,https://evers.wi.gov/Documents/EO/EO061-FlagHalfStaffPearlHarborDay.pdf
WI-EO-62,62,"Executive Order 62, Relating to Sexual Assault and Sexual Harassment; Reporting Procedures, Investigation Protocols, and Accountability; Measures in the Wisconsin National Guard",2019-12-09,other,,https://evers.wi.gov/Documents/EO/EO062WisconsinNationalGuard.pdf
WI-EO-63,63,"Executive Order 63, Relating to a Proclamation that the Flag of the United States and the Flag of the State of Wisconsin Be Flown at Half-Staff as a Mark of Respect for Former Oneida Nation Chairman Rick Hill",2019-12-17,other,,https://evers.wi.gov/Documents/EO/EO063-FlagHalfStaffRickHill.pdf
WI-EO-64,64,"Executive Order 64, Relating to a Special Session of the Legislature",2020-01-23,other,,https://evers.wi.gov/Documents/EO/EO064-SpecialSessionAg.pdf
WI-EO-65,65,"Executive Order 65, Relating to the Creation of the Governor's Blue Ribbon Commission on Rural Prosperity",2020-01-23,other,,https://evers.wi.gov/Documents/EO/EO065-BRCRuralAg.pdf
WI-EO-66,66,"Executive Order 66, Relating to Creating the People's Maps Commission",2020-01-27,other,,https://evers.wi.gov/Documents/EO/EO066-PeoplesMapsCommission.pdf
WI-EO-67,67,"Executive Order 67, Relating to the Creation of the Governor's Task Force on Student Debt",2020-01-29,other,,https://evers.wi.gov/Documents/EO/EO067-StudentDebtTaskForce.pdf
WI-EO-68,68,"Executive Order 68, Relating to a Proclamation Declaring a State of Emergency in Response to Damaging Winds and Lakeshore Flooding",2020-01-31,declaration,flood,https://evers.wi.gov/Documents/EO/EO068-DeclaringEmergencyLakeshore.pdf
WI-EO-69,69,"Executive Order 69, Relating to a Special Session of the Legislature",2020-02-06,other,,https://evers.wi.gov/Documents/EO/EO069-SpecialSessionEducation.pdf
WI-EO-70,70,Executive Order 70: Relating to a Proclamation that the Flag of the United States and the Flag of the State of Wisconsin Be Flown at Half-Staff as a Mark of Respect for Firefighter Darrin Jones of the Milwaukee Fire Department,2020-02-07,other,,https://evers.wi.gov/Documents/EO/EO070-FlagHalfStaffDarrinJones.pdf
WI-EO-71,71,Executive Order 71: Relating to a Proclamation that the Flag of the United States and the Flag of the State of Wisconsin Be Flown at Half-Staff as a Mark of Respect for the Victims of the Mass Shooting in Milwaukee,2020-02-27,other,,https://evers.wi.gov/Documents/EO/EO071-FlagsHalfStaffMolsonCoorsShooting.pdf
WI-EO-72,72,"Executive Order 72, Relating to Declaring a Health Emergency in Response to the COVID-19 Coronavirus",2020-03-12,other,,https://evers.wi.gov/Documents/EO/EO072-DeclaringHealthEmergencyCOVID-19.pdf
WI-EO-73,73,"Executive Order 73, Relating to a Special Session of the Legislature to Provide for an All-Mail Spring Election and Special Election for the 7th Congressional District during the COVID-19 Pandemic",2020-04-03,other,,https://evers.wi.gov/Documents/COVID19/EO073-SpecialSessionElections%20searchable.pdf
WI-EO-74,74,"Gov. Evers Executive Order 74, Relating to suspending in-person voting on April 7, 2020, due to the COVID-19 Pandemic",2020-04-06,other,,https://evers.wi.gov/Documents/COVID19/EO074-SuspendingInPersonVotingAndSpecialSession2.pdf
WI-EO-75,75,Gov. Evers Executive Order 75: Relating to Declaring a State of Emergency in Response to Elevated Wildfire Conditions,2020-04-21,declaration,fire,https://evers.wi.gov/Documents/COVID19/EO075-DeclaringaStateofEmergencyWildFires.pdf
WI-EO-76,76,Gov. Evers Executive Order 76: Relating to a Proclamation that the Flag of the United States and the Flag of the State of Wisconsin Be Flown at Half-Staff as a Mark of Respect for Peace Officers Who Have Given Their Lives in the Line of Duty,2020-05-08,other,,https://evers.wi.gov/Documents/EO/EO076-FlagHalfStaffPeaceOfficerDay.pdf
WI-EO-77,77,Gov. Evers Executive Order 77: Relating to a Proclamation that the Flag of the United States and the Flag of the State of Wisconsin Be Flown at Half-Staff as a Mark of Respect for Peace Officers Who Have Given Their Lives in the Line of Duty,2020-05-22,other,,https://evers.wi.gov/Documents/EO/EO077-FlagHalfStaffMemorialDay2020.pdf
WI-EO-78,78,Gov. Evers Executive Order 78: Relating to a Proclamation that the Rainbow Flag Be Flown over the East Wing of the State Capitol Building and Throughout the State of Wisconsin in Recognition of Pride Month,2020-06-05,other,,https://evers.wi.gov/Documents/EO/EO078-PrideFlag2020.pdf
WI-EO-79,79,Gov. Evers Executive Order 79: Relating to a Proclamation that the Juneteenth Flag Be Flown over the East Wing of the State Capitol Building,2020-06-17,other,,https://evers.wi.gov/Documents/EO/EO079-JuneteenthFlag2020.pdf
WI-EO-80,80,Gov. Evers Executive Order 80: Relating to the Creation of the Governor's Task Force on Broadband Access,2020-07-14,other,,https://evers.wi.gov/Documents/EO/EO080-BroadbandTaskForce.docx
WI-EO-81,81,Gov. Evers Executive Order 81: Relating to a Proclamation that the Flag of the United States and the Flag of the State of Wisconsin be Flown at Half-Staff as a Mark of Respect for Army Cpl. Francis J. Rochon of the United States Army Who Lost His Life in the Korean War,2020-07-21,other,,https://evers.wi.gov/Documents/EO/EO081-FlagHalfStaffFrancisRochon.docx
WI-EO-82,82,Gov. Evers Executive Order 82: Relating to Declaring a Public Health Emergency,2020-07-30,other,,https://evers.wi.gov/Documents/COVID19/EO082-PHECOVIDSecondSpike.pdf
WI-EO-83,83,Gov. Evers Executive Order 83: Relating to a Proclamation Honoring Chief Justice Shirley Abrahamson,2020-08-04,other,,https://evers.wi.gov/Documents/EO/EO083-AbrahamsonReadingRoom.pdf
WI-EO-84,84,Gov. Evers Executive Order 84: Relating to a Special Session of the Legislature on the Use of Force by Law Enforcement,2020-08-24,other,,https://evers.wi.gov/Documents/EO/EO084-SpecialSessionPoliceUseOfForce.pdf
WI-EO-85,85,Gov. Evers Executive Order 85: Relating to a Proclamation that the Flag of the United States and the Flag of the State of Wisconsin Be Flown at Half-Staff as a Mark of Respect for Pfc. Evan A. Bath of the United States Marine Corps,2020-08-24,other,,https://evers.wi.gov/Documents/EO/EO085-FlagHalfStaffEvanBath.pdf
WI-EO-86,86,Gov. Evers Executive Order 86: Relating to Declaring a State of Emergency to Provide Safety and Protection to the People of Kenosha and Other Wisconsin Communities,2020-08-25,other,,https://evers.wi.gov/Documents/EO/EO086-DeclaringaStateofEmergencyCivilUnrest.pdf
WI-EO-87,87,"Gov. Evers Executive Order 87: Relating to a Proclamation that the Flag of the United States and the Flag of the State of Wisconsin Be Flown at Half-Staff as a Mark of Respect for Deputy Richard ""Rick"" Treadwell of the Dane County Sheriff's Office",2020-08-30,other,,https://evers.wi.gov/Documents/EO/EO087-FlagHalfStaffRichardTreadwell.pdf
WI-EO-88,88,Gov. Evers Executive Order 88: Relating to a Proclamation that the Flag of the United States and the Flag of the State of Wisconsin Be Flown at Half-Staff in Honor of State Day of Service and Remembrance,2020-09-10,other,,https://evers.wi.gov/Documents/EO/EO088-DayofService2020.pdf
WI-EO-89,89,"Gov. Evers Executive Order 89: Relating to a Proclamation that the Flag of the United States and the Flag of the State of Wisconsin be Flown at Half-Staff as a Mark of Respect for the Late Ruth Bader Ginsburg, Associate Justice of the United States Supreme Court",2020-09-20,other,,https://evers.wi.gov/Documents/EO/EO089-HalfStaffJusticeGinsburg.pdf
WI-EO-90,90,Gov. Evers Executive Order 90: Relating to Declaring a Public Health Emergency,2020-09-22,other,,https://evers.wi.gov/Documents/COVID19/EO090-DeclaringPublicHealthEmergency.pdf
WI-EO-91,91,Gov. Evers Executive Order 91: Relating to a Proclamation that the Flag of the United States and the Flag of the State of Wisconsin Be Flown at Half-Staff as a Mark of Respect for the Firefighters of Wisconsin Who Have Given Their Lives in the Line of Duty,2020-09-25,other,,https://evers.wi.gov/Documents/EO/EO091-FirefighterMemorialDay2020.pdf
WI-EO-92,92,Gov. Evers Executive Order 92: Relating to a Proclamation that the Flag of the United States and the Flag of the State of Wisconsin be Flown at Half-Staff as a Mark of Respect for Marine Sgt. Duane 0. Cole of the United States Marine Corps Who Lost His Life in World War II,2020-10-02,other,,https://evers.wi.gov/Documents/EO/EO092-SgtColeGOVsig.pdf
WI-EO-93,93,"Gov. Evers Executive Order 93: Relating to a Proclamation that the Flag of the United States and the Flag of the State of Wisconsin Be Flown at Half-Staff as a Mark of Respect for Former State Representative Dr. Jacob (""Doc"") Albert Hines",2020-10-02,other,,https://evers.wi.gov/Documents/EO/EO093-HalfStaffRepDocHines.pdf
WI-EO-94,94,"Gov. Evers Executive Order 94: Relating to Actions Every Wisconsinite Should Take to Protect their Family, Friends, and Neighbors from COVID-19",2020-11-10,other,,https://evers.wi.gov/Documents/COVID19/EO094-COVIDRecommendations.pdf
WI-EO-95,95,Gov. Evers Executive Order 95: Relating to Declaring a State of Emergency and Public Health Emergency,2020-11-20,other,,https://evers.wi.gov/Documents/COVID19/EO095-DeclaringPublicHealthEmergencyNov2020.pdf
WI-EO-96,96,Gov. Evers Executive Order 96: Relating to a Proclamation that the Flag of the United States and the Flag of the State of Wisconsin Be Flown at Half-Staff as a Mark of Respect for Captain Kelly Lynn Raether of the Town of Ixonia Fire & EMS,2020-12-03,other,,https://evers.wi.gov/Documents/EO/EO096-FlagHalfStaffKellyRaether.pdf
WI-EO-97,97,Gov. Evers Executive Order 97: Relating to a Proclamation that the Flag of the United States and the Flag of the State of Wisconsin Be Flown at Half-Staff on National Pearl Harbor Remembrance Day,2020-12-04,other,,https://evers.wi.gov/Documents/EO/EO097-PearlHarborRemembranceDay.pdf
WI-EO-98,98,"Gov. Evers Executive Order 98: Relating to a Proclamation that the Flag of the United States and the Flag of the State of Wisconsin Be Flown at Half-Staff as a Mark of Respect for Capt. Durwood ""Hawk"" Jones of the Wisconsin Air National Guard's 115th Fighter Wing",2020-12-11,other,,https://evers.wi.gov/Documents/EO/EO098-FlagHalfStaffDurwoodJones.pdf
WI-EO-99,99,Gov. Evers Executive Order 99: Relating to a Special Election for the Eighty-Ninth Assembly District,2020-12-28,other,,https://evers.wi.gov/Documents/EO/EO099-SpecialElection89th.pdf
WI-EO-100,100,Gov. Evers Executive Order 100: Relating to a Special Election for the Thirteenth Senate District,2020-12-28,other,,https://evers.wi.gov/Documents/EO/EO100-Relatingtoaspecialelection13thSD.pdf
WI-EO-101,101,Gov. Evers Executive Order 101: Relating to a Proclamation that the Flag of the United States and the Flag of the State of Wisconsin Be Flown at Half-Staff as a Mark of Respect for Fire Chief Donald Edwin Kittelson of the Clayton Volunteer Fire Department,2020-12-30,other,,https://evers.wi.gov/Documents/EO/EO101-FlagHalfStaffDonaldKittelson.pdf
WI-EO-102,102,Gov. Evers Executive Order 102: Relating to a Proclamation that the Flag of the United States and the Flag of the State of Wisconsin Be Flown at Half-Staff as a Mark of Respect for former Chief Justice Shirley Abrahamson,2021-01-04,other,,https://evers.wi.gov/Documents/EO/EO102-FlagHalfStaffAbrahamson.pdf
WI-EO-103,103,Gov. Evers Executive Order 103: Relating to a Special Session of the Legislature on Unemployment Insurance Modernization,2021-01-13,other,,https://evers.wi.gov/Documents/EO/EO103-SpecialSessionUI.pdf
WI-EO-104,104,Gov. Evers Executive Order 104: Relating to Declaring a State of Emergency and Public Health Emergency,2021-01-19,other,,https://evers.wi.gov/Documents/EO/EO104-DeclaringPublicHealthEmergencyJan2021.pdf
WI-EO-105,105,Gov. Evers Executive Order 105: Relating to Declaring a State of Emergency and Public Health Emergency,2021-02-04,other,,https://evers.wi.gov/Documents/EO/EO105-PHE.pdf
WI-EO-106,106,Gov. Evers Executive Order 106: Relating to the Creation of the Governor's Council on Financial Literacy and Capability,2021-02-08,other,,https://evers.wi.gov/Documents/EO/EO106-FinancialLiteracyCouncil.pdf
WI-EO-107,107,Gov. Evers Executive Order 107: Relating to a Proclamation that the Flag of the United States and the Flag of the State of Wisconsin Be Flown at Half-Staff as a Mark of Respect for Fire Inspector David Jerald Tomlinson of the Poynette-Dekorra Fire Department,2021-02-10,other,,https://evers.wi.gov/Documents/EO/EO107-FlagHalfStaffDavidTomlinson.pdf
WI-EO-108,108,Gov. Evers Executive Order 108: Relating to Delcaring an Energy Emergency,2021-02-11,operational,,https://evers.wi.gov/Documents/EO/EO108-DeclaringEnergyEmergency.pdf
WI-EO-109,109,"Gov. Evers Executive Order 109: Relating to a Proclamation that the Flag of the United States and the Flag of the State of Wisconsin Be Flown at Half-Staff in Memory of the More Than 500,000 Americans and 6,284 Wisconsinites Who Have Lost Their Lives to COVID-19",2021-02-23,other,,https://evers.wi.gov/Documents/EO/EO109-FlagHalfStaff500000COVIDDeaths.pdf
WI-EO-110,110,Gov. Evers Executive Order 110: Relating to Declaring a State of Emergency in Response to Elevated Wildfire Conditions,2021-04-05,declaration,fire,https://evers.wi.gov/Documents/EO/EO110-DeclaringaStateofEmergencyWildfires.pdf
WI-EO-111,111,Gov. Evers Executive Order 111: Relating to Directing State-Managed Law Enforcement to Review and Update Use of Force Policies,2021-04-21,other,,https://evers.wi.gov/Documents/EO/EO111-RelatingtoUseofForcePolicies.pdf
WI-EO-112,112,Gov. Evers Executive Order 112: Relating to the Conservation and Restoration of Forestland in Wisconsin,2021-04-22,other,,https://evers.wi.gov/Documents/EO/EO112-RelatingtotheConservationandRestortationofForestland.pdf
WI-EO-113,113,Gov. Evers Executive Order 113: Relating to a Special Election for the Thirty-Seventh Assembly District,2021-04-28,other,,https://evers.wi.gov/Documents/EO/EO113-RelatingtoaSpecialElection37thAD.pdf
WI-EO-114,114,Gov. Evers Executive Order 114: Relating to a Proclamation that the. Flag of the United States and the Flag of the State of Wisconsin Be Flown at Half-Staff as a Mark of Respect for Peace Officers Who Have Given Their Lives in the Line of Duty,2021-05-07,other,,https://evers.wi.gov/Documents/EO/EO114-FlagHalfStaffPeaceOfficerDay2021[16589].pdf
WI-EO-115,115,"Gov. Evers Executive Order 115: Relating to a Proclamation that the Flag of the United States and the Flag of the State of Wisconsin Be Flown at Half-Staff on May 13, 2021, in Honor of Hmong-Lao Veterans",2021-05-13,other,,https://evers.wi.gov/Documents/EO/EO115-FlagHalfStaffHmongLaoVeteransDay.pdf
WI-EO-116,116,Gov. Evers Executive Order 116: Relating to a Special Session of the Legislature on Expanding BadgerCare,2021-05-19,other,,https://evers.wi.gov/Documents/EO/EO116-SpecialSessionExpandingBadgercare.pdf
WI-EO-117,117,Gov. Evers Executive Order 117: Relating to a Proclamation that the Flag of the United States and the Flag of the State of Wisconsin Be Flown at Half-Staff as a Mark of Respect for Army Sgt. 1st Class Nicholas J. Valentine of the United States Army Who Lost His Life in the Korean War,2021-05-20,other,,https://evers.wi.gov/Documents/EO/EO117-FlagHalfStaffFlagNicholasValentine.pdf
WI-EO-118,118,Gov. Evers Executive Order 118: Relating to a Proclamation that the Flag of the United States and the Flag of the State of Wisconsin Be Flown at Half-Staff as a Mark of Respect for Major General James G. Blaney,2021-05-27,other,,https://evers.wi.gov/Documents/EO/EO118-FlagHalf-StaffBlaney.pdf
WI-EO-119,119,Gov. Evers Executive Order 119: Relating to a Proclamation that the Flag of the United States and the Flag of the State of Wisconsin Be Flown at Half-Staff on Memorial Day,2021-05-28,other,,https://evers.wi.gov/Documents/EO/EO119-FlagHalf-StaffMemorialDay2021.pdf
WI-EO-120,120,Gov. Evers Executive Order 120: Relating to a Proclamation that the Rainbow Pride Flag Be Flown over the East Wing of the State Capitol Building in Recognition of Pride Month,2021-06-01,other,,https://evers.wi.gov/Documents/EO/EO120-PrideFlag2021.pdf
WI-EO-121,121,Gov. Evers Executive Order 121: Relating to State Agency Use of Gender-Neutral Language,2021-06-01,other,,https://evers.wi.gov/Documents/EO/EO121-Gender-NeutralLanguage.pdf
WI-EO-122,122,Gov. Evers Executive Order 122: Relating to the Use of Agency-Administered Funds for Services That Are Harmful to Minors,2021-06-01,other,,https://evers.wi.gov/Documents/EO/EO122-Conversion%20Therapy.pdf
WI-EO-123,123,Gov. Evers Executive Order 123:Relating to a Proclamation that the Flag of the United States and the Flag of the State of Wisconsin Be Flown at Half-Staff as a Mark of Respect for Firefighter Joshua D. Fedie of the Boscobel Fire Department,2021-06-11,other,,https://evers.wi.gov/Documents/EO/EO123-FlagHalfStaffJoshFedie.pdf
WI-EO-124,124,Gov. Evers Executive Order 124:Relating to a Proclamation that the Juneteenth Flag Be Flown over the East Wing of the State Capitol Building,2021-06-18,other,,https://evers.wi.gov/Documents/EO/EO124-JuneteenthFlag2021.pdf
WI-EO-125,125,Gov. Evers Executive Order 125: Relating to a Proclamation that the Flag of the United States and the Flag of the State of Wisconsin Be Flown at Half-Staff as a Mark of Respect for the former State Representative Ann Hraychuck,2021-06-21,other,,https://evers.wi.gov/Documents/EO/EO125-FlagsHalfStaffRepHraychuck.pdf
WI-EO-126,126,Gov. Evers Executive Order 126: Relating to a Proclamation that the Flag of the United States and the Flag of the State of Wisconsin be Flown at Half-Staff as a Mark of Respect for Airman 2nd Class Edward J. Miller of the United States Air Force Who Lost His Life in a 1952 Air Force Plane Crash,2021-07-15,other,,https://evers.wi.gov/Documents/EO/EO126-FlagHalfStaffEdwardMiller.pdf
WI-EO-127,127,"Gov. Evers Executive Order 127: Relating to a Special Session of the Legislature on Providing Additional Funding for the University of Wisconsin System, Technical College System, Special Education, and Per Pupil Aid.",2021-07-26,other,,https://evers.wi.gov/Documents/EO/EO127-SpecialSessionEducationFunding.pdf
WI-EO-128,128,Gov. Evers Executive Order 128: Relating to a Proclamation Declaring a State of Emergency Due to Severe Weather,2021-07-29,declaration,severe_storm,https://evers.wi.gov/Documents/EO/EO128-StateofEmergencySevereWeather.pdf
WI-EO-129,129,Gov. Evers Executive Order 129: Relating to a Proclamation that the Flag of the United States and the Flag of the State of Wisconsin be Flown at Half-Staff as a Mark of Respect for Major General Albert H. Wilkening,2021-08-02,other,,https://evers.wi.gov/Documents/EO/EO129-FlagHalfStaffWilkening.pdf
WI-EO-130,130,Gov. Evers Executive Order 130: Relating to the Governor's Pardon Advisory Board,2021-09-07,other,,https://evers.wi.gov/Documents/EO/EO130-PardonAdvisoryBoardUpdate2021.pdf
WI-EO-131,131,"Gov. Evers Executive Order 131: Relating to a Proclamation that the Flag of the United States and the Flag of the State of Wisconsin be Flown at Half-Staff as a Mark of Respect for brothers Fireman First Class Malcom J. Barber, Fireman First Class Leroy K. Barber, and Fireman Second Class Randolph H. Barber of the United States Navy Who Lost Their Lives on the Battleship USS Oklahoma during the Attack on Pearl Harbor",2021-09-09,other,,https://evers.wi.gov/Documents/EO/EO131-FlagHalfStaffFlagBarberBrothers.pdf
WI-EO-132,132,Gov. Evers Executive Order 132: Relating to a Proclamation that the Flag of the United States and the Flag of the State of Wisconsin Be Flown at Half-Staff in Honor of State Day of Service and Remembrance,2021-09-10,other,,https://evers.wi.gov/Documents/EO/EO132-%20FlagHalfStaff%209-11.pdf
WI-EO-133,133,Gov Evers Executive Order 133: Relating to a Proclamation that the Flag of the United States and the Flag of the State of Wisconsin be Flown at Half-Staff as a Mark of Respect for Navy Fireman First Class Kenneth E. Doernenburg of the United States Navy Who Lost His Life on the Battleship USS Oklahoma during the Attack on Pearl Harbor,2021-09-24,other,,https://evers.wi.gov/Documents/EO/EO133-FlagHalfStaffDoernenburg.pdf
WI-EO-134,134,Gov. Evers Executive Order 134: Relating to a Proclamation that the Flag of the United States and the Flag of the State of Wisconsin Be Flown at Half-Staff as a Mark of Respect for Officer Joseph Kurer of the Fond du Lac Police Department,2021-09-28,other,,https://evers.wi.gov/Documents/EO/EO134-FlagHalfStaffJosephKurer.pdf
WI-EO-135,135,Gov. Evers Executive Order 135: Relating to a Proclamation that the Flag of the United States and the Flag of the State of Wisconsin Be Flown at Half-Staff as a Mark of Respect for the Firefighters of Wisconsin Who Have Given Their Lives in the Line of Du,2021-10-07,other,,https://evers.wi.gov/Documents/EO/EO135-FirefighterMemorialDay2021.pdf
WI-EO-136,136,Gov. Evers Executive Order 136: Relating to a Formal Apology for Wisconsin's History of Indian Boarding Schools and a Declaration of Support for Federal Investigations into the Same,2021-10-11,other,,https://evers.wi.gov/Documents/EO/EO136-IndianBoardingSchools.pdf
WI-EO-137,137,Gov. Evers Executive Order 137: Relating to a Proclamation that the Flag of the United States and the Flag of the State of Wisconsin be Flown at Half-Staff as a Mark of Respect for Navy Seaman Second Class Arthur R. Thinnes of the United States Navy Who Lost His Life on the Battleship USS Oklahoma during the Attack on Pearl Harbor,2021-10-13,other,,https://evers.wi.gov/Documents/EO/EO137-FlagHalfStaffFlagThinnes.pdf
WI-EO-138,138,Gov. Evers Executive Order 138: Relating to a Proclamation that the Flag of the United States and the Flag of the State of Wisconsin Be Flown at Half-Staff as a Mark of Respect for Volunteer Firefighter Gary E. Berg of the North Prairie Fire Department,2021-10-27,other,,https://evers.wi.gov/Documents/EO/EO138-FlagHalfStaffGaryBerg2.pdf
WI-EO-139,139,Gov. Evers Executive Order 139: Relating to a Proclamation that the Flag of the United States and the Flag of the State of Wisconsin Be Flown at Half-Staff as a Mark of Respect for Navy Hospital Apprentice 1st Class Keefe R. Connolly of the United States Navy Who Lost His Life on the Battleship USS Oklahoma during the Attack on Pearl Harbor,2021-11-04,other,,https://evers.wi.gov/Documents/EO/EO139-FlagHalfStaffConnolly.pdf
WI-EO-140,140,"Gov. Evers Executive Order 140: Relating to a Proclamation that the Flag of the United States and the Flag of the State of Wisconsin Be Flown at Half-Staff as a Mark of Respect for Lt. Col. John A. Palese, Jr., of the Town of Hartford Police Department",2021-11-11,other,,https://evers.wi.gov/Documents/EO/EO140-FlagHalfStaffJohnPaleseJr.pdf
WI-EO-141,141,Gov. Evers Executive Order 141: Relating to a Proclamation that the Flag of the United States and the Flag of the State of Wisconsin Be Flown at Half-Staff as a Mark of Respect for the Victims of the Tragedy at the 2021 Waukesha Christmas Parade,2021-11-22,other,,https://evers.wi.gov/Documents/EO/EO141%20-FlagHalfStaffWaukeshaChristmasParadeTragedy.pdf
WI-EO-142,142,Gov. Evers Executive Order 142: Relating to a Proclamation that the Flag of the United States and the Flag of the State of Wisconsin Be Flown at Half-Staff as a Mark of Respect for Officer Daniel J. Daly of the Beloit Police Department,2021-11-23,other,,https://evers.wi.gov/Documents/EO/EO142-FlagHalfStaffDanielDaly.pdf
WI-EO-143,143,Gov. Evers Executive Order 143: Relating to a Proclamation that the Flag of the United States and the Flag of the State of Wisconsin Be Flown at Half-Staff as a Mark of Respect for Master Trooper Dan Stainbrook of the Wisconsin State Patrol,2021-11-29,other,,https://evers.wi.gov/Documents/EO/EO143-FlagHalfStaffDanStainbrook.pdf
WI-EO-144,144,Gov. Evers Executive Order 144: Relating to a Proclamation that the Flag of the United States and the Flag of the State of Wisconsin Be Flown at Half-Staff as a Mark of Respect for Firefighter Brandon R. Romo of the Pardeeville Fire Department,2021-12-03,other,,https://evers.wi.gov/Documents/EO/EO144-FlagHalfStaffBrandonRomo.pdf
WI-EO-145,145,Gov. Evers Executive Order 145: Relating to a Proclamation that the Flag of the United States and the Flag of the State of Wisconsin Be Flown at Half-Staff on National Pearl Harbor Remembrance Day,2021-12-06,other,,https://evers.wi.gov/Documents/EO/EO145-FlagHalfStaffPearlHarborDay.pdf
WI-EO-146,146,Gov. Evers Executive Order 146: Relating to a Proclamation that the Flag of the United States and the Flag of the State of Wisconsin Be Flown at Half-Staff as a Mark of Respect for the Honorable George S. Curry,2021-12-10,other,,https://evers.wi.gov/Documents/EO/EO146-FlagHalfStaffGeorgeCurry.pdf
WI-EO-147,147,Gov. Evers Executive Order 147: Relating to a Proclamation that the Flag of the United States and the Flag of the State of Wisconsin Be Flown at Half-Staff as a Mark of Respect for Battalion Chief Sean Slowey of the Milwaukee Fire Department,2021-12-16,other,,https://ever.wi.gov/Documents/EO/EO147-FlagHalfStaffSeanSlowey.pdf
WI-EO-148,148,Gov. Evers Executive Order 148: Relating to a Proclamation that the Flag of the United States and the Flag of the State of Wisconsin May be Flown at Half-Staff in Marinette County as a Mark of Respect for Bryan G. Peth of the Town of Peshtigo Fire Department and the Wisconsin State Patrol,2021-12-20,other,,https://evers.wi.gov/Documents/EO/EO148-FlagHalfStaffBryanPeth.pdf
WI-EO-149,149,Gov. Evers Executive Order 149: Relating to a Proclamation that the Flag of the United States and the Flag of the State of Wisconsin Be Flown at Half-Staff as a Mark of Respect for Wisconsin Department of Military Affairs Employee Chad P. Christiansen,2021-12-22,other,,https://evers.wi.gov/Documents/EO/EO149-FlagHalfStaffChadChristiansen.pdf
WI-EO-150,150,Gov. Evers Executive Order 150: Relating to a Proclamation that the Flag of the United States and the Flag of the State of Wisconsin Be Flown at Half-Staff as a Mark of Respect for Firefighter Stephen M. Smith of the Vandenbroek-Kaukauna Fire Department,2021-12-28,other,,https://evers.wi.gov/Documents/EO/EO150-FlagHalfStaffStephenSmith[86064].pdf
WI-EO-152,152,Gov. Evers Executive Order 152: Relating to a Proclamation that the Flag of the United States and the Flag of the State of Wisconsin Be Flown at Half-Staff as a Mark of Respect for Firefighter James Ludlum of the Mineral Point Fire Department,2022-01-10,other,,https://evers.wi.gov/Documents/EO/EO152-FlagHalfStaffJamesLudlum.pdf
WI-EO-153,153,Gov. Evers Executive Order 153: Relating to a Proclamation that the Flag of the United States and the Flag of the State of Wisconsin Be Flown at Half-Staff as a Mark of Respect for Captain Brian Busch of the Mineral Point Fire Department,2022-01-11,other,,https://evers.wi.gov/Documents/EO/EO153-FlagHalfStaffBrianBusch.pdf
WI-EO-154,154,Gov. Evers Executive Order 154: Relating to a Proclamation that the Flag of the United States and the Flag of the State of Wisconsin Be Flown at Half-Staff as a Mark of Respect for Firefighter Robert A. Stevens of the Fremont-Wolf River Fire Department,2022-02-01,other,,https://evers.wi.gov/Documents/EO/EO154-FlagHalfStaffRobertStevens.pdf
WI-EO-155,155,Gov. Evers Executive Order 155: Relating to a Proclamation that the Flag of the United States and the Flag of the State of Wisconsin Be Flown at Half-Staff as a Mark of Respect for former State Senator Joseph S. Leean,2022-02-11,other,,https://evers.wi.gov/Documents/EO/EO155-FlagHalfStaffSenLeean[84125].pdf
WI-EO-156,156,"Gov. Evers Executive Order 156: Relating to a Special Session of the Legislature on Expending State Surplus Dollars to Address Rising Costs for Families, Reduce Barriers to Employment, and Invest in Education",2022-02-16,other,,https://evers.wi.gov/Documents/EO/EO156-SurplusSOTS[85630].pdf
WI-EO-157,157,Gov. Evers Executive Order 157: Relating to the Creation of the Governor's Blue Ribbon Commission on Veteran Opportunity,2022-02-21,other,,https://evers.wi.gov/Documents/EO/EO157-BRCVeterans[87000].pdf
WI-EO-158,158,Gov. Evers Executive Order 158: Relating to a Proclamation that the Flag of the United States and the Flag of the State of Wisconsin Be Flown at Half-Staff as a Mark of Respect for former State Representative Daniel Roy LeMahieu,2022-02-25,other,,https://evers.wi.gov/Documents/EO/EO158-FlagHalfStaffRepLeMahieu.pdf
WI-EO-159,159,Gov. Evers Executive Order 159: Relating to a Proclamation that the Flag of the United States and the Flag of the State of Wisconsin Be Flown at Half-Staff as a Mark of Respect for former Lieutenant Governor Margaret Farrow,2022-03-17,other,,https://evers.wi.gov/Documents/EO/EO159-FlagHalfStaffLtGovFarrow.pdf
WI-EO-160,160,Gov. Evers Executive Order 160: Relating to a Proclamation that the Flag of the United States and the Flag of the State of Wisconsin May be Flown at Half-Staff in Fond du Lac County as a Mark of Respect for Fond du Lac County Executive  Allen J. Buechel,2022-03-29,other,,https://evers.wi.gov/Documents/EO/EO160-FlagHalfStaffAllenBuechel[96641].pdf
WI-EO-161,161,Gov. Evers Executive Order 161:Relating to the Creation of the Office of Environmental Justice,2022-04-22,other,,https://evers.wi.gov/Documents/EO/EO161-OEJ.pdf
WI-EO-162,162,"Gov. Evers Executive Order 162: Relating to a Proclamation that the Flag of the United States and the Flag of the State of Wisconsin Be Flown at Half-Staff on May 14, 2022, in Honor of Hmong-Lao Veterans",2022-05-13,other,,https://evers.wi.gov/Documents/EO/EO162-FlagHalfStaffHmong-LaoVeteransDay.pdf
WI-EO-163,163,Gov. Evers Executive Order 163: Relating to a Proclamation that the Flag of the United States and the Flag of the State of Wisconsin Be Flown at Half-Staff as a Mark of Respect for Peace Officers Who Have Given Their Lives in the Line of Duty,2022-05-13,other,,https://evers.wi.gov/Documents/EO/EO163-FlagHalfStaffPeaceOfficerDay.pdf
WI-EO-164,164,Gov. Evers Executive Order 164: Relating to Declaring a Period of Abnormal Economic Disruption and Prohibiting Price Gouging Due to Infant Formula Supply Challenges,2022-05-26,operational,,https://evers.wi.gov/Documents/EO/EO164-EconomicDisruption[132388].pdf
WI-EO-165,165,Gov. Evers Executive Order 165: Relating to a Proclamation that the Flag of the United States and the Flag of the State of Wisconsin Be Flown at Half-Staff on Memorial Day,2022-05-27,other,,https://evers.wi.gov/Documents/EO/EO165-FlagHalfStaffMemorialDay2022[132692].pdf
WI-EO-166,166,Gov. Evers Executive Order 166: Relating to a Proclamation that the Progress Pride Flag Be Flown over the East Wing of the Wisconsin State Capitol Building in Recognition of Pride Month,2022-06-01,other,,https://evers.wi.gov/Documents/EO/EO166-PrideFlag2022[133148].pdf
WI-EO-167,167,Gov. Evers Executive Order 167: Relating to a Proclamation that the Flag of the United States and the Flag of the State of Wisconsin Be Flown at Half-Staff as a Mark of Respect for former State Representative Sheryl K. Albers-Anders,2022-06-02,other,,https://evers.gov/Documents/EO/EO167-FlagHalfStaffRepAlbersAnders.pdf
WI-EO-168,168,Gov. Evers Executive Order 168: Relating to a Special Session of the Legislature to Protect Reproductive  Rights and Healthcare Access,2022-06-08,other,,http://https://evers.wi.gov/Documents/EO/EO168-SSRoe.pdf
WI-EO-169,169,Gov. Evers Executive Order 169: Relating to a Proclamation that  the Juneteenth Flag Be Flown over the East Wing of the State Capitol Building,2022-06-17,other,,https://evers.wi.gov/Documents/EO/EO169-Juneteenth2022.pdf
WI-EO-171,171,Gov. Evers Executive Order 171: Relating to a Proclamation that the Flag of the United States and the Flag of the State of Wisconsin Be Flown at Half-Staff as a Mark of Respect for the Honorable John P. Roemer,2022-07-13,other,,https://evers.wi.gov/Documents/EO/EO171-FlagHalfStaffJohnRoemer.pdf
WI-EO-172,172,Gov. Evers Executive Order 172: Relating to a Proclamation that the Flag of the United States and the Flag of the State of Wisconsin Be Flown at Half-Staff as a Mark of Respect for former State Senator Jeffrey Plale,2022-07-25,other,,https://evers.wi.gov/Documents/EO/EO172-FlagHalfStaffSenPlale.pdf
WI-EO-173,173,Gov. Evers Executive Order 173: Relating to a Proclamation that the Flag of the United States and the Flag of the State of Wisconsin Be Flown at Half-Staff to Mark the 10th Anniversary of the Oak Creek Sikh Temple Shooting,2022-08-04,other,,https://evers.wi.gov/Documents/EO/EO173-FlagHalfStaffOakCreek10thAnniversary.pdf
WI-EO-174,174,Gov. Evers Executive Order 174: Relating to a Proclamation that the Flag of the United States and the Flag of the State of Wisconsin Be Flown at Half-Staff in Honor of State Day of Service and Remembrance,2022-09-08,other,,https://evers.wi.gov/Documents/EO/EO174-DayofService2022.pdf
WI-EO-175,175,Gov. Evers Executive Order 175: Relating to a Special Session of the Legislature to Allow Binding Referenda and Ballot Initiatives,2022-09-21,other,,https://evers.wi.gov/Documents/EO/EO175-RefSS.pdf
WI-EO-176,176,Gov. Evers Executive Order 176: Relating to a Proclamation that the Flag of the United States and the Flag of the State of Wisconsin Be Flown at Half-Staff as a Mark of Respect for the Firefighters of Wisconsin Who Have Given Their Lives in the Line of Duty,2022-09-30,other,,https://evers.wi.gov/Documents/EO/EO176-FirefightersMemorialDay2022.pdf
WI-EO-177,177,Gov. Evers Executive Order 177: Relating to a Proclamation that the Flag of the United States and the Flag of the State of Wisconsin Be Flown at Half-Staff to Mark the First Anniversary of the Waukesha Christmas Parade Tragedy,2022-11-18,other,,https://evers.wi.gov/Documents/EO/EO177-FlagHalfStaffWaukesha1stAnniversary.pdf
WI-EO-178,178,Gov. Evers Executive Order 178: Relating to a Special Election for the Eighth Senate District,2022-12-02,other,,https://evers.wi.gov/Documents/EO/EO178-RelatingtoaSpecialElection.pdf
WI-EO-179,179,Gov. Evers Executive Order 179: Relating to a Proclamation that the Flag of the United States and the Flag of the State of Wisconsin Be Flown at Half-Staff on National Pearl Harbor Remembrance Day,2022-12-06,other,,https://evers.wi.gov/Documents/EO/EO179-PearlHarborRemembranceDay.pdf
WI-EO-180,180,Gov. Evers Executive Order 180: Relating to a Proclamation that the Flag of the United States and the Flag of the State of Wisconsin Be Flown at Half-Staff as a Mark of Respect for Aundre Cross,2022-12-21,other,,http://evers.wi.gov/Documents/EO/EO180-FlagHalfStaffAundreCross.pdf
WI-EO-181,181,Gov. Evers Executive Order 181: Relating to Declaring an Energy Emergency,2022-12-22,operational,,http://evers.wi.gov/Documents/EO/EO181_Declaring%20an%20Energy%20Emergency%20December%202022.pdf
WI-EO-182,182,Gov. Evers Executive Order 182: Relating to the Recreation of Non-Statutory Committees,2023-01-04,other,,http://evers.wi.gov/Documents/EO/EO182-RecreatingNonStatCommittees%20(002).pdf
WI-EO-183,183,Gov. Evers Executive Order 183: Relating to Declaring an Energy Emergency,2023-01-06,operational,,http://evers.wi.gov/Documents/EO/EO183-%20Energy%20Emergency.pdf
WI-EO-184,184,Gov. Evers Executive Order 184: Relating to Cybersecurity and Prohibiting the Use of Certain Foreign Technologies,2023-01-12,other,,https://evers.wi.gov/Documents/EO/EO184-Cybersecurity[73].pdf
WI-EO-185,185,Gov. Evers Executive Order #185: Relating to a Proclamation that the Flag of the United States and the Flag of the State of Wisconsin Be Flown at Half-Staff as a Mark of Respect for Milwaukee Police Officer Peter Jerving,2023-02-10,other,,https://content.govdelivery.com/attachments/WIGOV/2023/02/09/file_attachments/2405737/EO185-FlagHalfStaffOfficerJerving.pdf
WI-EO-186,186,Gov. Evers Executive Order #186: Relating to Declaring an Energy Emergency,2023-02-22,operational,,https://content.govdelivery.com/attachments/WIGOV/2023/02/23/file_attachments/2416964/EO186-EnergyEmergency.pdf
WI-EO-187,187,"Gov. Evers Executive Order #187: Relating to a Proclamation that the Flag of the United States and the Flag of the State of Wisconsin Be Flown at Half-Staff as a Mark of Respect for Former Governor Anthony ""Tony"" S. Earl",2023-02-23,other,,https://content.govdelivery.com/attachments/WIGOV/2023/02/23/file_attachments/2417377/EO187-FlagHalfStaffGovernorEarl.pdf
WI-EO-188,188,Gov. Evers Executive Order #188: Relating to a Proclamation that the Flag of the United States and the Flag of the State of Wisconsin Be Flown at Half-Staff as a Mark of Respect for Lake Mills Fire Department Chief Todd Yandre,2023-02-24,other,,https://content.govdelivery.com/attachments/WIGOV/2023/02/23/file_attachments/2418260/EO188-FlagHalfStaffChiefYandre.pdf
WI-EO-189,189,"Gov. Evers Executive Order #189: Relating to a Proclamation that the Flag of the United States and the Flag of the State of Wisconsin Be Flown at Half-Staff as a Mark of Respect for Army Private First Class William LaVerne ""Sonny"" Simon",2023-03-24,other,,https://evers.wi.gov/Documents/EO/EO189-FlagHalfStaffPFCSimon.pdf
WI-EO-190,190,Gov. Evers Executive Order #190: Relating to  Updates to the Telecommunications Relay Service Council,2023-04-07,other,,https://evers.wi.gov/Documents/EO/EO190-TRSCouncil.pdf
WI-EO-191,191,Gov. Evers Executive Order #191: Relating to a Declaration of a State of Emergency in Response to Elevated Wildfire Conditions,2023-04-12,declaration,fire,https://evers.wi.gov/Documents/EO/EO191-WildfireConditions.pdf
WI-EO-192,192,Gov. Evers Executive Order #192: Relating to a Proclamation that the Flag of the United States and the Flag of the State of Wisconsin Be Flown at Half-Staff as a Mark of Respect for Chetek Police Officer Emily Breidenbach,2023-04-12,other,,https://evers.wi.gov/Documents/EO/EO192-FlagHalfStaffOfficerBreidenbach.pdf
WI-EO-193,193,Gov. Evers Executive Order #193: Relating to a Proclamation that the Flag of the United States and the Flag of the State of Wisconsin Be Flown at Half-Staff as a Mark of Respect for Cameron Police Officer Hunter Scheel,2023-04-12,other,,https://evers.wi.gov/Documents/EO/EO193-FlagHalfStaffOfficerScheel.pdf
WI-EO-194,194,Gov. Evers Executive Order #194: Relating to a Proclamation Declaring a State of Emergency in Response to Widespread Flooding,2023-04-18,declaration,flood,https://evers.wi.gov/Documents/EO/EO194-FloodingEmergency.pdf
WI-EO-195,195,Gov. Evers Executive Order #195: Relating to the Creation of the Governor's Green Ribbon Commission on Clean Energy and Environmental Innovation,2023-04-19,other,,https://evers.wi.gov/Documents/EO/EO195-GreenRibbonCommission.pdf
WI-EO-196,196,Gov. Evers Executive Order #196: Relating to a Proclamation that the Flag of the United States and the Flag of the State of Wisconsin Be Flown at Half-Staff as a Mark of Respect for Army Air Forces First Lieutenant Roy Coulson Harms,2023-05-03,other,,https://evers.wi.gov/Documents/EO/EO196-FlagHalfStaffLtHarms.pdf
WI-EO-197,197,Gov. Evers Executive Order #197: Relating to a Proclamation that the Flag of the United States and the Flag of the State of Wisconsin Be Flown at Half-Staff as a Mark of Respect for the Firefighters of Wisconsin Who Have Given Their Lives in the Line of Duty,2023-05-04,other,,https://evers.wi.gov/Documents/EO/EO197-FirefighterMemorial2023.pdf
WI-EO-198,198,Gov. Evers Executive Order #198: Relating to a Special Election for the Twenty-Fourth Assembly District,2023-05-05,other,,https://evers.wi.gov/Documents/EO/EO198-SpecialElectionAD24.pdf
WI-EO-199,199,Gov. Evers Executive Order #199: Relating to a Proclamation that the Flag of the United States and the Flag of the State of Wisconsin Be Flown at Half-Staff as a Mark of Respect for St. Croix County Sheriff's Deputy Kaitie Leising,2023-05-09,other,,https://evers.wi.gov/Documents/EO/EO199-FlagHalfStaffDeputyLeising.pdf
WI-EO-200,200,Gov Evers Executive Order #200: Relating to a Proclamation that the Flag of the United States and the Flag of the State of Wisconsin Be Flown at Half-Staff in Honor of Hmong-Lao Veterans,2023-05-10,other,,https://evers.wi.gov/Documents/EO/EO200-FlagHalfStaffHmong-LaoVeteransDay.pdf
WI-EO-201,201,Gov. Evers Executive Order #201: Relating to a Proclamation that the Flag of the United States and the Flag of the State of Wisconsin Be Flown at Half-Staff as a Mark of Respect for Peace Officers Who Have Given Their Lives in the Line of Duty,2023-05-10,other,,https://evers.wi.gov/Documents/EO/EO201-FlagHalfStaffPeaceOfficerMemorialDay.pdf
WI-EO-202,202,Gov. Evers Executive Order #202: Relating to a Proclamation that the Flag of the United States and the Flag of the State of Wisconsin Be Flown at Half-Staff as a Mark of Respect for Navy Seaman Second Class David Joseph Riley,2023-05-25,other,,https://evers.wi.gov/Documents/EO/EO202-FlagHalfStaffSSCRiley.pdf
WI-EO-203,203,Gov. Evers Executive Order #203: Relating to a Proclamation that the Flag of the United States and the Flag of the State of Wisconsin Be Flown at Half-Staff on Memorial Day,2023-05-25,other,,https://evers.wi.gov/Documents/EO/EO203-FlagHalfStaffMemorialDay2023.pdf
WI-EO-204,204,Gov. Evers Executive Order #204: Relating to a Proclamation that the Progress Pride Flg Be Flown Over the East Wing of the Wisconsin State Capitol Building in Recognition of Pride Month,2023-06-01,other,,https://evers.wi.gov/Documents/EO/EO204-PrideFlag2023.pdf
WI-EO-205,205,Gov. Evers Executive Order #205: Relating to a Proclamation that the Juneteenth Flag Be Flown over the East Wing of the Wisconsin State Capitol Building,2023-06-16,other,,https://evers.wi.gov/Documents/EO/EO205-JuneteenthFlag2023.pdf
WI-EO-206,206,Gov. Evers Executive Order #206: Relating to a Proclamation that the Flag of the United States and the Flag of the State of Wisconsin Be Flown at Half-Staff as a Mark of Respect for Private First Class Clinton P. Koloski,2023-06-29,other,,https://evers.wi.gov/Documents/EO/EO206-FlagHalfStaffPFCKoloski.pdf
WI-EO-207,207,Gov. Evers Executive Order #207: Relating to a Proclamation that the Flag of the United States and the Flag of the State of Wisconsin Be Flown at Half-Staff as a Mark of Respect for former State Representative Michael Endsley,2023-07-20,other,,https://evers.wi.gov/Documents/EO/EO207-FlagHalfStaffRepEndsley.pdf
WI-EO-208,208,Gov. Evers Executive Order #208: Relating to a Special Session of the Legislature to Address Wisconsin's Workforce Challenges,2023-08-08,other,,https://evers.wi.gov/Documents/EO/EO208-SSWorkforceChallenges.pdf
WI-EO-209,209,Gov. Evers Executive Order #209: Relating to a Proclamation that the Flag of the United States and the Flag of the State of Wisconsin Be Flown at Half-Staff as a Mark of Respect for Lance Corporal Tanner Kaltenberg,2023-08-11,other,,https://evers.wi.gov/Documents/EO/EO209-FlagHalfStaffLCplKaltenberg.pdf
WI-EO-210,210,Gov. Evers Executive Order #210: Relating to a Proclamation that the Flag of the United States and the Flag of the State of Wisconsin Be Flown at Half-Staff as a Mark of Respect for Army Corporal Donald L. DuPont Who Lost His Life in the Korean War,2023-08-21,other,,https://evers.wi.gov/Documents/EO/EO210-FlagHalfStaffCplDuPont.pdf
WI-EO-211,211,Gov. Evers Executive Order #211: Relating to the Creation of the Governor's Task Force on Workforce and Artificial Intelligence,2023-08-23,other,,https://evers.wi.gov/Documents/EO/EO211-AITaskForce.pdf
WI-EO-212,212,Gov. Evers Executive Order #212: Relating to a Proclamation that the Flag of the United States and the Flag of the State of Wisconsin Be Flown at Half-Staff in Honor of State Day of Service and Remembrance,2023-09-07,other,,https://evers.wi.gov/Documents/EO/EO212-DayofService2023.pdf
WI-EO-213,213,Gov. Evers Executive Order #213: Relating to Postsecondary Educational Institution Compliance with the U.S. Department of Education Program Integrity Rule,2023-10-05,other,,https://evers.wi.gov/Documents/EO/EO213-DeptofEdIntegrity2023[72].pdf
WI-EO-214,214,Gov. Evers Executive Order #214: Relating to a Proclamation that the Flag of the United States and the Flag of the State of Wisconsin Be Flown at Half-Staff as a Mark of Respect for Army Private First Class Charles A. Dickman Who Lost His Life in the Korean War,2023-10-18,other,,https://evers.wi.gov/Documents/EO/EO214-FlagHalfStaffPFCDickman.pdf
WI-EO-215,215,Gov. Evers Executive Order #215: Relating to a Proclamation that the Flag of the United States and the Flag of the State of Wisconsin Be Flown at Half-Staff as a Mark of Respect for former State Representative John Klenke,2023-10-25,other,,https://evers.wi.gov/Documents/EO/EO215-FlagHalfStaffRepKlenke.pdf
WI-EO-216,216,Gov. Evers Executive Order #216: Relating to a Proclamation that the Flag of the United States and the Flag of the State of Wisconsin Be Flown at Half-Staff to Mark the Second Anniversary of the Waukesha Christmas Parade Tragedy,2023-11-17,other,,https://evers.wi.gov/Documents/EO/EO216%20-FlagHalfStaffWaukesha2ndAnniversary[75].pdf
WI-EO-217,217,Gov. Evers Executive Order #217: Relating to a Proclamation that the Flag of the United States and the Flag of the State of Wisconsin Be Flown at Half-Staff on National Pearl Harbor Remembrance Day,2023-12-04,other,,https://evers.wi.gov/Documents/EO/EO217-PearlHarborRemembranceDay[34].pdf
WI-EO-218,218,Gov. Evers Executive Order #218: Relating to the Re-Creation of the Criminal Justice Coordinating Council,2023-12-23,other,,https://evers.wi.gov/Documents/EO/EO218-RecreateCJCC.pdf
WI-EO-219,219,Gov. Evers Executive Order #219: Relating to a Proclamation that the Flag of the United States and the Flag of the State of Wisconsin Be Flown at Half-Staff as a Mark of Respect for Former Wisconsin United States Senator Herb Kohl,2023-12-28,other,,https://evers.wi.gov/Documents/EO/EO219-FlagHalfStaffSenatorKohl.pdf
WI-EO-220,220,Gov. Evers Executive Order #220: Relating to the Creation of the Governor's Task Force on the Healthcare Workforce,2024-01-29,other,,https://evers.wi.gov/Documents/EO/EO220-HealthcareTaskForce.pdf
WI-EO-221,221,Gov. Evers Executive Order #221: Relating to the Conservation and Restoration of Forestland in Wisconsin,2024-04-22,other,,https://evers.wi.gov/Documents/EO/EO221-TrillionTreesUpdate_unsigned.pdf
WI-EO-222,222,Gov. Evers Executive Order #222: Relating to a Proclamation that the Flag of the United States and the Flag of the State of Wisconsin Be Flown at Half-Staff as a Mark of Respect for the Firefighters of Wisconsin Who Have Given Their Lives in the Line of Duty,2024-05-02,other,,https://evers.wi.gov/Documents/EO/EO222-FirefighterMemorialDay2024.pdf
WI-EO-223,223,Gov. Evers Executive Order #223: Relating to a Proclamation that the Flag of the United States and the Flag of the State of Wisconsin Be Flown at Half-Staff as a Mark of Respect for Peace Officers Who Have Given Their Lives in the Line of Duty,2024-05-09,other,,https://evers.wi.gov/Documents/EO/EO223-FlagHalfStaffPeaceOfficerMemorialDay.pdf
WI-EO-224,224,Gov. Evers Executive Order #224: Relating to a Proclamation that the Flag of the United States and the Flag of the State of Wisconsin Be Flown at Half-Staff in Honor of Hmong-Lao Veterans,2024-05-13,other,,https://evers.wi.gov/Documents/EO/EO224-FlagHalfStaffHmong-LaoVeteransDay.pdf
WI-EO-225,225,Gov. Evers Executive Order #225: Relating to a Special Election for the Fourth Senate District,2024-05-14,other,,https://evers.wi.gov/Documents/EO/EO225-SpecialElectionSD4.pdf
WI-EO-226,226,Gov. Evers Executive Order #226: Relating to a Special Election for the Eighth Congressional District,2024-05-14,other,,https://evers.wi.gov/Documents/EO/EO226-SpecialElectionCD8.pdf
WI-EO-227,227,Gov. Evers Executive Order #227: Relating to a Proclamation that the Flag of the United States and the Flag of the State of Wisconsin Be Flown at Half-Staff on Memorial Day,2024-05-23,other,,https://evers.wi.gov/Documents/EO/EO227-FlagHalfStaffMemorialDay2024.pdf
WI-EO-228,228,Gov. Evers Executive Order #228: Relating to a Proclamation Declaring a State of Emergency in Response to the 2024 Republican National Convention,2024-05-29,other,,https://evers.wi.gov/Documents/EO/Evers_EO228.pdf
WI-EO-229,229,Gov. Evers Executive Order #229: Relating to a Proclamation that the Progress Pride Flag Be Flown over the East Wing of the Wisconsin State Capitol Building in Recognition of Pride Month,2024-05-31,other,,https://evers.wi.gov/Documents/EO/EO229-PrideFlag2024.pdf
WI-EO-230,230,Gov. Evers Executive Order #230: Relating to a Proclamation that the Juneteenth Flag Be Flown over the East Wing of the Wisconsin State Capitol Building,2024-06-17,other,,https://evers.wi.gov/Documents/EO/EO230-JuneteenthFlag2024.pdf
WI-EO-231,231,Gov. Evers Executive Order #231: Relating to a Proclamation that the Flag of the United States and the Flag of the State of Wisconsin be Flown at Half-Staff as a Mark of Respect for Wisconsin Department of Corrections Employee Corey P. Proulx,2024-06-26,other,,https://evers.wi.gov/Documents/EO/EO231-FlagsHalfStaffProulx.pdf
WI-EO-232,232,Gov. Evers Executive Order #232: Declaring a State of Emergency in Response to Severe Weather,2024-06-28,declaration,severe_storm,https://evers.wi.gov/Documents/EO/EO232-StateofEmergencySevereWeather.pdf
WI-EO-233,233,Gov. Evers Executive Order #233: Relating to a Proclamation that the Flag of the United States and the State of Wisconsin May Be Flown at Half-Staff in Racine County as a Mark of Respect for Racine County Executive Jonathan Delagrave,2024-06-28,other,,https://evers.wi.gov/Documents/EO/EO233-FlagsHalfStaffDelagrave.pdf
WI-EO-234,234,Gov. Evers Executive Order #234: Declaring a State of Emergency in Response to Widespread Flooding,2024-07-12,declaration,flood,https://evers.wi.gov/Documents/EO/EO234-StateofEmergencyFlooding.pdf
WI-EO-235,235,Gov. Evers Executive Order #235: Relating to a Proclamation that the Flag of the United States and the Flag of the State of Wisconsin be Flown at Half-Staff as a Mark of Respect for Major General (Ret.) Jerald David (Jerry) Slack,2024-07-18,other,,https://evers.wi.gov/Documents/EO/EO235-FlagsHalfStaffSlack.pdf
WI-EO-236,236,Gov. Evers Executive Order #236: Relating to a Proclamation that the Flag of the United States and the Flag of the State of Wisconsin Be Flown at Half-Staff as a Mark of Respect for Sergeant Jack Hohlfeld Who Lost His Life in World War II,2024-08-23,other,,https://evers.wi.gov/Documents/EO/EO236-FlagHalfStaffSgtHohlfeld.pdf
WI-EO-237,237,Gov. Evers Executive Order #237: Relating to a Proclamation that the Flag of the United States and the Flag of the State of Wisconsin Be Flown at Half-Staff as a Mark of Respect for former State Representative James Soletski,2024-08-28,other,,https://evers.wi.gov/Documents/EO/EO237-FlagHalfStaffRepSoletski.pdf
WI-EO-238,238,Gov. Evers Executive Order #238: Relating to a Proclamation that the Flag of the United States and the Flag of the State of Wisconsin Be Flown at Half-Staff as a Mark of Respect for Corporal Robert P. Raess Who Lost His Life in the Korean War,2024-09-05,other,,https://evers.wi.gov/Documents/EO/EO238-FlagHalfStaffCplRaess.pdf
WI-EO-239,239,Gov. Evers Executive Order #239: Relating to a Proclamation that the Flag of the United States and the Flag of the State of Wisconsin Be Flown at Half-Staff as a Mark of Respect for former State Representative Stephen J. Freese,2024-09-05,other,,https://evers.wi.gov/Documents/EO/EO239-FlagHalfStaffRepFreese.pdf
WI-EO-240,240,Gov. Evers Executive Order #240: Relating to a Proclamation that the Flag of the United States and the Flag of the State of Wisconsin Be Flown at Half-Staff in Honor of State Day of Service and Remembrance,2024-09-09,other,,https://evers.wi.gov/Documents/EO/EO240-DayofService2024.pdf
WI-EO-241,241,Gov. Evers Executive Order #241: Relating to a Proclamation that the Flag of the United States and the Flag of the State of Wisconsin Be Flown at Half-Staff as a Mark of Respect for Staff Sergeant Ralph H. Bode Who Lost His Life in World War II,2024-09-25,other,,https://evers.wi.gov/Documents/EO/EO241-FlagHalfStaffSSgtBode.pdf
WI-EO-242,242,Gov. Evers Executive Order #242: Relating to a Proclamation that the Flag of the United States and the Flag of the State of Wisconsin Be Flown at Half-Staff as a Mark of Respect for Milwaukee Alderman and former State Representative Jonathan Brostoff,2024-11-07,other,,https://evers.wi.gov/Documents/EO/EO242-FlagHalfStaffRepBrostoff.pdf
WI-EO-243,243,Gov. Evers Executive Order #243: Relating to a Proclamation that the Flag of the United States and the Flag of the State of Wisconsin Be Flown at Half-Staff as a Mark of Respect for former State Representative Fred Kessler,2024-11-15,other,,https://evers.wi.gov/Documents/EO/EO243-FlagHalfStaffRepKessler.pdf
WI-EO-244,244,Gov. Evers Executive Order #244: Relating to a Proclamation that the Flag of the United States and the Flag of the State of Wisconsin Be Flown at Half-Staff to Mark the Third Anniversary of the Waukesha Christmas Parade Tragedy,2024-11-19,other,,https://evers.wi.gov/Documents/EO/EO244%20-FlagHalfStaffWaukesha3rdAnniversary.pdf
WI-EO-245,245,Gov. Evers Executive Order #245: Relating to a Proclamation that the Flag of the United States and the Flag of the State of Wisconsin Be Flown at Half-Staff as a Mark of Respect for former State Representative Betty Jo Nelsen,2024-11-27,other,,https://evers.wi.gov/Documents/EO/EO245-FlagHalfStaffRepNelsen.pdf
WI-EO-246,246,Gov. Evers Executive Order #246: Relating to a Proclamation that the Flag of the United States and the Flag of the State of Wisconsin Be Flown at Half-Staff on National Pearl Harbor Remembrance Day,2024-12-05,other,,https://evers.wi.gov/Documents/EO/EO246-PearlHarborRemembranceDay.pdf
WI-EO-247,247,"Gov. Evers Executive Order #247: Relating to a Proclamation that the Flag of the United States and the Flag of the State of Wisconsin Be Flown at Half-Staff as a Mark of Respect for former Wisconsin Supreme Court Justice David T. Prosser, Jr.",2024-12-12,other,,https://evers.wi.gov/Documents/EO/EO247-FlagHalfStaffJusticeProsser.pdf
WI-EO-248,248,Gov. Evers Executive Order #248: Relating to a Proclamation that the Flag of the United States and the Flag of the State of Wisconsin Be Flown at Half-Staff as a Mark of Respect for the Victims of the Tragedy at Abundant Life Christian School,2024-12-16,other,,https://evers.wi.gov/Documents/EO/EO248-FlagHalfStaffAbundantLifeTragedy[9].pdf
WI-EO-249,249,"Gov. Evers Executive Order #249: Relating to a Proclamation that the Flag of the United States and the Flag of the State of Wisconsin Be Flown at Half-Staff as a Mark of Respect for James Earl ""Jimmy"" Carter Jr., Former President of the United States",2024-12-29,other,,https://evers.wi.gov/Documents/EO/EO249-FlagHalfStaffPresidentCarter.pdf
WI-EO-251,251,Gov. Evers Executive Order #251: Relating to a Proclamation that the Flag of the United States and the Flag of the State of Wisconsin Be Flown at Half-Staff as a Mark of Respect for former State Senator Tim Cullen,2025-01-03,other,,https://evers.wi.gov/Documents/EO/EO251-FlagHalfStaffSenCullen.pdf
WI-EO-252,252,Gov. Evers Executive Order #252: Relating to a Proclamation that the Flag of the United States and the Flag of the State of Wisconsin Be Flown at Half-Staff as a Mark of Respect for former State Senator George Petak,2025-01-03,other,,https://evers.wi.gov/Documents/EO/EO252-FlagHalfStaffSenPetak.pdf
WI-EO-253,253,Gov. Evers Executive Order #253: Relating to Declaring an Energy Emergency,2025-01-08,operational,,https://evers.wi.gov/Documents/EO/EO253-EnergyEmergency.pdf
WI-EO-250,250,Gov. Evers Executive Order #250: Relating to Interagency Cooperation and Adherence to National Flood Insurance Program Requirements,2025-01-09,other,flood,https://evers.wi.gov/Documents/EO/EO250-NationalFloodInsuranceProgram.pdf
WI-EO-254,254,Gov. Evers Executive Order #254: Relating to Establishing the Wisconsin Office of Violence Prevention,2025-01-14,other,,https://evers.wi.gov/Documents/EO/EO254-OfficeofViolencePrevention.pdf
WI-EO-255,255,Gov. Evers Executive Order #255: Relating to a Proclamation that the Flag of the United States and the Flag of the State of Wisconsin Be Flown at Half-Staff as a Mark of Respect for Warrens Area Fire District Firefighter and Emergency Medical Responder Lori Ann Boelkes,2025-03-13,other,,https://evers.wi.gov/Documents/EO/EO255-FlagHalfStaffBoelkes.pdf
WI-EO-256,256,Gov. Evers Executive Order #256: Declaring a State of Emergency in Response to Severe Weather,2025-04-01,declaration,severe_storm,https://evers.wi.gov/Documents/EO/EO256-SevereWeatherEmergency.pdf
WI-EO-257,257,Gov. Executive Order #257: Relating to a Proclamation that the Flag of the United States and the Flag of the State of Wisconsin Be Flown at Half-Staff in Remembrance of His Holiness Pope Francis,2025-04-21,other,,https://evers.wi.gov/Documents/EO/EO257-FlagHalfStaffPopeFrancis.pdf
WI-EO-258,258,Gov. Evers Executive Order #258: Relating to a Proclamation that the Flag of the United States and the Flag of the State of Wisconsin Be Flown at Half-Staff as a Mark of Respect for the Firefighters of Wisconsin Who Have Given Their Lives in the Line of Duty,2025-05-01,other,,https://evers.wi.gov/Documents/EO/EO258-FirefighterMemorialDay2025.pdf
WI-EO-259,259,Gov. Evers Executive Order #259: Relating to a Proclamation that the Flag of the United States and the Flag of the State of Wisconsin Be Flown at Half-Staff as a Mark of Respect for Peace Officers Who Have Given Their Lives in the Line of Duty,2025-05-07,other,,https://evers.wi.gov/Documents/EO/EO259-PeaceOfficersMemorialDay2025.pdf
WI-EO-260,260,Executive Order #260: Relating to a Proclamation that the Flag of the United States and the Flag of the State of Wisconsin Be Flown at Half-Staff in Honor of Hmong-Lao Veterans,2025-05-09,other,,https://evers.wi.gov/Documents/EO/EO260-Hmong-LaoVeteransDay2025.pdf
WI-EO-261,261,Gov. Evers Executive Order #261: Relating to a Proclamation that the Flag of the United States and the Flag of the State of Wisconsin Be Flown at Half-Staff as a Mark of Respect for former State Representative James F. Rooney,2025-05-21,other,,https://evers.wi.gov/Documents/EO/EO261-FlagHalfStaffRepRooney.pdf
WI-EO-262,262,Gov. Evers Executive Order #262: Relating to a Proclamation that the Flag of the United States and the Flag of the State of Wisconsin Be Flown at Half-Staff as a Mark of Respect for Wisconsin Emergency Medical Service Professionals Who Have Given Their Lives in the Line of Duty,2025-05-22,other,,https://evers.wi.gov/Documents/EO/EO262-EmergencyMedicalServices2025.pdf
WI-EO-263,263,Gov. Evers Executive Order #263: Relating to a Proclamation that the Flag of the United States and the Flag of the State of Wisconsin Be Flown at Half-Staff on Memorial Day,2025-05-22,other,,https://evers.wi.gov/Documents/EO/EO263-FlagHalfStaffMemorialDay2025.pdf
WI-EO-264,264,Gov. Evers Executive Order #264: Relating to a Proclamation that the Progress Pride Flag Be Flown over the East Wing of the Wisconsin State Capitol Building in Recognition of Pride Month,2025-05-30,other,,https://evers.wi.gov/Documents/EO/EO264-PrideFlag2025.pdf
WI-EO-265,265,"Gov. Evers Executive Order #265: Relating to a Proclamation that the Flag of the United States and the Flag of the State of Wisconsin Be Flown at Half-Staff as a Mark of Respect for former Oneida Nation Chairman Gerald L. ""Jerry"" Danforth",2025-06-06,other,,https://evers.wi.gov/Documents/EO/EO265-FlagHalfStaffChairmanDanforth.pdf
WI-EO-266,266,"Gov. Evers Executive Order #266: Relating to a Proclamation that the Flag of the United States and the Flag of the State of Wisconsin be Flown at Half-Staff as a Mark of Respect for former Wisconsin National Guard Adjutant General Maj. Gen. Jerome ""Jerry"" Berard",2025-06-11,other,,https://evers.wi.gov/Documents/EO/EO266-FlagsHalfStaffBerard.pdf
WI-EO-267,267,Gov. Evers Executive Order #267: Relating to a Proclamation that the Juneteenth Flag Be Flown over the East Wing of the Wisconsin State Capitol Building,2025-06-17,other,,https://evers.wi.gov/Documents/EO/EO267-JuneteenthFlag2025.pdf
WI-EO-269,269,Gov. Evers Executive Order #269: Relating to a Proclamation that the Flag of the United States and the Flag of the State of Wisconsin Be Flown at Half-Staff as a Mark of Respect for Milwaukee Police Department Officer Kendall Corder,2025-06-30,other,,https://evers.wi.gov/Documents/EO/EO268-FlagHalfStaffOfficerCorder.pdf
WI-EO-269,269,"Gov. Evers Executive Order #269: Relating to a Proclamation that the Flag of the United States and the Flag of the State of Wisconsin Be Flown at Half-Staff as a Mark of Respect for Wisconsin State Patrol Bureau Director David Pabst and Teresa ""Teri"" Pabst",2025-07-17,other,,https://evers.wi.gov/Documents/EO/EO269-FlagHalfStaffDavidandTeriPabst.pdf
WI-EO-270,270,"Gov. Evers Executive Order #270: Relating to a Proclamation that the Flag of the United States and the Flag of the State of Wisconsin Be Flown at Half-Staff as a Mark of Respect for Van Dyne Fire Department Safety Officer, Firefighter, and Emergency Medical Responder Amie Sue Lee",2025-07-23,other,,https://evers.wi.gov/Documents/EO/EO270-FlagHalfStaffLee.pdf
WI-EO-271,271,Gov. Evers Executive Order #271: Relating to a Proclamation that the Flag of the United States and the Flag of the State of Wisconsin Be Flown at Half-Staff as a Mark of Respect for Private Herbert E. McLaughlin Who Lost His Life in World War II,2025-08-06,other,,https://evers.wi.gov/Documents/EO/EO271-FlagHalfStaffPrivateMcLaughlin.pdf
WI-EO-272,272,Gov. Evers Executive Order #272: Declaring a State of Emergency in Response to Flooding and Severe Weather Impacts,2025-08-11,declaration,flood,https://evers.wi.gov/Documents/EO/EO272-EmergencyOrderFlooding.pdf
WI-EO-273,273,Gov. Evers Executive Order #273: Relating to a Proclamation that the Flag of the United States and the Flag of the State of Wisconsin Be Flown at Half-Staff as a Mark of Respect for Private First Class Leon R. Karwacki Who Lost His Life in World War II,2025-09-09,other,,https://evers.wi.gov/Documents/EO/EO273-FlagHalfStaffPfcKarwacki.pdf
WI-EO-274,274,Gov. Evers Executive Order #274: Relating to a Proclamation that the Flag of the United States and the Flag of the State of Wisconsin Be Flown at Half-Staff in Honor of State Day of Service and Remembrance,2025-09-09,other,,https://evers.wi.gov/Documents/EO/EO274-DayofService2025.pdf
WI-EO-275,275,Gov. Evers Executive Order #275: Relating to Interagency Cooperation to Urgently Safeguard Wisconsinites' Access to Vaccinations,2025-09-15,other,,https://evers.wi.gov/Documents/EO/EO275-Vaccines.pdf
WI-EO-276,276,Gov. Evers Executive Order #276: Relating to a Proclamation that the Flag of the United States and the Flag of the state of Wisconsin Be Flown at Half-Staff as a Mark of Respect for Wisconsin Department of Natural Resources Forester Adam Zirbel,2025-10-02,other,,https://evers.wi.gov/Documents/EO/EO276-FlagHalfStaffAdamZirbel.pdf
WI-EO-277,277,Gov. Evers Executive Order #277: Relating to Tribal Treaty Rights and the Protection of Wild Rice,2025-10-13,other,,https://evers.wi.gov/Documents/EO/EO277-TreatyRightsandWildRice.pdf
WI-EO-278,278,Gov. Evers Executive Order 278: Relating to Declaring a State of Emergency Due to the Ongoing Federal Government Shutdown,2025-10-31,other,,https://evers.wi.gov/Documents/EO/EO278-SNAPEmergency.pdf
WI-EO-279,279,Gov. Evers Executive Order #279: Relating to a Proclamation that the Flag of the United States and the Flag of the State of Wisconsin Be Flown at Half-Staff to Mark the Fourth Anniversary of the Waukesha Christmas Parade Tragedy,2025-11-19,other,,https://evers.wi.gov/Documents/EO/EO279%20-FlagHalfStaffWaukesha4thAnniversary.pdf
WI-EO-280,280,Gov. Evers Executive Order #280: Relating to a Proclamation that the Flag of the United States and the Flag of the State of Wisconsin Be Flown at Half-Staff as a Mark of Respect for Wisconsin Department of Health Services Registered Nurse Tricia Ploessl,2025-11-25,other,,https://evers.wi.gov/Documents/EO/EO280-FlagHalfStaffTriciaPloessl.pdf
WI-EO-281,281,Gov. Evers Executive Order #281: Relating to a Proclamation that the Flag of the United States and the Flag of the State of Wisconsin be Flown at Half-Staff on National Pearl Harbor Remembrance Day,2025-12-04,other,,https://evers.wi.gov/Documents/EO/EO281-PearlHarborRemembranceDay.pdf
WI-EO-282,282,Gov. Evers Executive Order #282: Relating to Declaring an Energy Emergency,2025-12-05,operational,,https://evers.wi.gov/Documents/EO/EO282-EnergyEmergency.pdf
WI-EO-283,283,Gov. Evers Executive Order #283: Relating to Declaring an Energy Emergency,2025-12-23,operational,,https://evers.wi.gov/Documents/EO/EO283-EnergyEmergency.pdf
WI-EO-284,284,Gov. Evers Executive Order #284: Relating to Declaring an Energy Emergency,2026-01-16,operational,,https://evers.wi.gov/Documents/EO/EO284-EnergyEmergency.pdf
WI-EO-285,285,"Gov. Evers Executive Order #285: Relating to a Special Session of the Legislature to Ban Partisan Gerrymandering, Ensure Fair Maps For Future Generations",2026-03-03,other,,https://evers.wi.gov/Documents/EO/EO285-SpecialSessionGerrymandering.pdf
WI-EO-286,286,Gov. Evers Executive Order #286: Declaring a State of Emergency in Response to Severe Winter Weather,2026-03-14,declaration,winter,https://evers.wi.gov/Documents/EO/EO286-EmergencyOrderWinterWeather.pdf
WI-EO-287,287,Gov. Evers Executive Order #287: Relating to the Creation of the Governor's Commutation Advisory Board,2026-04-03,other,,https://evers.wi.gov/Documents/EO/EO287-CommutationBoard.pdf
WI-EO-288,288,Gov. Evers Executive Order #288: Relating to the Creation of a Juvenile Life Sentence Communtation Process,2026-04-03,other,,https://evers.wi.gov/Documents/EO/EO288-JuvenileLifeSentenceCommutations.pdf
WI-EO-289,289,Gov. Evers Executive Order #289: Declaring a State of Emergency in Response to Flooding and Severe Weather Impacts,2026-04-15,declaration,flood,https://evers.wi.gov/Documents/EO/EO289-EmergencyOrderFlooding.pdf
WI-EO-290,290,Gov. Evers Executive Order #290: Relating to a Proclamation that the Flag of the U.S. and the Flag of the State of Wisconsin Be Flown at Half-Staff as a Mark of Respect for the Firefighters of Wisconsin Who Have Given Their Lives in the Line of Duty,2026-05-01,other,,https://evers.wi.gov/Documents/EO/EO290-FirefighterMemorialDay2026.pdf
WI-EO-291,291,Gov. Evers Executive Order #291: Relating to a Proclamation that the Flag of the United States and the Flag of the State of Wisconsin Be Flown at Half-Staff as a Mark of Respect for Peace Officers Who Have Given Their Lives in the Line of Duty,2026-05-07,other,,https://evers.wi.gov/Documents/EO/EO291-PeaceOfficersMemorialDay2026.pdf
WI-EO-292,292,"Gov. Evers Executive Order #292: Relating to a Special Session of the Legislature to Invest in Wisconsin’s Kids and Schools, Provide Property Tax Relief Statewide, and Address Rising Costs for  Working Families",2026-05-11,other,,https://evers.wi.gov/Documents/EO/EO292-SpecialSession_unsigned.pdf
WI-EO-293,293,Gov. Evers Executive Order #293: Relating to a Proclamation that the Flag of the United States and the Flag of the State of Wisconsin Be Flown at Half-Staff in Honor of Hmong-Lao Veterans,2026-05-13,other,,https://evers.wi.gov/Documents/EO/EO293-Hmong-LaoVeteransDay2026.pdf
WI-EO-294,294,Gov. Evers Executive Order #294: Protecting Public Trust and Integrity by Prohibiting State Government Workers from Profiting from Insider Information,2026-05-14,other,,https://evers.wi.gov/Documents/EO/EO294-InsiderTradingPredictionMarkets.pdf
WI-EO-295,295,Gov. Evers Executive Order #295: Relating to a Proclamation that the Flag of the U.S. and the Flag of the State of Wisconsin Be Flown at Half-Staff as a Mark of Respect for Wisconsin EMS Professionals Who Have Given Their Lives in the Line of Duty,2026-05-22,other,,https://evers.wi.gov/Documents/EO/EO295-EmergencyMedicalServices2026.pdf
WI-EO-296,296,Gov. Evers Executive Order #296: Relating to a Proclamation that the Flag of the United States and the Flag of the State of Wisconsin Be Flown at Half-Staff on Memorial Day,2026-05-22,other,,https://evers.wi.gov/Documents/EO/EO296-FlagHalfStaffMemorialDay2026.pdf
WI-EO-297,297,Gov. Evers Executive Order #297: Relating to a Proclamation that the Progress Pride Flag Be Flown over the East Wing of the Wisconsin State Capitol Building in Recognition of Pride Month,2026-06-01,other,,https://evers.wi.gov/Documents/EO/EO297-PrideFlag2026.pdf
WI-EO-298,298,Gov. Evers Executive Order #298: Relating to Postsecondary Educational Institution Compliance with the U.S. Department of Education Program Integrity Rule,2026-06-02,other,,https://evers.wi.gov/Documents/EO/EO298-DeptofEdIntegrity2026.pdf
WI-EO-299,299,Gov. Evers Executive Order #299: Relating to a Proclamation that the Juneteenth Flag Be Flown over the East Wing of the Wisconsin State Capitol Building,2026-06-17,other,,https://evers.wi.gov/Documents/EO/EO299-JuneteenthFlag2026.pdf
WI-EO-300,300,Gov. Evers Executive Order #300: Declaring a State of Emergency in Response to Severe Weather,2026-07-28,declaration,severe_storm,https://evers.wi.gov/Documents/EO/EO300-EmergencyOrderSevereWeather.pdf
WI-EO-301,301,Gov. Evers Executive Order #301: Relating to Declaring a State of Emergency in Response to Severe Weather,2026-08-03,declaration,severe_storm,https://evers.wi.gov/Documents/EO/EO301-EmergencyOrderHoursofService.pdf
WI-EO-302,302,Gov. Evers Executive Order #302: Relating to a Proclamation that the Flag of the United States and the Flag of the State of Wisconsin Be Flown at Half-Staff as a Mark of Respect for Eau Claire Fire Department Firefighter Bryce A. Jungbluth,2026-08-05,other,,https://evers.wi.gov/Documents/EO/EO302-FlagHalfStaffJungbluth.pdf
WI-EO-303,303,Gov. Evers Executive Order #303: Relating to Declaring a Period of Abnormal Economic Disruption and Prohibiting Price Gouging,2026-08-07,operational,,https://evers.wi.gov/Documents/EO/EO%20303%20Signed.pdf
