declaration_id,governor,administration,governor_key,collection_id,record_id,document_type,eo_number,year,date_signed,event_description,subject,is_emergency_action,action_type,weather_related,weather_hazards,external_assistance_only,format,archive_record_url,document_url,source
VA-WARNER-EO-10-2002,Mark R. Warner,2002-2006,warner,81116276840005756,alma9917827956005756,Executive Order,EO-10,2002,2002-03-21,Executive Order 10 (2002) Declaration of a State of Emergency for the Commonwealth of Virginia Due to Significant Rainfall and Flooding Throughout Southwest Virginia.,Declaration of a State of Emergency for the Commonwealth of Virginia Due to Significant Rainfall and Flooding Throughout Southwest Virginia,True,declaration,True,flood; rain,False,7 PDF pages,https://lva.primo.exlibrisgroup.com/discovery/fulldisplay?docid=alma9917827956005756&context=L&vid=01LVA_INST%3A01LVA&lang=en,http://rosetta.virginiamemory.com:1801/delivery/DeliveryManagerServlet?fulltext=true&dps_pid=IE2564732,Library of Virginia Executive Orders Digital Collection
VA-WARNER-EO-79-2004,Mark R. Warner,2002-2006,warner,81116276840005756,alma9917827955905756,Executive Order,EO-79,2004,2004-08-31,Executive Order 79 (2004) Declaration of a State of Emergency for Central Virginia Due to Significant Flooding Caused by Tropical Depression Gaston.,Declaration of a State of Emergency for Central Virginia Due to Significant Flooding Caused by Tropical Depression Gaston,True,declaration,True,flood; tropical,False,7 PDF pages,https://lva.primo.exlibrisgroup.com/discovery/fulldisplay?docid=alma9917827955905756&context=L&vid=01LVA_INST%3A01LVA&lang=en,http://rosetta.virginiamemory.com:1801/delivery/DeliveryManagerServlet?fulltext=true&dps_pid=IE2565101,Library of Virginia Executive Orders Digital Collection
VA-WARNER-EO-58-2003,Mark R. Warner,2002-2006,warner,81116276840005756,alma9917827955705756,Executive Order,EO-58,2003,2003-10-13,Executive Order 58 (2003) Modification of the Declaration of a State of Emergency for the Commonwealth of Virginia Due to the Significant Flooding and Wind Damage Caused by Hurricane Isabel.,Modification of the Declaration of a State of Emergency for the Commonwealth of Virginia Due to the Significant Flooding and Wind Damage Caused by Hurricane Isabel,True,modification_or_extension,True,flood; hurricane; wind,False,3 PDF pages,https://lva.primo.exlibrisgroup.com/discovery/fulldisplay?docid=alma9917827955705756&context=L&vid=01LVA_INST%3A01LVA&lang=en,http://rosetta.virginiamemory.com:1801/delivery/DeliveryManagerServlet?fulltext=true&dps_pid=IE2565416,Library of Virginia Executive Orders Digital Collection
VA-WARNER-EO-43-2003,Mark R. Warner,2002-2006,warner,81116276840005756,alma9917827954505756,Executive Order,EO-43,2003,2003-02-17,Executive Order 43 (2003) Declaration of a State of Emergency Throughout the Commonwealth Due to a Severe Winter Storm and Declaration of a Postponement of an Election in Greene County.,Declaration of a State of Emergency Throughout the Commonwealth Due to a Severe Winter Storm and Declaration of a Postponement of an Election in Greene County,True,declaration,True,storm,False,8 PDF pages,https://lva.primo.exlibrisgroup.com/discovery/fulldisplay?docid=alma9917827954505756&context=L&vid=01LVA_INST%3A01LVA&lang=en,http://rosetta.virginiamemory.com:1801/delivery/DeliveryManagerServlet?fulltext=true&dps_pid=IE2564690,Library of Virginia Executive Orders Digital Collection
VA-WARNER-EO-19-2002,Mark R. Warner,2002-2006,warner,81116276840005756,alma9917827954005756,Executive Order,EO-19,2002,2002-06-26,Executive Order 19 (2002) Continuing Certain Emergency Declarations Due to Disasters in the Commonwealth.,Continuing Certain Emergency Declarations Due to Disasters in the Commonwealth,True,modification_or_extension,False,,False,3 PDF pages,https://lva.primo.exlibrisgroup.com/discovery/fulldisplay?docid=alma9917827954005756&context=L&vid=01LVA_INST%3A01LVA&lang=en,http://rosetta.virginiamemory.com:1801/delivery/DeliveryManagerServlet?fulltext=true&dps_pid=IE2565425,Library of Virginia Executive Orders Digital Collection
VA-WARNER-EO-80-2004,Mark R. Warner,2002-2006,warner,81116276840005756,alma9917827953905756,Executive Order,EO-80,2004,2004-09-08,Executive Order 80 (2004) Declaration of a State of Emergency for the Commonwwealth of Virginia Due to Significant Rains and Threat of Tornadoes and Damaging Flash Flooding.,Declaration of a State of Emergency for the Commonwwealth of Virginia Due to Significant Rains and Threat of Tornadoes and Damaging Flash Flooding,True,declaration,True,flood; tornado,False,8 PDF pages,https://lva.primo.exlibrisgroup.com/discovery/fulldisplay?docid=alma9917827953905756&context=L&vid=01LVA_INST%3A01LVA&lang=en,http://rosetta.virginiamemory.com:1801/delivery/DeliveryManagerServlet?fulltext=true&dps_pid=IE2565137,Library of Virginia Executive Orders Digital Collection
VA-WARNER-EO-33-2002,Mark R. Warner,2002-2006,warner,81116276840005756,alma9917827953605756,Executive Order,EO-33,2002,2002-08-30,Executive Order 33 (2002) Declaration of a State of Emergency Due to Extreme Drought Conditions Throughout the Commonwealth.,Declaration of a State of Emergency Due to Extreme Drought Conditions Throughout the Commonwealth,True,declaration,True,drought,False,5 PDF pages,https://lva.primo.exlibrisgroup.com/discovery/fulldisplay?docid=alma9917827953605756&context=L&vid=01LVA_INST%3A01LVA&lang=en,http://rosetta.virginiamemory.com:1801/delivery/DeliveryManagerServlet?fulltext=true&dps_pid=IE2565431,Library of Virginia Executive Orders Digital Collection
VA-WARNER-EO-55-2003,Mark R. Warner,2002-2006,warner,81116276840005756,alma9917827953505756,Executive Order,EO-55,2003,2003-07-31,Executive Order 55 (2003) Declaration of a State of Emergency Due to an Economic Crisis in Henry County and the City of Martinsville.,Declaration of a State of Emergency Due to an Economic Crisis in Henry County and the City of Martinsville,True,declaration,False,,False,3 PDF pages,https://lva.primo.exlibrisgroup.com/discovery/fulldisplay?docid=alma9917827953505756&context=L&vid=01LVA_INST%3A01LVA&lang=en,http://rosetta.virginiamemory.com:1801/delivery/DeliveryManagerServlet?fulltext=true&dps_pid=IE2565518,Library of Virginia Executive Orders Digital Collection
VA-WARNER-EO-97-2005,Mark R. Warner,2002-2006,warner,81116276840005756,alma9917827952005756,Executive Order,EO-97,2005,2005-09-12,Executive Order 97 (2005) Declaration of a State of Emergency in Support of the Emergency Management Assistance Compact to Respond to the Impact of Hurricane Katrina.,Declaration of a State of Emergency in Support of the Emergency Management Assistance Compact to Respond to the Impact of Hurricane Katrina,True,declaration,True,hurricane,True,8 PDF pages,https://lva.primo.exlibrisgroup.com/discovery/fulldisplay?docid=alma9917827952005756&context=L&vid=01LVA_INST%3A01LVA&lang=en,http://rosetta.virginiamemory.com:1801/delivery/DeliveryManagerServlet?fulltext=true&dps_pid=IE2564783,Library of Virginia Executive Orders Digital Collection
VA-WARNER-EO-13-2002,Mark R. Warner,2002-2006,warner,81116276840005756,alma9917827950705756,Executive Order,EO-13,2002,2002-05-13,Executive Order 13 (2002) Declaration of a State of Emergency Due to Severe Weather Across the Commonwealth.,Declaration of a State of Emergency Due to Severe Weather Across the Commonwealth,True,declaration,False,,False,8 PDF pages,https://lva.primo.exlibrisgroup.com/discovery/fulldisplay?docid=alma9917827950705756&context=L&vid=01LVA_INST%3A01LVA&lang=en,http://rosetta.virginiamemory.com:1801/delivery/DeliveryManagerServlet?fulltext=true&dps_pid=IE2564474,Library of Virginia Executive Orders Digital Collection
VA-WARNER-EO-97-2005,Mark R. Warner,2002-2006,warner,81116276840005756,alma9917827947105756,Executive Order,EO-97,2005,2005-09-23,Executive Order 97 (2005) Declaration of a State of Emergency in Support of the Emergency Management Assistance Compact to Respond to the Impact of Hurricane Katrina and Hurricane Rita. (Revised),Declaration of a State of Emergency in Support of the Emergency Management Assistance Compact to Respond to the Impact of Hurricane Katrina and Hurricane Rita. (Revised),True,declaration,True,hurricane,True,8 PDF pages,https://lva.primo.exlibrisgroup.com/discovery/fulldisplay?docid=alma9917827947105756&context=L&vid=01LVA_INST%3A01LVA&lang=en,http://rosetta.virginiamemory.com:1801/delivery/DeliveryManagerServlet?fulltext=true&dps_pid=IE2564807,Library of Virginia Executive Orders Digital Collection
VA-WARNER-EO-81-2004,Mark R. Warner,2002-2006,warner,81116276840005756,alma9917827946205756,Executive Order,EO-81,2004,2004-09-17,Executive Order 81 (2004) Declaration of a State of Emergency for the Entire Commonwealth Due to the Threat of Significant Flooding and Tornadoes Caused by Hurricane Ivan.,Declaration of a State of Emergency for the Entire Commonwealth Due to the Threat of Significant Flooding and Tornadoes Caused by Hurricane Ivan,True,declaration,True,flood; hurricane; tornado,False,7 PDF pages,https://lva.primo.exlibrisgroup.com/discovery/fulldisplay?docid=alma9917827946205756&context=L&vid=01LVA_INST%3A01LVA&lang=en,http://rosetta.virginiamemory.com:1801/delivery/DeliveryManagerServlet?fulltext=true&dps_pid=IE2565248,Library of Virginia Executive Orders Digital Collection
VA-WARNER-EO-51-2003,Mark R. Warner,2002-2006,warner,81116276840005756,alma9917827944705756,Executive Order,EO-51,2003,2003-06-30,Executive Order 51 (2003) Continuing Certain Emergency Declarations Due to Disasters in the Commonwealth.,Continuing Certain Emergency Declarations Due to Disasters in the Commonwealth,True,modification_or_extension,False,,False,3 PDF pages,https://lva.primo.exlibrisgroup.com/discovery/fulldisplay?docid=alma9917827944705756&context=L&vid=01LVA_INST%3A01LVA&lang=en,http://rosetta.virginiamemory.com:1801/delivery/DeliveryManagerServlet?fulltext=true&dps_pid=IE2564537,Library of Virginia Executive Orders Digital Collection
VA-WARNER-EO-56-2003,Mark R. Warner,2002-2006,warner,81116276840005756,alma9917827944105756,Executive Order,EO-56,2003,2003-09-16,Executive Order 56 (2003) Declaration of a State of Emergency for the Commonwealth of Virginia Due to the Threat of Significant Flooding and Wind Damage Caused by Hurricane Isabel.,Declaration of a State of Emergency for the Commonwealth of Virginia Due to the Threat of Significant Flooding and Wind Damage Caused by Hurricane Isabel,True,declaration,True,flood; hurricane; wind,False,7 PDF pages,https://lva.primo.exlibrisgroup.com/discovery/fulldisplay?docid=alma9917827944105756&context=L&vid=01LVA_INST%3A01LVA&lang=en,http://rosetta.virginiamemory.com:1801/delivery/DeliveryManagerServlet?fulltext=true&dps_pid=IE2565560,Library of Virginia Executive Orders Digital Collection
VA-WARNER-EO-87-2005,Mark R. Warner,2002-2006,warner,81116276840005756,alma9917827943905756,Executive Order,EO-87,2005,2005-06-22,Executive Order 87 (2005) Continuing Certain Emergency Declarations Due to Disasters in the Commonwealth.,Continuing Certain Emergency Declarations Due to Disasters in the Commonwealth,True,modification_or_extension,False,,False,3 PDF pages,https://lva.primo.exlibrisgroup.com/discovery/fulldisplay?docid=alma9917827943905756&context=L&vid=01LVA_INST%3A01LVA&lang=en,http://rosetta.virginiamemory.com:1801/delivery/DeliveryManagerServlet?fulltext=true&dps_pid=IE2565251,Library of Virginia Executive Orders Digital Collection
VA-WARNER-EO-88-2005,Mark R. Warner,2002-2006,warner,81116276840005756,alma9917827943105756,Executive Order,EO-88,2005,2005-06-13,Executive Order 88 (2005) A Continuation and Modification of the Declaration of a State of Emergency for the Commonwealth of Virginia Due to the Significant Flooding and Wind Damaged Caused by Hurricane Isabel.,A Continuation and Modification of the Declaration of a State of Emergency for the Commonwealth of Virginia Due to the Significant Flooding and Wind Damaged Caused by Hurricane Isabel,True,modification_or_extension,True,flood; hurricane; wind,False,2 PDF pages,https://lva.primo.exlibrisgroup.com/discovery/fulldisplay?docid=alma9917827943105756&context=L&vid=01LVA_INST%3A01LVA&lang=en,http://rosetta.virginiamemory.com:1801/delivery/DeliveryManagerServlet?fulltext=true&dps_pid=IE2565284,Library of Virginia Executive Orders Digital Collection
VA-WARNER-EO-62-2004,Mark R. Warner,2002-2006,warner,81116276840005756,alma9917827942805756,Executive Order,EO-62,2004,2004-01-16,Executive Order 62 (2004) Declaration of a State of Emergency in the Commonwealth of Virginia to Expand Hours for Utility Service Restoration Workers.,Declaration of a State of Emergency in the Commonwealth of Virginia to Expand Hours for Utility Service Restoration Workers,True,declaration,False,,False,2 PDF pages,https://lva.primo.exlibrisgroup.com/discovery/fulldisplay?docid=alma9917827942805756&context=L&vid=01LVA_INST%3A01LVA&lang=en,http://rosetta.virginiamemory.com:1801/delivery/DeliveryManagerServlet?fulltext=true&dps_pid=IE2565563,Library of Virginia Executive Orders Digital Collection
VA-WARNER-EO-98-2005,Mark R. Warner,2002-2006,warner,81116276840005756,alma9917827942505756,Executive Order,EO-98,2005,2005-09-12,Executive Order 98 (2005) Declaration of a State of Emergency for the Commonwealth of Virginia Due to the Threat of Significant Flooding and Wind Damage Caused by Tropical Storm/Hurricane Ophelia.,Declaration of a State of Emergency for the Commonwealth of Virginia Due to the Threat of Significant Flooding and Wind Damage Caused by Tropical Storm/Hurricane Ophelia,True,declaration,True,flood; hurricane; storm; tropical; wind,False,8 PDF pages,https://lva.primo.exlibrisgroup.com/discovery/fulldisplay?docid=alma9917827942505756&context=L&vid=01LVA_INST%3A01LVA&lang=en,http://rosetta.virginiamemory.com:1801/delivery/DeliveryManagerServlet?fulltext=true&dps_pid=IE2564858,Library of Virginia Executive Orders Digital Collection
VA-WARNER-EO-11-2002,Mark R. Warner,2002-2006,warner,81116276840005756,alma9917827942105756,Executive Order,EO-11,2002,2002-04-01,"Executive Order 11 (2002) Declaration of a State of Emergency Due to a Tire Fire in Roanoke County, Virginia.","Declaration of a State of Emergency Due to a Tire Fire in Roanoke County, Virginia",True,declaration,False,,False,7 PDF pages,https://lva.primo.exlibrisgroup.com/discovery/fulldisplay?docid=alma9917827942105756&context=L&vid=01LVA_INST%3A01LVA&lang=en,http://rosetta.virginiamemory.com:1801/delivery/DeliveryManagerServlet?fulltext=true&dps_pid=IE2564549,Library of Virginia Executive Orders Digital Collection
VA-WARNER-EO-38-2002,Mark R. Warner,2002-2006,warner,81116276840005756,alma9917827941405756,Executive Order,EO-38,2002,2002-12-11,Executive Order 38 (2002) Declaration of a State of Emergency in the Commonwealth of Virginia Due to Severe Ice Conditions.,Declaration of a State of Emergency in the Commonwealth of Virginia Due to Severe Ice Conditions,True,declaration,True,ice,False,2 PDF pages,https://lva.primo.exlibrisgroup.com/discovery/fulldisplay?docid=alma9917827941405756&context=L&vid=01LVA_INST%3A01LVA&lang=en,http://rosetta.virginiamemory.com:1801/delivery/DeliveryManagerServlet?fulltext=true&dps_pid=IE2564561,Library of Virginia Executive Orders Digital Collection
VA-WARNER-EO-82-2004,Mark R. Warner,2002-2006,warner,81116276840005756,alma9917827940405756,Executive Order,EO-82,2004,2004-09-29,Executive Order 82 (2004) Declaration of a State of Emergency for the Commonwealth Due to Significant Flooding and Tornadoes Caused by Hurricane Jeanne.,Declaration of a State of Emergency for the Commonwealth Due to Significant Flooding and Tornadoes Caused by Hurricane Jeanne,True,declaration,True,flood; hurricane; tornado,False,8 PDF pages,https://lva.primo.exlibrisgroup.com/discovery/fulldisplay?docid=alma9917827940405756&context=L&vid=01LVA_INST%3A01LVA&lang=en,http://rosetta.virginiamemory.com:1801/delivery/DeliveryManagerServlet?fulltext=true&dps_pid=IE2565287,Library of Virginia Executive Orders Digital Collection
VA-WARNER-EO-64-2004,Mark R. Warner,2002-2006,warner,81116276840005756,alma9917827940205756,Executive Order,EO-64,2004,2004-02-13,Executive Order 64 (2004) Continuing the Declaration of a State of Emergency in the Commonwealth of Virginia to Expand Hours for Emergency Power Restoration Workers.,Continuing the Declaration of a State of Emergency in the Commonwealth of Virginia to Expand Hours for Emergency Power Restoration Workers,True,modification_or_extension,False,,False,1 PDF page,https://lva.primo.exlibrisgroup.com/discovery/fulldisplay?docid=alma9917827940205756&context=L&vid=01LVA_INST%3A01LVA&lang=en,http://rosetta.virginiamemory.com:1801/delivery/DeliveryManagerServlet?fulltext=true&dps_pid=IE2565602,Library of Virginia Executive Orders Digital Collection
VA-WARNER-EO-59-2003,Mark R. Warner,2002-2006,warner,81116276840005756,alma9917827940105756,Executive Order,EO-59,2003,2003-11-20,Executive Order 59 (2003) Declaration of a State of Emergency for Localities n Southwest Virginia Due to the Affects of Significant Flooding.,Declaration of a State of Emergency for Localities n Southwest Virginia Due to the Affects of Significant Flooding,True,declaration,True,flood,False,7 PDF pages,https://lva.primo.exlibrisgroup.com/discovery/fulldisplay?docid=alma9917827940105756&context=L&vid=01LVA_INST%3A01LVA&lang=en,http://rosetta.virginiamemory.com:1801/delivery/DeliveryManagerServlet?fulltext=true&dps_pid=IE2565320,Library of Virginia Executive Orders Digital Collection
VA-WARNER-EO-73-2004,Mark R. Warner,2002-2006,warner,81116276840005756,alma9917827939905756,Executive Order,EO-73,2004,2004-05-25,Executive Order 73 (2004) Declaration of a State of Emergency for the Counties of Tazewell and Russell Due to the Effects of Significant Flooding.,Declaration of a State of Emergency for the Counties of Tazewell and Russell Due to the Effects of Significant Flooding,True,declaration,True,flood,False,6 PDF pages,https://lva.primo.exlibrisgroup.com/discovery/fulldisplay?docid=alma9917827939905756&context=L&vid=01LVA_INST%3A01LVA&lang=en,http://rosetta.virginiamemory.com:1801/delivery/DeliveryManagerServlet?fulltext=true&dps_pid=IE2565323,Library of Virginia Executive Orders Digital Collection
VA-WARNER-EO-66-2004,Mark R. Warner,2002-2006,warner,81116276840005756,alma9917827939505756,Executive Order,EO-66,2004,2004-04-07,Executive Order 66 (2004) A Modification of the Declaration of a State of Emergency for the Commonwealth of Virginia Due to the Significant Flooding and Wind Damage Caused by Hurricane Isabel.,A Modification of the Declaration of a State of Emergency for the Commonwealth of Virginia Due to the Significant Flooding and Wind Damage Caused by Hurricane Isabel,True,modification_or_extension,True,flood; hurricane; wind,False,2 PDF pages,https://lva.primo.exlibrisgroup.com/discovery/fulldisplay?docid=alma9917827939505756&context=L&vid=01LVA_INST%3A01LVA&lang=en,http://rosetta.virginiamemory.com:1801/delivery/DeliveryManagerServlet?fulltext=true&dps_pid=IE2564567,Library of Virginia Executive Orders Digital Collection
VA-WARNER-EO-48-2003,Mark R. Warner,2002-2006,warner,81116276840005756,alma9917827939305756,Executive Order,EO-48,2003,2003-05-28,Executive Order 48 (2003) Declaration of a State of Emergency Due to Tornado and Severe Storm Damage Across the Commonwealth.,Declaration of a State of Emergency Due to Tornado and Severe Storm Damage Across the Commonwealth,True,declaration,True,storm; tornado,False,5 PDF pages,https://lva.primo.exlibrisgroup.com/discovery/fulldisplay?docid=alma9917827939305756&context=L&vid=01LVA_INST%3A01LVA&lang=en,http://rosetta.virginiamemory.com:1801/delivery/DeliveryManagerServlet?fulltext=true&dps_pid=IE2564609,Library of Virginia Executive Orders Digital Collection
VA-WARNER-EO-42-2003,Mark R. Warner,2002-2006,warner,81116276840005756,alma9917827939105756,Executive Order,EO-42,2003,2003-01-31,Executive Order 42 (2003) Declaration of a State of Emergency Due to Water Shortage in Buchanan and Tazewell Counties.,Declaration of a State of Emergency Due to Water Shortage in Buchanan and Tazewell Counties,True,declaration,False,,False,7 PDF pages,https://lva.primo.exlibrisgroup.com/discovery/fulldisplay?docid=alma9917827939105756&context=L&vid=01LVA_INST%3A01LVA&lang=en,http://rosetta.virginiamemory.com:1801/delivery/DeliveryManagerServlet?fulltext=true&dps_pid=IE2564612,Library of Virginia Executive Orders Digital Collection
VA-WARNER-EO-31-2002,Mark R. Warner,2002-2006,warner,81116276840005756,alma9917827938105756,Executive Order,EO-31,2002,2002-07-31,Executive Order 31 (2002) Declaration of a State of Emergency Due to Extreme Drought Conditions Throughout the Commonwealth.,Declaration of a State of Emergency Due to Extreme Drought Conditions Throughout the Commonwealth,True,declaration,True,drought,False,3 PDF pages,https://lva.primo.exlibrisgroup.com/discovery/fulldisplay?docid=alma9917827938105756&context=L&vid=01LVA_INST%3A01LVA&lang=en,http://rosetta.virginiamemory.com:1801/delivery/DeliveryManagerServlet?fulltext=true&dps_pid=IE2565365,Library of Virginia Executive Orders Digital Collection
VA-WARNER-EO-74-2004,Mark R. Warner,2002-2006,warner,81116276840005756,alma9917827937905756,Executive Order,EO-74,2004,2004-06-03,Executive Order 74 (2004) Inclusion of Lee County in the Declaration of a State of Emergency for the Counties of Tazewell and Russell Due to the Effects of Signficant Flooding.,Inclusion of Lee County in the Declaration of a State of Emergency for the Counties of Tazewell and Russell Due to the Effects of Signficant Flooding,True,declaration,True,flood,False,2 PDF pages,https://lva.primo.exlibrisgroup.com/discovery/fulldisplay?docid=alma9917827937905756&context=L&vid=01LVA_INST%3A01LVA&lang=en,http://rosetta.virginiamemory.com:1801/delivery/DeliveryManagerServlet?fulltext=true&dps_pid=IE2565374,Library of Virginia Executive Orders Digital Collection
VA-WARNER-EO-99-2005,Mark R. Warner,2002-2006,warner,81116276840005756,alma9917827937605756,Executive Order,EO-99,2005,2005-10-14,Executive Order 99 (2005) Declaration of a State of Emergency to Assist Wise County and the Town of Big Stone Gap Due to a Critical Water Shortage.,Declaration of a State of Emergency to Assist Wise County and the Town of Big Stone Gap Due to a Critical Water Shortage,True,declaration,False,,False,6 PDF pages,https://lva.primo.exlibrisgroup.com/discovery/fulldisplay?docid=alma9917827937605756&context=L&vid=01LVA_INST%3A01LVA&lang=en,http://rosetta.virginiamemory.com:1801/delivery/DeliveryManagerServlet?fulltext=true&dps_pid=IE2564987,Library of Virginia Executive Orders Digital Collection
VA-WARNER-EO-77-2004,Mark R. Warner,2002-2006,warner,81116276840005756,alma9917827936405756,Executive Order,EO-77,2004,2004-08-16,Executive Order 77 (2004) Declaration of a State of Emergency for the Commonwealth of Virginia Due to the Threat of Significant Flooding and Wind Damage from Hurricane Charley.,Declaration of a State of Emergency for the Commonwealth of Virginia Due to the Threat of Significant Flooding and Wind Damage from Hurricane Charley,True,declaration,True,flood; hurricane; wind,False,8 PDF pages,https://lva.primo.exlibrisgroup.com/discovery/fulldisplay?docid=alma9917827936405756&context=L&vid=01LVA_INST%3A01LVA&lang=en,http://rosetta.virginiamemory.com:1801/delivery/DeliveryManagerServlet?fulltext=true&dps_pid=IE2565062,Library of Virginia Executive Orders Digital Collection
VA-KAINE-EO-65-2008,Timothy M. Kaine,2006-2010,kaine,81116276830005756,alma9917828067205756,Executive Order,EO-65,2008,2008-04-28,Executive Order 65 (2008) Declaration of a State of Emergency for the Commonwealth of Virginia Due to Severe Weather Throughout the Commonwealth.,Declaration of a State of Emergency for the Commonwealth of Virginia Due to Severe Weather Throughout the Commonwealth,True,declaration,False,,False,4 PDF pages,https://lva.primo.exlibrisgroup.com/discovery/fulldisplay?docid=alma9917828067205756&context=L&vid=01LVA_INST%3A01LVA&lang=en,http://rosetta.virginiamemory.com:1801/delivery/DeliveryManagerServlet?fulltext=true&dps_pid=IE2564990,Library of Virginia Executive Orders Digital Collection
VA-KAINE-EO-63-2008,Timothy M. Kaine,2006-2010,kaine,81116276830005756,alma9917828066005756,Executive Order,EO-63,2008,2008-02-15,Executive Order 63 (2008) Declaration of a State of Emergency Arising from Heavy Winds and Brush Fires or the Potential thereof Throughout the Commonwealth of Virginia.,Declaration of a State of Emergency Arising from Heavy Winds and Brush Fires or the Potential thereof Throughout the Commonwealth of Virginia,True,declaration,True,fire; wind,False,6 PDF pages,https://lva.primo.exlibrisgroup.com/discovery/fulldisplay?docid=alma9917828066005756&context=L&vid=01LVA_INST%3A01LVA&lang=en,http://rosetta.virginiamemory.com:1801/delivery/DeliveryManagerServlet?fulltext=true&dps_pid=IE2565068,Library of Virginia Executive Orders Digital Collection
VA-KAINE-EO-76-2008,Timothy M. Kaine,2006-2010,kaine,81116276830005756,alma9917828065105756,Executive Order,EO-76,2008,2008-09-04,Executive Order 76 (2008) Declaration of a State of Emergency for the Commonwealth of Virginia Due to the Threat of Significant Flooding and Wind Damage Caused by Hurricane Hanna.,Declaration of a State of Emergency for the Commonwealth of Virginia Due to the Threat of Significant Flooding and Wind Damage Caused by Hurricane Hanna,True,declaration,True,flood; hurricane; wind,False,7 PDF pages,https://lva.primo.exlibrisgroup.com/discovery/fulldisplay?docid=alma9917828065105756&context=L&vid=01LVA_INST%3A01LVA&lang=en,http://rosetta.virginiamemory.com:1801/delivery/DeliveryManagerServlet?fulltext=true&dps_pid=IE2564443,Library of Virginia Executive Orders Digital Collection
VA-KAINE-EO-77-2008,Timothy M. Kaine,2006-2010,kaine,81116276830005756,alma9917828064405756,Executive Order,EO-77,2008,2008-09-18,Executive Order 77 (2008) Declaration of a State of Emergency in Support of the Emergency Management Assistance Compact to Respond to the Impact of Hurricane Gustav and Hurricane Ike in the Gulf Coast States.,Declaration of a State of Emergency in Support of the Emergency Management Assistance Compact to Respond to the Impact of Hurricane Gustav and Hurricane Ike in the Gulf Coast States,True,declaration,True,hurricane,True,6 PDF pages,https://lva.primo.exlibrisgroup.com/discovery/fulldisplay?docid=alma9917828064405756&context=L&vid=01LVA_INST%3A01LVA&lang=en,http://rosetta.virginiamemory.com:1801/delivery/DeliveryManagerServlet?fulltext=true&dps_pid=IE2564498,Library of Virginia Executive Orders Digital Collection
VA-KAINE-EO-105-2009,Timothy M. Kaine,2006-2010,kaine,81116276830005756,alma9917828064205756,Executive Order,EO-105,2009,2009-12-18,Executive Order 105 (2009) Declaration of a State of Emergency for the Commonwealth of Virginia Due to a Severe Winter Weather Event throughout the Commonwealth.,Declaration of a State of Emergency for the Commonwealth of Virginia Due to a Severe Winter Weather Event throughout the Commonwealth,True,declaration,True,winter weather,False,6 PDF pages,https://lva.primo.exlibrisgroup.com/discovery/fulldisplay?docid=alma9917828064205756&context=L&vid=01LVA_INST%3A01LVA&lang=en,http://rosetta.virginiamemory.com:1801/delivery/DeliveryManagerServlet?fulltext=true&dps_pid=IE2565599,Library of Virginia Executive Orders Digital Collection
VA-KAINE-EO-75-2008,Timothy M. Kaine,2006-2010,kaine,81116276830005756,alma9917828064005756,Executive Order,EO-75,2008,2008-09-04,Executive Order 75 (2008) Declaration of a State of Emergency in Support of the Emergency Management Assistant Compact to Respond to the Impact of Hurricane Gustav in the Gulf Coast States.,Declaration of a State of Emergency in Support of the Emergency Management Assistant Compact to Respond to the Impact of Hurricane Gustav in the Gulf Coast States,True,declaration,True,hurricane,True,6 PDF pages,https://lva.primo.exlibrisgroup.com/discovery/fulldisplay?docid=alma9917828064005756&context=L&vid=01LVA_INST%3A01LVA&lang=en,http://rosetta.virginiamemory.com:1801/delivery/DeliveryManagerServlet?fulltext=true&dps_pid=IE2564522,Library of Virginia Executive Orders Digital Collection
VA-KAINE-EO-74-2008,Timothy M. Kaine,2006-2010,kaine,81116276830005756,alma9917828062805756,Executive Order,EO-74,2008,2008-07-03,Executive Order 74 (2008) Continuing Certain Declarations of State of Emergency.,Continuing Certain Declarations of State of Emergency,True,modification_or_extension,False,,False,2 PDF pages,https://lva.primo.exlibrisgroup.com/discovery/fulldisplay?docid=alma9917828062805756&context=L&vid=01LVA_INST%3A01LVA&lang=en,http://rosetta.virginiamemory.com:1801/delivery/DeliveryManagerServlet?fulltext=true&dps_pid=IE2564568,Library of Virginia Executive Orders Digital Collection
VA-KAINE-EO-49-2007,Timothy M. Kaine,2006-2010,kaine,81116276830005756,alma9917828062705756,Executive Order,EO-49,2007,2007-04-16,Executive Order 49 (2007) Declaration of a State of Emergency for the Commonwealth of Virginia Due to Shootings at Virginia Tech.,Declaration of a State of Emergency for the Commonwealth of Virginia Due to Shootings at Virginia Tech,True,declaration,False,,False,4 PDF pages,https://lva.primo.exlibrisgroup.com/discovery/fulldisplay?docid=alma9917828062705756&context=L&vid=01LVA_INST%3A01LVA&lang=en,http://rosetta.virginiamemory.com:1801/delivery/DeliveryManagerServlet?fulltext=true&dps_pid=IE2565071,Library of Virginia Executive Orders Digital Collection
VA-KAINE-EO-101-2009,Timothy M. Kaine,2006-2010,kaine,81116276830005756,alma9917828062405756,Executive Order,EO-101,2009,2009-11-13,Executive Order 101 (2009) Declaration of a State of Emergency for the Commonwealth of Virginia Due to a Severe Weather Event throughout the Commonwealth.,Declaration of a State of Emergency for the Commonwealth of Virginia Due to a Severe Weather Event throughout the Commonwealth,True,declaration,False,,False,6 PDF pages,https://lva.primo.exlibrisgroup.com/discovery/fulldisplay?docid=alma9917828062405756&context=L&vid=01LVA_INST%3A01LVA&lang=en,http://rosetta.virginiamemory.com:1801/delivery/DeliveryManagerServlet?fulltext=true&dps_pid=IE2564573,Library of Virginia Executive Orders Digital Collection
VA-KAINE-EO-84-2009,Timothy M. Kaine,2006-2010,kaine,81116276830005756,alma9917828061605756,Executive Order,EO-84,2009,2009-07-01,Executive Order 84 (2009) Continuing Certain Declarations of State of Emergency.,Continuing Certain Declarations of State of Emergency,True,modification_or_extension,False,,False,2 PDF pages,https://lva.primo.exlibrisgroup.com/discovery/fulldisplay?docid=alma9917828061605756&context=L&vid=01LVA_INST%3A01LVA&lang=en,http://rosetta.virginiamemory.com:1801/delivery/DeliveryManagerServlet?fulltext=true&dps_pid=IE2564601,Library of Virginia Executive Orders Digital Collection
VA-KAINE-EO-27-2006,Timothy M. Kaine,2006-2010,kaine,81116276830005756,alma9917828060805756,Executive Order,EO-27,2006,2006-06-30,"Executive Order 27 (2006) Declaration of a State of Emergency for the Commonwealth of Virginia Due to Significant Flooding, Transportation Impacts, Mudslides, and Continued Flash Flood Warnings Due to Extensive Rainfall Beginning June 23, 2006 from a Severe Tropical Weather System.","Declaration of a State of Emergency for the Commonwealth of Virginia Due to Significant Flooding, Transportation Impacts, Mudslides, and Continued Flash Flood Warnings Due to Extensive Rainfall Beginning June 23, 2006 from a Severe Tropical Weather System",True,declaration,True,flood; landslide; rain,False,7 PDF pages,https://lva.primo.exlibrisgroup.com/discovery/fulldisplay?docid=alma9917828060805756&context=L&vid=01LVA_INST%3A01LVA&lang=en,http://rosetta.virginiamemory.com:1801/delivery/DeliveryManagerServlet?fulltext=true&dps_pid=IE2565107,Library of Virginia Executive Orders Digital Collection
VA-KAINE-EO-81-2009,Timothy M. Kaine,2006-2010,kaine,81116276830005756,alma9917828060205756,Executive Order,EO-81,2009,2009-03-04,Executive Order 81 (2009) Declaration of a State of Emergency for the Commonwealth of Virginia Due to a Severe Winter Weather Event throughout the Commonwealth.,Declaration of a State of Emergency for the Commonwealth of Virginia Due to a Severe Winter Weather Event throughout the Commonwealth,True,declaration,True,winter weather,False,6 PDF pages,https://lva.primo.exlibrisgroup.com/discovery/fulldisplay?docid=alma9917828060205756&context=L&vid=01LVA_INST%3A01LVA&lang=en,http://rosetta.virginiamemory.com:1801/delivery/DeliveryManagerServlet?fulltext=true&dps_pid=IE2564687,Library of Virginia Executive Orders Digital Collection
VA-KAINE-EO-26-2006,Timothy M. Kaine,2006-2010,kaine,81116276830005756,alma9917828060105756,Executive Order,EO-26,2006,2006-06-23,Executive Order 26 (2006) Continuing Certain Emergency Declarations Due to Disasters in the Commonwealth.,Continuing Certain Emergency Declarations Due to Disasters in the Commonwealth,True,modification_or_extension,False,,False,2 PDF pages,https://lva.primo.exlibrisgroup.com/discovery/fulldisplay?docid=alma9917828060105756&context=L&vid=01LVA_INST%3A01LVA&lang=en,http://rosetta.virginiamemory.com:1801/delivery/DeliveryManagerServlet?fulltext=true&dps_pid=IE2565131,Library of Virginia Executive Orders Digital Collection
VA-KAINE-EO-46-2007,Timothy M. Kaine,2006-2010,kaine,81116276830005756,alma9917828059005756,Executive Order,EO-46,2007,2007-02-14,"Executive Order 46 (2007) Declaration of a State of Emergency for the Commonwealth of Virginia Due to Potential for Significant Ice, Snow and Wind Damage Caused by Severe Weather Beginning on February 13, 2007.","Declaration of a State of Emergency for the Commonwealth of Virginia Due to Potential for Significant Ice, Snow and Wind Damage Caused by Severe Weather Beginning on February 13, 2007",True,declaration,True,ice; snow; wind,False,7 PDF pages,https://lva.primo.exlibrisgroup.com/discovery/fulldisplay?docid=alma9917828059005756&context=L&vid=01LVA_INST%3A01LVA&lang=en,http://rosetta.virginiamemory.com:1801/delivery/DeliveryManagerServlet?fulltext=true&dps_pid=IE2565170,Library of Virginia Executive Orders Digital Collection
VA-KAINE-EO-39-2006,Timothy M. Kaine,2006-2010,kaine,81116276830005756,alma9917828058905756,Executive Order,EO-39,2006,2006-10-13,"Executive Order 39 (2006) Declaration of a State of Emergency for the Commonwealth of Virginia Due to Significant Flooding and Wind Damage Caused by Severe Weather on October 6 Through October 8, 2006.","Declaration of a State of Emergency for the Commonwealth of Virginia Due to Significant Flooding and Wind Damage Caused by Severe Weather on October 6 Through October 8, 2006",True,declaration,True,flood; wind,False,8 PDF pages,https://lva.primo.exlibrisgroup.com/discovery/fulldisplay?docid=alma9917828058905756&context=L&vid=01LVA_INST%3A01LVA&lang=en,http://rosetta.virginiamemory.com:1801/delivery/DeliveryManagerServlet?fulltext=true&dps_pid=IE2565242,Library of Virginia Executive Orders Digital Collection
VA-KAINE-EO-80-2009,Timothy M. Kaine,2006-2010,kaine,81116276830005756,alma9917828058405756,Executive Order,EO-80,2009,2009-01-13,Executive Order 80 (2009) Declaration of a State of Emergency to Support the 56th Presidential Inauguration.,Declaration of a State of Emergency to Support the 56th Presidential Inauguration,True,declaration,False,,False,7 PDF pages,https://lva.primo.exlibrisgroup.com/discovery/fulldisplay?docid=alma9917828058405756&context=L&vid=01LVA_INST%3A01LVA&lang=en,http://rosetta.virginiamemory.com:1801/delivery/DeliveryManagerServlet?fulltext=true&dps_pid=IE2564750,Library of Virginia Executive Orders Digital Collection
VA-KAINE-EO-54-2007,Timothy M. Kaine,2006-2010,kaine,81116276830005756,alma9917828057205756,Executive Order,EO-54,2007,2007-06-20,Executive Order 54 (2007) Declaration of a State of Emergency to Assist Rockbridge County and the Town of Goshen Due to a Critical Water Shortage.,Declaration of a State of Emergency to Assist Rockbridge County and the Town of Goshen Due to a Critical Water Shortage,True,declaration,False,,False,6 PDF pages,https://lva.primo.exlibrisgroup.com/discovery/fulldisplay?docid=alma9917828057205756&context=L&vid=01LVA_INST%3A01LVA&lang=en,http://rosetta.virginiamemory.com:1801/delivery/DeliveryManagerServlet?fulltext=true&dps_pid=IE2564819,Library of Virginia Executive Orders Digital Collection
VA-KAINE-EO-34-2006,Timothy M. Kaine,2006-2010,kaine,81116276830005756,alma9917828056805756,Executive Order,EO-34,2006,2006-09-15,Executive Order 34 (2006) Declaration of a State of Emergency for the Commonwealth of Virginia Due to the Threat of Significant Flooding and Wind Damage Caused by Tropical Storm Ernesto.,Declaration of a State of Emergency for the Commonwealth of Virginia Due to the Threat of Significant Flooding and Wind Damage Caused by Tropical Storm Ernesto,True,declaration,True,flood; storm; tropical; wind,False,9 PDF pages,https://lva.primo.exlibrisgroup.com/discovery/fulldisplay?docid=alma9917828056805756&context=L&vid=01LVA_INST%3A01LVA&lang=en,http://rosetta.virginiamemory.com:1801/delivery/DeliveryManagerServlet?fulltext=true&dps_pid=IE2565011,Library of Virginia Executive Orders Digital Collection
VA-KAINE-EO-57-2007,Timothy M. Kaine,2006-2010,kaine,81116276830005756,alma9917828056305756,Executive Order,EO-57,2007,2007-10-18,Executive Order 57 (2007) Declaration of a State of Emergency Arising from Drought and Forest Fire or the Potential thereof throughout the Commonwealth of Virginia.,Declaration of a State of Emergency Arising from Drought and Forest Fire or the Potential thereof throughout the Commonwealth of Virginia,True,declaration,True,drought; fire,False,7 PDF pages,https://lva.primo.exlibrisgroup.com/discovery/fulldisplay?docid=alma9917828056305756&context=L&vid=01LVA_INST%3A01LVA&lang=en,http://rosetta.virginiamemory.com:1801/delivery/DeliveryManagerServlet?fulltext=true&dps_pid=IE2564864,Library of Virginia Executive Orders Digital Collection
VA-KAINE-EO-67-2008,Timothy M. Kaine,2006-2010,kaine,81116276830005756,alma9917828055905756,Executive Order,EO-67,2008,2008-05-30,Executive Order 67 (2008) Declaration of a State of Emergency within the Commonwealth of Virginia as a Measure for Uninterrupted Petroleum Distribution.,Declaration of a State of Emergency within the Commonwealth of Virginia as a Measure for Uninterrupted Petroleum Distribution,True,declaration,False,,False,2 PDF pages,https://lva.primo.exlibrisgroup.com/discovery/fulldisplay?docid=alma9917828055905756&context=L&vid=01LVA_INST%3A01LVA&lang=en,http://rosetta.virginiamemory.com:1801/delivery/DeliveryManagerServlet?fulltext=true&dps_pid=IE2564888,Library of Virginia Executive Orders Digital Collection
VA-KAINE-EO-64-2008,Timothy M. Kaine,2006-2010,kaine,81116276830005756,alma9917828055105756,Executive Order,EO-64,2008,2008-03-31,Executive Order 64 (2008) Declaration of a State of Emergency Arising from Heavy Winds and Severe Storms Throughout the Commonwealth of Virginia.,Declaration of a State of Emergency Arising from Heavy Winds and Severe Storms Throughout the Commonwealth of Virginia,True,declaration,True,storm; wind,False,2 PDF pages,https://lva.primo.exlibrisgroup.com/discovery/fulldisplay?docid=alma9917828055105756&context=L&vid=01LVA_INST%3A01LVA&lang=en,http://rosetta.virginiamemory.com:1801/delivery/DeliveryManagerServlet?fulltext=true&dps_pid=IE2564951,Library of Virginia Executive Orders Digital Collection
VA-KAINE-EO-11-2006,Timothy M. Kaine,2006-2010,kaine,81116276830005756,alma9917828054905756,Executive Order,EO-11,2006,2006-04-21,Executive Order 11 (2006) Declaration of a State of Emergency for Patrick County Due to Significant Fire Damage Resulting in a Local Emergency.,Declaration of a State of Emergency for Patrick County Due to Significant Fire Damage Resulting in a Local Emergency,True,declaration,False,,False,6 PDF pages,https://lva.primo.exlibrisgroup.com/discovery/fulldisplay?docid=alma9917828054905756&context=L&vid=01LVA_INST%3A01LVA&lang=en,http://rosetta.virginiamemory.com:1801/delivery/DeliveryManagerServlet?fulltext=true&dps_pid=IE2564966,Library of Virginia Executive Orders Digital Collection
VA-MCDONNELL-EO-38-2011,Robert F. McDonnell,2010-2014,mcdonnell,81116276820005756,alma9917829217705756,Executive Order,EO-38,2011,2011-08-31,Executive Order 38 (2011) Declaration of a State of Emergency for the Commowealth of Virginia Due to a 5.8 Magnitude Earthquake and Aftershocks Affecting Localities throughout Virginia,Declaration of a State of Emergency for the Commowealth of Virginia Due to a 5.8 Magnitude Earthquake and Aftershocks Affecting Localities throughout Virginia,True,declaration,False,,False,4 PDF pages,https://lva.primo.exlibrisgroup.com/discovery/fulldisplay?docid=alma9917829217705756&context=L&vid=01LVA_INST%3A01LVA&lang=en,http://rosetta.virginiamemory.com:1801/delivery/DeliveryManagerServlet?fulltext=true&dps_pid=IE2565536,Library of Virginia Executive Orders Digital Collection
VA-MCDONNELL-EO-33-2011,Robert F. McDonnell,2010-2014,mcdonnell,81116276820005756,alma9917829217005756,Executive Order,EO-33,2011,2011-05-18,Executive Order 33 (2011) Declaration of a State of Emergency for Pulaski County and the Commonwealth of Virginia due to Significant Damage and Flooding caused by Tornadoes and Severe Thunderstorms with Damaging Winds and Heavy Rains,Declaration of a State of Emergency for Pulaski County and the Commonwealth of Virginia due to Significant Damage and Flooding caused by Tornadoes and Severe Thunderstorms with Damaging Winds and Heavy Rains,True,declaration,True,flood; tornado; wind,False,6 PDF pages,https://lva.primo.exlibrisgroup.com/discovery/fulldisplay?docid=alma9917829217005756&context=L&vid=01LVA_INST%3A01LVA&lang=en,http://rosetta.virginiamemory.com:1801/delivery/DeliveryManagerServlet?fulltext=true&dps_pid=IE2565356,Library of Virginia Executive Orders Digital Collection
VA-MCDONNELL-EO-53-2012,Robert F. McDonnell,2010-2014,mcdonnell,81116276820005756,alma9917829216705756,Executive Order,EO-53,2012,2012-10-30,Executive Order 53 (2012) Declaration of a State of Emergency for the Commonwealth of Virginia Due to the Threat of Hurricane Sandy Impacting Virginia,Declaration of a State of Emergency for the Commonwealth of Virginia Due to the Threat of Hurricane Sandy Impacting Virginia,True,declaration,True,hurricane,False,7 PDF pages,https://lva.primo.exlibrisgroup.com/discovery/fulldisplay?docid=alma9917829216705756&context=L&vid=01LVA_INST%3A01LVA&lang=en,http://rosetta.virginiamemory.com:1801/delivery/DeliveryManagerServlet?fulltext=true&dps_pid=IE2564462,Library of Virginia Executive Orders Digital Collection
VA-MCDONNELL-EO-40-2011,Robert F. McDonnell,2010-2014,mcdonnell,81116276820005756,alma9917829215905756,Executive Order,EO-40,2011,2011-09-28,"Executive Order 40 (2011) Declaration of a State of Emergency for the Commonwealth of Virginia due to the Threat of Significant Flooding, Heavy Rains, and Wind Damage caused by Hurricane Irene","Declaration of a State of Emergency for the Commonwealth of Virginia due to the Threat of Significant Flooding, Heavy Rains, and Wind Damage caused by Hurricane Irene",True,declaration,True,flood; hurricane; wind,False,6 PDF pages,https://lva.primo.exlibrisgroup.com/discovery/fulldisplay?docid=alma9917829215905756&context=L&vid=01LVA_INST%3A01LVA&lang=en,http://rosetta.virginiamemory.com:1801/delivery/DeliveryManagerServlet?fulltext=true&dps_pid=IE2564471,Library of Virginia Executive Orders Digital Collection
VA-MCDONNELL-EO-23-2010,Robert F. McDonnell,2010-2014,mcdonnell,81116276820005756,alma9917829213005756,Executive Order,EO-23,2010,2010-09-01,Executive Order 23 (2010) Declaration of a State of Emergency for the Commonwealth of Virginia Due to the Threat of Significant Flooding and Wind Damaged Caused by Hurricane Earl,Declaration of a State of Emergency for the Commonwealth of Virginia Due to the Threat of Significant Flooding and Wind Damaged Caused by Hurricane Earl,True,declaration,True,flood; hurricane; wind,False,6 PDF pages,https://lva.primo.exlibrisgroup.com/discovery/fulldisplay?docid=alma9917829213005756&context=L&vid=01LVA_INST%3A01LVA&lang=en,http://rosetta.virginiamemory.com:1801/delivery/DeliveryManagerServlet?fulltext=true&dps_pid=IE2565626,Library of Virginia Executive Orders Digital Collection
VA-MCDONNELL-EO-49-2012,Robert F. McDonnell,2010-2014,mcdonnell,81116276820005756,alma9917829212705756,Executive Order,EO-49,2012,2012-07-03,Executive Order 49 (2012) Declaration of a State of Emergency for the Commonwealth of Virginia Due to a Severe Storm Event throughout the Commnwealth,Declaration of a State of Emergency for the Commonwealth of Virginia Due to a Severe Storm Event throughout the Commnwealth,True,declaration,True,storm,False,6 PDF pages,https://lva.primo.exlibrisgroup.com/discovery/fulldisplay?docid=alma9917829212705756&context=L&vid=01LVA_INST%3A01LVA&lang=en,http://rosetta.virginiamemory.com:1801/delivery/DeliveryManagerServlet?fulltext=true&dps_pid=IE2564558,Library of Virginia Executive Orders Digital Collection
VA-MCDONNELL-EO-30-2010,Robert F. McDonnell,2010-2014,mcdonnell,81116276820005756,alma9917829211805756,Executive Order,EO-30,2010,2010-12-28,"Executive Order 30 (2010) Declaration of a State of Emergency for the Commonwealth of Virginia Due to the Threat of Significant Snow Accumulations, Transportation Difficulties, and Power Outages Caused by a Winter Storm","Declaration of a State of Emergency for the Commonwealth of Virginia Due to the Threat of Significant Snow Accumulations, Transportation Difficulties, and Power Outages Caused by a Winter Storm",True,declaration,True,snow; storm,False,7 PDF pages,https://lva.primo.exlibrisgroup.com/discovery/fulldisplay?docid=alma9917829211805756&context=L&vid=01LVA_INST%3A01LVA&lang=en,http://rosetta.virginiamemory.com:1801/delivery/DeliveryManagerServlet?fulltext=true&dps_pid=IE2564708,Library of Virginia Executive Orders Digital Collection
VA-MCDONNELL-EO-8-2010,Robert F. McDonnell,2010-2014,mcdonnell,81116276820005756,alma9917827923005756,Executive Order,EO-8,2010,2010-03-01,Executive Order 8 (2010) Declaration of a State of Emergency for the Commonwealth of Virginia Due to a Severe Winter Storm Event throughout the Western and Southwestern Portion of the Commonwealth,Declaration of a State of Emergency for the Commonwealth of Virginia Due to a Severe Winter Storm Event throughout the Western and Southwestern Portion of the Commonwealth,True,declaration,True,storm,False,6 PDF pages,https://lva.primo.exlibrisgroup.com/discovery/fulldisplay?docid=alma9917827923005756&context=L&vid=01LVA_INST%3A01LVA&lang=en,http://rosetta.virginiamemory.com:1801/delivery/DeliveryManagerServlet?fulltext=true&dps_pid=IE2565047,Library of Virginia Executive Orders Digital Collection
VA-MCDONNELL-EO-5-2010,Robert F. McDonnell,2010-2014,mcdonnell,81116276820005756,alma9917827921305756,Executive Order,EO-5,2010,2010-01-29,Executive Order 5 (2010) Declaration of a State of Emergency for the Commonwealth of Virginia Due to a Severe Winter Storm Event throughout the Commonwealth.,Declaration of a State of Emergency for the Commonwealth of Virginia Due to a Severe Winter Storm Event throughout the Commonwealth,True,declaration,True,storm,False,7 PDF pages,https://lva.primo.exlibrisgroup.com/discovery/fulldisplay?docid=alma9917827921305756&context=L&vid=01LVA_INST%3A01LVA&lang=en,http://rosetta.virginiamemory.com:1801/delivery/DeliveryManagerServlet?fulltext=true&dps_pid=IE2565269,Library of Virginia Executive Orders Digital Collection
VA-MCDONNELL-EO-13-2010,Robert F. McDonnell,2010-2014,mcdonnell,81116276820005756,alma9917827919005756,Executive Order,EO-13,2010,2010-06-29,Executive Order 13 (2010) Continuing Certain Declarations of State of Emergency,Continuing Certain Declarations of State of Emergency,True,modification_or_extension,False,,False,2 PDF pages,https://lva.primo.exlibrisgroup.com/discovery/fulldisplay?docid=alma9917827919005756&context=L&vid=01LVA_INST%3A01LVA&lang=en,http://rosetta.virginiamemory.com:1801/delivery/DeliveryManagerServlet?fulltext=true&dps_pid=IE2565122,Library of Virginia Executive Orders Digital Collection
VA-MCDONNELL-EO-7-2010,Robert F. McDonnell,2010-2014,mcdonnell,81116276820005756,alma9917827918705756,Executive Order,EO-7,2010,2010-02-10,Executive Order 7 (2010) Declaration of a State of Emergency for the Commonwealth of Virginia Due to Severe Winter Storm Events throughout the Comonwealth.,Declaration of a State of Emergency for the Commonwealth of Virginia Due to Severe Winter Storm Events throughout the Comonwealth,True,declaration,True,storm,False,8 PDF pages,https://lva.primo.exlibrisgroup.com/discovery/fulldisplay?docid=alma9917827918705756&context=L&vid=01LVA_INST%3A01LVA&lang=en,http://rosetta.virginiamemory.com:1801/delivery/DeliveryManagerServlet?fulltext=true&dps_pid=IE2565125,Library of Virginia Executive Orders Digital Collection
VA-MCDONNELL-EO-61-2013,Robert F. McDonnell,2010-2014,mcdonnell,81116276820005756,alma9917827918305756,Executive Order,EO-61,2013,2013-03-07,Executive Order 61 (2013) Declaration of a State of Emergency for the Commonwealth of Virginia Due to a Winter Storm Event,Declaration of a State of Emergency for the Commonwealth of Virginia Due to a Winter Storm Event,True,declaration,True,storm,False,6 PDF pages,https://lva.primo.exlibrisgroup.com/discovery/fulldisplay?docid=alma9917827918305756&context=L&vid=01LVA_INST%3A01LVA&lang=en,http://rosetta.virginiamemory.com:1801/delivery/DeliveryManagerServlet?fulltext=true&dps_pid=IE2565350,Library of Virginia Executive Orders Digital Collection
VA-MCAULIFFE-EO-58-2016,Terry McAuliffe,2014-2018,mcauliffe,81116276810005756,alma9917829211305756,Executive Order,EO-58,2016,2016-09-02,Executive Order 58 (2016) Declaration of a State of Emergency for the Commonwealth of Virginia Due to Hurricane Hermine,Declaration of a State of Emergency for the Commonwealth of Virginia Due to Hurricane Hermine,True,declaration,True,hurricane,False,7 PDF pages,https://lva.primo.exlibrisgroup.com/discovery/fulldisplay?docid=alma9917829211305756&context=L&vid=01LVA_INST%3A01LVA&lang=en,http://rosetta.virginiamemory.com:1801/delivery/DeliveryManagerServlet?fulltext=true&dps_pid=IE2565497,Library of Virginia Executive Orders Digital Collection
VA-MCAULIFFE-EO-51-2016,Terry McAuliffe,2014-2018,mcauliffe,81116276810005756,alma9917829211205756,Executive Order,EO-51,2016,2016-01-21,Executive Order 51 (2016) Declaration of a State of Emergency for the Commonwealth of Virginia Due to a Severe Winter Storm Event,Declaration of a State of Emergency for the Commonwealth of Virginia Due to a Severe Winter Storm Event,True,declaration,True,storm,False,7 PDF pages,https://lva.primo.exlibrisgroup.com/discovery/fulldisplay?docid=alma9917829211205756&context=L&vid=01LVA_INST%3A01LVA&lang=en,http://rosetta.virginiamemory.com:1801/delivery/DeliveryManagerServlet?fulltext=true&dps_pid=IE2564681,Library of Virginia Executive Orders Digital Collection
VA-MCAULIFFE-EO-51-2016,Terry McAuliffe,2014-2018,mcauliffe,81116276810005756,alma9917829210505756,Executive Order,EO-51,2016,2016-02-29,Executive Order 51 (2016) Declaration of a State of Emergency for the Commonwealth of Virginia Due to a Severe Winter Storm Event,Declaration of a State of Emergency for the Commonwealth of Virginia Due to a Severe Winter Storm Event,True,declaration,True,storm,False,7 PDF pages,https://lva.primo.exlibrisgroup.com/discovery/fulldisplay?docid=alma9917829210505756&context=L&vid=01LVA_INST%3A01LVA&lang=en,http://rosetta.virginiamemory.com:1801/delivery/DeliveryManagerServlet?fulltext=true&dps_pid=IE2564756,Library of Virginia Executive Orders Digital Collection
VA-MCAULIFFE-EO-59-2016,Terry McAuliffe,2014-2018,mcauliffe,81116276810005756,alma9917829209905756,Executive Order,EO-59,2016,2016-09-16,Executive Order 59 (2016) Declaration of a State of Emergency for the Commonwealth of Virginia as a Measure for Uninterrupted Gasoline Distribution,Declaration of a State of Emergency for the Commonwealth of Virginia as a Measure for Uninterrupted Gasoline Distribution,True,declaration,False,,False,3 PDF pages,https://lva.primo.exlibrisgroup.com/discovery/fulldisplay?docid=alma9917829209905756&context=L&vid=01LVA_INST%3A01LVA&lang=en,http://rosetta.virginiamemory.com:1801/delivery/DeliveryManagerServlet?fulltext=true&dps_pid=IE2565581,Library of Virginia Executive Orders Digital Collection
VA-MCAULIFFE-EO-72-2017,Terry McAuliffe,2014-2018,mcauliffe,81116276810005756,alma9917829209705756,Executive Order,EO-72,2017,2017-09-07,Executive Order 72 (2017) Declaration of a State of Emergency for the Commonwealth of Virginia Due To Hurricane Irma and in Support of States Affected by Hurricane Irma,Declaration of a State of Emergency for the Commonwealth of Virginia Due To Hurricane Irma and in Support of States Affected by Hurricane Irma,True,declaration,True,hurricane,False,8 PDF pages,https://lva.primo.exlibrisgroup.com/discovery/fulldisplay?docid=alma9917829209705756&context=L&vid=01LVA_INST%3A01LVA&lang=en,http://rosetta.virginiamemory.com:1801/delivery/DeliveryManagerServlet?fulltext=true&dps_pid=IE2565584,Library of Virginia Executive Orders Digital Collection
VA-MCAULIFFE-EO-38-2015,Terry McAuliffe,2014-2018,mcauliffe,81116276810005756,alma9917829209505756,Executive Order,EO-38,2015,2015-02-24,"Executive Order 38 (2015) Declaration of a State of Emergency for the Commonwealth of Virginia Due to Major Winter Storm (Updated February 24, 2015)","Declaration of a State of Emergency for the Commonwealth of Virginia Due to Major Winter Storm (Updated February 24, 2015)",True,declaration,True,storm,False,7 PDF pages,https://lva.primo.exlibrisgroup.com/discovery/fulldisplay?docid=alma9917829209505756&context=L&vid=01LVA_INST%3A01LVA&lang=en,http://rosetta.virginiamemory.com:1801/delivery/DeliveryManagerServlet?fulltext=true&dps_pid=IE2564759,Library of Virginia Executive Orders Digital Collection
VA-MCAULIFFE-EO-7-2014,Terry McAuliffe,2014-2018,mcauliffe,81116276810005756,alma9917829208205756,Executive Order,EO-7,2014,2014-02-11,Executive Order 7 (2014) Declaration of a State of Emergency for the Commonwealth of Virginia Due to a Major Winter Storm Event,Declaration of a State of Emergency for the Commonwealth of Virginia Due to a Major Winter Storm Event,True,declaration,True,storm,False,7 PDF pages,https://lva.primo.exlibrisgroup.com/discovery/fulldisplay?docid=alma9917829208205756&context=L&vid=01LVA_INST%3A01LVA&lang=en,http://rosetta.virginiamemory.com:1801/delivery/DeliveryManagerServlet?fulltext=true&dps_pid=IE2565167,Library of Virginia Executive Orders Digital Collection
VA-MCAULIFFE-EO-70-2017,Terry McAuliffe,2014-2018,mcauliffe,81116276810005756,alma9917829207905756,Executive Order,EO-70,2017,2017-09-01,Executive Order 70 (2017) Declaration of a State of Emergency for the Commonwealth of Virginia to Support Response and Recovery Effforts in States Affected by Hurricane Harvey,Declaration of a State of Emergency for the Commonwealth of Virginia to Support Response and Recovery Effforts in States Affected by Hurricane Harvey,True,declaration,True,hurricane,True,6 PDF pages,https://lva.primo.exlibrisgroup.com/discovery/fulldisplay?docid=alma9917829207905756&context=L&vid=01LVA_INST%3A01LVA&lang=en,http://rosetta.virginiamemory.com:1801/delivery/DeliveryManagerServlet?fulltext=true&dps_pid=IE2565593,Library of Virginia Executive Orders Digital Collection
VA-MCAULIFFE-EO-6-2014,Terry McAuliffe,2014-2018,mcauliffe,81116276810005756,alma9917829207805756,Executive Order,EO-6,2014,2014-02-03,Executive Order 6 (2014) Declaration of a State of Emergency for the Commonwealth of Virginia in Support of Emergency Relief Supplies Due to Severe Winter Weather,Declaration of a State of Emergency for the Commonwealth of Virginia in Support of Emergency Relief Supplies Due to Severe Winter Weather,True,declaration,True,winter weather,False,2 PDF pages,https://lva.primo.exlibrisgroup.com/discovery/fulldisplay?docid=alma9917829207805756&context=L&vid=01LVA_INST%3A01LVA&lang=en,http://rosetta.virginiamemory.com:1801/delivery/DeliveryManagerServlet?fulltext=true&dps_pid=IE2565224,Library of Virginia Executive Orders Digital Collection
VA-MCAULIFFE-EO-56-2016,Terry McAuliffe,2014-2018,mcauliffe,81116276810005756,alma9917829205105756,Executive Order,EO-56,2016,2016-06-24,Executive Order 56 (2016) Declaration of a State of Emergency for the Commonwealth of Virginia Due to Severe Flooding,Declaration of a State of Emergency for the Commonwealth of Virginia Due to Severe Flooding,True,declaration,True,flood,False,7 PDF pages,https://lva.primo.exlibrisgroup.com/discovery/fulldisplay?docid=alma9917829205105756&context=L&vid=01LVA_INST%3A01LVA&lang=en,http://rosetta.virginiamemory.com:1801/delivery/DeliveryManagerServlet?fulltext=true&dps_pid=IE2565662,Library of Virginia Executive Orders Digital Collection
VA-MCAULIFFE-EO-9-2014,Terry McAuliffe,2014-2018,mcauliffe,81116276810005756,alma9917829204305756,Executive Order,EO-9,2014,2014-03-03,Executive Order 9 (2014) Declaration of a State of Emergency for the Commonwealth of Virginia Due to Major Winter Storm,Declaration of a State of Emergency for the Commonwealth of Virginia Due to Major Winter Storm,True,declaration,True,storm,False,7 PDF pages,https://lva.primo.exlibrisgroup.com/discovery/fulldisplay?docid=alma9917829204305756&context=L&vid=01LVA_INST%3A01LVA&lang=en,http://rosetta.virginiamemory.com:1801/delivery/DeliveryManagerServlet?fulltext=true&dps_pid=IE2565302,Library of Virginia Executive Orders Digital Collection
VA-MCAULIFFE-EO-53-2016,Terry McAuliffe,2014-2018,mcauliffe,81116276810005756,alma9917829203205756,Executive Order,EO-53,2016,2016-02-29,Executive Order 53 (2016) Declaration of a State of Emergency for the Commonwealth of Virginia Due to Severe Storms and Tornadoes,Declaration of a State of Emergency for the Commonwealth of Virginia Due to Severe Storms and Tornadoes,True,declaration,True,storm; tornado,False,7 PDF pages,https://lva.primo.exlibrisgroup.com/discovery/fulldisplay?docid=alma9917829203205756&context=L&vid=01LVA_INST%3A01LVA&lang=en,http://rosetta.virginiamemory.com:1801/delivery/DeliveryManagerServlet?fulltext=true&dps_pid=IE2564591,Library of Virginia Executive Orders Digital Collection
VA-MCAULIFFE-EO-60-2016,Terry McAuliffe,2014-2018,mcauliffe,81116276810005756,alma9917829202505756,Executive Order,EO-60,2016,2016-10-06,Executive Order 60 (2016) Declaration of a State of Emergency for the Commonwealth of Virginia in Support of States Affected by Hurricane Matthew,Declaration of a State of Emergency for the Commonwealth of Virginia in Support of States Affected by Hurricane Matthew,True,declaration,True,hurricane,True,3 PDF pages,https://lva.primo.exlibrisgroup.com/discovery/fulldisplay?docid=alma9917829202505756&context=L&vid=01LVA_INST%3A01LVA&lang=en,http://rosetta.virginiamemory.com:1801/delivery/DeliveryManagerServlet?fulltext=true&dps_pid=IE2565305,Library of Virginia Executive Orders Digital Collection
VA-MCAULIFFE-EO-76-2018,Terry McAuliffe,2014-2018,mcauliffe,81116276810005756,alma9917829200405756,Executive Order,EO-76,2018,2018-01-03,Executive Order 76 (2018) Declaration of a State of Emergency for the Commonwealth of Virginia Due to Severe Winter Weather,Declaration of a State of Emergency for the Commonwealth of Virginia Due to Severe Winter Weather,True,declaration,True,winter weather,False,5 PDF pages,https://lva.primo.exlibrisgroup.com/discovery/fulldisplay?docid=alma9917829200405756&context=L&vid=01LVA_INST%3A01LVA&lang=en,http://rosetta.virginiamemory.com:1801/delivery/DeliveryManagerServlet?fulltext=true&dps_pid=IE2564663,Library of Virginia Executive Orders Digital Collection
VA-MCAULIFFE-EO-66-2017,Terry McAuliffe,2014-2018,mcauliffe,81116276810005756,alma9917829199705756,Executive Order,EO-66,2017,2017-08-12,Executive Order 66 (2017) Declaration of a State of Emergency for the Commonwealth of Virginia Due to Civil Unrest,Declaration of a State of Emergency for the Commonwealth of Virginia Due to Civil Unrest,True,declaration,False,,False,7 PDF pages,https://lva.primo.exlibrisgroup.com/discovery/fulldisplay?docid=alma9917829199705756&context=L&vid=01LVA_INST%3A01LVA&lang=en,http://rosetta.virginiamemory.com:1801/delivery/DeliveryManagerServlet?fulltext=true&dps_pid=IE2565389,Library of Virginia Executive Orders Digital Collection
VA-MCAULIFFE-EO-60-2016,Terry McAuliffe,2014-2018,mcauliffe,81116276810005756,alma9917829199605756,Executive Order,EO-60,2016,2016-10-17,"Executive Order 60 (2016) Declaration of a State of Emergency for the Commonwealth of Virginia Due to Hurricane Matthew and in Support of States Affected by Hurricane Matthew (Updated October 17, 2016)","Declaration of a State of Emergency for the Commonwealth of Virginia Due to Hurricane Matthew and in Support of States Affected by Hurricane Matthew (Updated October 17, 2016)",True,declaration,True,hurricane,False,7 PDF pages,https://lva.primo.exlibrisgroup.com/discovery/fulldisplay?docid=alma9917829199605756&context=L&vid=01LVA_INST%3A01LVA&lang=en,http://rosetta.virginiamemory.com:1801/delivery/DeliveryManagerServlet?fulltext=true&dps_pid=IE2565392,Library of Virginia Executive Orders Digital Collection
VA-MCAULIFFE-EO-62-2017,Terry McAuliffe,2014-2018,mcauliffe,81116276810005756,alma9917829199405756,Executive Order,EO-62,2017,2017-01-06,Executive Order 62 (2017) Declaration of a State of Emergency for the Commonwealth of Virginia Due to a Severe Winter Weather Event,Declaration of a State of Emergency for the Commonwealth of Virginia Due to a Severe Winter Weather Event,True,declaration,True,winter weather,False,7 PDF pages,https://lva.primo.exlibrisgroup.com/discovery/fulldisplay?docid=alma9917829199405756&context=L&vid=01LVA_INST%3A01LVA&lang=en,http://rosetta.virginiamemory.com:1801/delivery/DeliveryManagerServlet?fulltext=true&dps_pid=IE2565398,Library of Virginia Executive Orders Digital Collection
VA-MCAULIFFE-EO-63-2017,Terry McAuliffe,2014-2018,mcauliffe,81116276810005756,alma9917829199105756,Executive Order,EO-63,2017,2017-03-13,Executive Order 63 (2017) Declaration of a State of Emergency for the Commonwealth of Virginia Due to a Severe Winter Weather Event,Declaration of a State of Emergency for the Commonwealth of Virginia Due to a Severe Winter Weather Event,True,declaration,True,winter weather,False,7 PDF pages,https://lva.primo.exlibrisgroup.com/discovery/fulldisplay?docid=alma9917829199105756&context=L&vid=01LVA_INST%3A01LVA&lang=en,http://rosetta.virginiamemory.com:1801/delivery/DeliveryManagerServlet?fulltext=true&dps_pid=IE2564675,Library of Virginia Executive Orders Digital Collection
VA-MCAULIFFE-EO-38-2015,Terry McAuliffe,2014-2018,mcauliffe,81116276810005756,alma9917829199005756,Executive Order,EO-38,2015,2015-02-16,Executive Order 38 (2015) Declaration of a State of Emergency for the Commonwealth of Virginia Due to Major Winter Storm,Declaration of a State of Emergency for the Commonwealth of Virginia Due to Major Winter Storm,True,declaration,True,storm,False,7 PDF pages,https://lva.primo.exlibrisgroup.com/discovery/fulldisplay?docid=alma9917829199005756&context=L&vid=01LVA_INST%3A01LVA&lang=en,http://rosetta.virginiamemory.com:1801/delivery/DeliveryManagerServlet?fulltext=true&dps_pid=IE2564678,Library of Virginia Executive Orders Digital Collection
VA-MCAULIFFE-EO-5-2014,Terry McAuliffe,2014-2018,mcauliffe,81116276810005756,alma9917828046105756,Executive Order,EO-5,2014,2014-01-17,Executive Order 5 (2014) Declaration of a State of Emergency for the Commonwealth of Virginia in Support of West Virginia,Declaration of a State of Emergency for the Commonwealth of Virginia in Support of West Virginia,True,declaration,False,,False,3 PDF pages,https://lva.primo.exlibrisgroup.com/discovery/fulldisplay?docid=alma9917828046105756&context=L&vid=01LVA_INST%3A01LVA&lang=en,http://rosetta.virginiamemory.com:1801/delivery/DeliveryManagerServlet?fulltext=true&dps_pid=IE2565044,Library of Virginia Executive Orders Digital Collection
VA-MCAULIFFE-EO-74-2017,Terry McAuliffe,2014-2018,mcauliffe,81116276810005756,alma9917828045805756,Executive Order,EO-74,2017,2017-12-29,Executive Order 74 (2017) Declaration of a State of Emergency for the Commonmwealth of Virginia in Support of Increased Heating Fuel Demands,Declaration of a State of Emergency for the Commonmwealth of Virginia in Support of Increased Heating Fuel Demands,True,declaration,False,,False,3 PDF pages,https://lva.primo.exlibrisgroup.com/discovery/fulldisplay?docid=alma9917828045805756&context=L&vid=01LVA_INST%3A01LVA&lang=en,http://rosetta.virginiamemory.com:1801/delivery/DeliveryManagerServlet?fulltext=true&dps_pid=IE2564426,Library of Virginia Executive Orders Digital Collection
VA-MCAULIFFE-EO-48-2015,Terry McAuliffe,2014-2018,mcauliffe,81116276810005756,alma9917828045605756,Executive Order,EO-48,2015,2015-09-30,Executive Order 48 (2015) Declaration of a State of Emergency for the Commonwealth of Virginia Due to Severe Weather and the Threat of Hurricane Joaquin Impacting Virginia,Declaration of a State of Emergency for the Commonwealth of Virginia Due to Severe Weather and the Threat of Hurricane Joaquin Impacting Virginia,True,declaration,True,hurricane,False,7 PDF pages,https://lva.primo.exlibrisgroup.com/discovery/fulldisplay?docid=alma9917828045605756&context=L&vid=01LVA_INST%3A01LVA&lang=en,http://rosetta.virginiamemory.com:1801/delivery/DeliveryManagerServlet?fulltext=true&dps_pid=IE2564432,Library of Virginia Executive Orders Digital Collection
VA-NORTHAM-EO-73-2020,Ralph S. Northam,2018-2022,northam,81116196030005756,alma9917827718205756,Executive Order,EO-73,2020,2020-12-15,Executive Order 73 (2020) Declaration of a State Of Emergency Due to Winter Weather,Declaration of a State Of Emergency Due to Winter Weather,True,declaration,True,winter weather,False,2 PDF pages,https://lva.primo.exlibrisgroup.com/discovery/fulldisplay?docid=alma9917827718205756&context=L&vid=01LVA_INST%3A01LVA&lang=en,http://rosetta.virginiamemory.com:1801/delivery/DeliveryManagerServlet?fulltext=true&dps_pid=IE3440476,Library of Virginia Executive Orders Digital Collection
VA-NORTHAM-EO-75-2021,Ralph S. Northam,2018-2022,northam,81116196030005756,alma9917827717705756,Executive Order,EO-75,2021,2021-01-06,"Executive Order 75 (2021) Declaration of a State of Emergency Due to Civil Unrest in Washington, D.C. and Potential Civil Unrest in the Commonwealth","Declaration of a State of Emergency Due to Civil Unrest in Washington, D.C. and Potential Civil Unrest in the Commonwealth",True,declaration,False,,False,3 PDF pages,https://lva.primo.exlibrisgroup.com/discovery/fulldisplay?docid=alma9917827717705756&context=L&vid=01LVA_INST%3A01LVA&lang=en,http://rosetta.virginiamemory.com:1801/delivery/DeliveryManagerServlet?fulltext=true&dps_pid=IE3440482,Library of Virginia Executive Orders Digital Collection
VA-NORTHAM-EO-76-2021,Ralph S. Northam,2018-2022,northam,81116196030005756,alma9917827717505756,Executive Order,EO-76,2021,2021-02-11,Executive Order 76 (2021) Declaration of a State of Emergency Due to Anticipated Winter Weather,Declaration of a State of Emergency Due to Anticipated Winter Weather,True,declaration,True,winter weather,False,2 PDF pages (original); 2 PDF pages (amended),https://lva.primo.exlibrisgroup.com/discovery/fulldisplay?docid=alma9917827717505756&context=L&vid=01LVA_INST%3A01LVA&lang=en,http://rosetta.virginiamemory.com:1801/delivery/DeliveryManagerServlet?fulltext=true&dps_pid=IE3440485,Library of Virginia Executive Orders Digital Collection
VA-NORTHAM-EO-34-2019,Ralph S. Northam,2018-2022,northam,81116196030005756,alma9917827717405756,Executive Order,EO-34,2019,2019-06-27,Executive Order 34 (2019) Declaration of a State of Emergency for the Commonwealth of Virginia Due to Highway Damages From Flooding,Declaration of a State of Emergency for the Commonwealth of Virginia Due to Highway Damages From Flooding,True,declaration,True,flood,False,2 PDF pages,https://lva.primo.exlibrisgroup.com/discovery/fulldisplay?docid=alma9917827717405756&context=L&vid=01LVA_INST%3A01LVA&lang=en,http://rosetta.virginiamemory.com:1801/delivery/DeliveryManagerServlet?fulltext=true&dps_pid=IE3440311,Library of Virginia Executive Orders Digital Collection
VA-NORTHAM-EO-7-2018,Ralph S. Northam,2018-2022,northam,81116196030005756,alma9917827717005756,Executive Order,EO-7,2018,2018-04-16,Executive Order 7 (2018) Declaration Of A State Of Emergency For The Commonwealth Of Virginia Due To Severe Weather,Declaration Of A State Of Emergency For The Commonwealth Of Virginia Due To Severe Weather,True,declaration,False,,False,4 PDF pages,https://lva.primo.exlibrisgroup.com/discovery/fulldisplay?docid=alma9917827717005756&context=L&vid=01LVA_INST%3A01LVA&lang=en,http://rosetta.virginiamemory.com:1801/delivery/DeliveryManagerServlet?fulltext=true&dps_pid=IE3440227,Library of Virginia Executive Orders Digital Collection
VA-NORTHAM-EO-10-2018,Ralph S. Northam,2018-2022,northam,81116196030005756,alma9917827716405756,Executive Order,EO-10,2018,2018-06-08,Executive Order 10 (2018) Declaration Of A State Of Emergency For The Commonwealth Of Virginia Due To Severe Weather And Flooding,Declaration Of A State Of Emergency For The Commonwealth Of Virginia Due To Severe Weather And Flooding,True,declaration,True,flood,False,4 PDF pages,https://lva.primo.exlibrisgroup.com/discovery/fulldisplay?docid=alma9917827716405756&context=L&vid=01LVA_INST%3A01LVA&lang=en,http://rosetta.virginiamemory.com:1801/delivery/DeliveryManagerServlet?fulltext=true&dps_pid=IE3440236,Library of Virginia Executive Orders Digital Collection
VA-NORTHAM-EO-78-2021,Ralph S. Northam,2018-2022,northam,81116196030005756,alma9917827716205756,Executive Order,EO-78,2021,2021-05-11,Executive Order 78 (2021) Declaration of a State of Emergency Due to the Shutdown of the Colonial Pipeline,Declaration of a State of Emergency Due to the Shutdown of the Colonial Pipeline,True,declaration,False,,False,2 PDF pages,https://lva.primo.exlibrisgroup.com/discovery/fulldisplay?docid=alma9917827716205756&context=L&vid=01LVA_INST%3A01LVA&lang=en,http://rosetta.virginiamemory.com:1801/delivery/DeliveryManagerServlet?fulltext=true&dps_pid=IE3440492,Library of Virginia Executive Orders Digital Collection
VA-NORTHAM-EO-40-2019,Ralph S. Northam,2018-2022,northam,81116196030005756,alma9917827716105756,Executive Order,EO-40,2019,2019-09-03,Executive Order 40 (2019) Declaration of a State of Emergency Due to Hurricane Dorian,Declaration of a State of Emergency Due to Hurricane Dorian,True,declaration,True,hurricane,False,2 PDF pages,https://lva.primo.exlibrisgroup.com/discovery/fulldisplay?docid=alma9917827716105756&context=L&vid=01LVA_INST%3A01LVA&lang=en,http://rosetta.virginiamemory.com:1801/delivery/DeliveryManagerServlet?fulltext=true&dps_pid=IE3440333,Library of Virginia Executive Orders Digital Collection
VA-NORTHAM-EO-81-2021,Ralph S. Northam,2018-2022,northam,81116196030005756,alma9917827715705756,Executive Order,EO-81,2021,2021-08-31,Executive Order 81 (2021) Declaration of a State of Emergency Due to Severe Weather,Declaration of a State of Emergency Due to Severe Weather,True,declaration,False,,False,2 PDF pages,https://lva.primo.exlibrisgroup.com/discovery/fulldisplay?docid=alma9917827715705756&context=L&vid=01LVA_INST%3A01LVA&lang=en,http://rosetta.virginiamemory.com:1801/delivery/DeliveryManagerServlet?fulltext=true&dps_pid=IE3440501,Library of Virginia Executive Orders Digital Collection
VA-NORTHAM-EO-15-2018,Ralph S. Northam,2018-2022,northam,81116196030005756,alma9917827714705756,Executive Order,EO-15,2018,2018-08-08,Executive Order 15 (2018) Declaration Of A State Of Emergency In Preparation For The Anniversary Of Charlottesville,Declaration Of A State Of Emergency In Preparation For The Anniversary Of Charlottesville,True,declaration,False,,False,5 PDF pages,https://lva.primo.exlibrisgroup.com/discovery/fulldisplay?docid=alma9917827714705756&context=L&vid=01LVA_INST%3A01LVA&lang=en,http://rosetta.virginiamemory.com:1801/delivery/DeliveryManagerServlet?fulltext=true&dps_pid=IE3440252,Library of Virginia Executive Orders Digital Collection
VA-NORTHAM-EO-46-2019,Ralph S. Northam,2018-2022,northam,81116196030005756,alma9917827714605756,Executive Order,EO-46,2019,2019-12-06,Executive Order 46 (2019) Declaration of a State of Emergency for the Commonwealth of Virginia Due to Highway Damages From Flooding,Declaration of a State of Emergency for the Commonwealth of Virginia Due to Highway Damages From Flooding,True,declaration,True,flood,False,2 PDF pages,https://lva.primo.exlibrisgroup.com/discovery/fulldisplay?docid=alma9917827714605756&context=L&vid=01LVA_INST%3A01LVA&lang=en,http://rosetta.virginiamemory.com:1801/delivery/DeliveryManagerServlet?fulltext=true&dps_pid=IE3440351,Library of Virginia Executive Orders Digital Collection
VA-NORTHAM-EO-83-2022,Ralph S. Northam,2018-2022,northam,81116196030005756,alma9917827714505756,Executive Order,EO-83,2022,2022-01-05,Executive Order 83 (2022) Declaration of a State of Emergency Due to Severe Winter Weather,Declaration of a State of Emergency Due to Severe Winter Weather,True,declaration,True,winter weather,False,2 PDF pages,https://lva.primo.exlibrisgroup.com/discovery/fulldisplay?docid=alma9917827714505756&context=L&vid=01LVA_INST%3A01LVA&lang=en,http://rosetta.virginiamemory.com:1801/delivery/DeliveryManagerServlet?fulltext=true&dps_pid=IE3440507,Library of Virginia Executive Orders Digital Collection
VA-NORTHAM-EO-84-2022,Ralph S. Northam,2018-2022,northam,81116196030005756,alma9917827714305756,Executive Order,EO-84,2022,2022-01-10,"Executive Order 84 (2022) Action to Provide Certain Operational Relief for Hospitals and Healthcare Workers, Via Declaration of a Limited State of Emergency","Action to Provide Certain Operational Relief for Hospitals and Healthcare Workers, Via Declaration of a Limited State of Emergency",True,declaration,False,,False,6 PDF pages,https://lva.primo.exlibrisgroup.com/discovery/fulldisplay?docid=alma9917827714305756&context=L&vid=01LVA_INST%3A01LVA&lang=en,http://rosetta.virginiamemory.com:1801/delivery/DeliveryManagerServlet?fulltext=true&dps_pid=IE3440510,Library of Virginia Executive Orders Digital Collection
VA-NORTHAM-EO-49-2020,Ralph S. Northam,2018-2022,northam,81116196030005756,alma9917827714005756,Executive Order,EO-49,2020,2020-01-15,Executive Order 49 (2020) Declaration of a State of Emergency Due to Potential Civil Unrest at the Virginia State Capitol,Declaration of a State of Emergency Due to Potential Civil Unrest at the Virginia State Capitol,True,declaration,False,,False,4 PDF pages (original); 4 PDF pages (amended),https://lva.primo.exlibrisgroup.com/discovery/fulldisplay?docid=alma9917827714005756&context=L&vid=01LVA_INST%3A01LVA&lang=en,http://rosetta.virginiamemory.com:1801/delivery/DeliveryManagerServlet?fulltext=true&dps_pid=IE3440361,Library of Virginia Executive Orders Digital Collection
VA-NORTHAM-EO-17-2018,Ralph S. Northam,2018-2022,northam,81116196030005756,alma9917827713905756,Executive Order,EO-17,2018,2018-09-10,Executive Order 17 (2018) Declaration Of A State Of Emergency For The Commonwealth Of Virginia Due To Potential Impacts From Hurricane Florence,Declaration Of A State Of Emergency For The Commonwealth Of Virginia Due To Potential Impacts From Hurricane Florence,True,declaration,True,hurricane,False,6 PDF pages (original); 7 PDF pages (amended),https://lva.primo.exlibrisgroup.com/discovery/fulldisplay?docid=alma9917827713905756&context=L&vid=01LVA_INST%3A01LVA&lang=en,http://rosetta.virginiamemory.com:1801/delivery/DeliveryManagerServlet?fulltext=true&dps_pid=IE3440258,Library of Virginia Executive Orders Digital Collection
VA-NORTHAM-EO-50-2020,Ralph S. Northam,2018-2022,northam,81116196030005756,alma9917827713805756,Executive Order,EO-50,2020,2020-02-02,Executive Order 50 (2020) Declaration of a State of Emergency Due to Extreme Flooding,Declaration of a State of Emergency Due to Extreme Flooding,True,declaration,True,flood,False,2 PDF pages,https://lva.primo.exlibrisgroup.com/discovery/fulldisplay?docid=alma9917827713805756&context=L&vid=01LVA_INST%3A01LVA&lang=en,http://rosetta.virginiamemory.com:1801/delivery/DeliveryManagerServlet?fulltext=true&dps_pid=IE3440365,Library of Virginia Executive Orders Digital Collection
VA-NORTHAM-EO-51-2020,Ralph S. Northam,2018-2022,northam,81116196030005756,alma9917827713605756,Executive Order,EO-51,2020,2020-03-12,Executive Order 51 (2020) Declaration of a State of Emergency Due to Novel Coronavirus (COVID-19),Declaration of a State of Emergency Due to Novel Coronavirus (COVID-19),True,declaration,False,,False,2 PDF pages (original); 2 PDF pages (amended),https://lva.primo.exlibrisgroup.com/discovery/fulldisplay?docid=alma9917827713605756&context=L&vid=01LVA_INST%3A01LVA&lang=en,http://rosetta.virginiamemory.com:1801/delivery/DeliveryManagerServlet?fulltext=true&dps_pid=IE3440368,Library of Virginia Executive Orders Digital Collection
VA-NORTHAM-EO-23-2018,Ralph S. Northam,2018-2022,northam,81116196030005756,alma9917827712705756,Executive Order,EO-23,2018,2018-10-11,Executive Order 23 (2018) Declaration Of A State Of Emergency For The Commonwealth Of Virginia Due To Hurricane Michael And In Support Of States Affected By The Storm,Declaration Of A State Of Emergency For The Commonwealth Of Virginia Due To Hurricane Michael And In Support Of States Affected By The Storm,True,declaration,True,hurricane; storm,False,6 PDF pages,https://lva.primo.exlibrisgroup.com/discovery/fulldisplay?docid=alma9917827712705756&context=L&vid=01LVA_INST%3A01LVA&lang=en,http://rosetta.virginiamemory.com:1801/delivery/DeliveryManagerServlet?fulltext=true&dps_pid=IE3440277,Library of Virginia Executive Orders Digital Collection
VA-NORTHAM-EO-26-2018,Ralph S. Northam,2018-2022,northam,81116196030005756,alma9917827712105756,Executive Order,EO-26,2018,2018-12-08,Executive Order 26 (2018) Declaration Of A State Of Emergency for The Commonwealth Of Virginia Due To Winter Weather,Declaration Of A State Of Emergency for The Commonwealth Of Virginia Due To Winter Weather,True,declaration,True,winter weather,False,5 PDF pages,https://lva.primo.exlibrisgroup.com/discovery/fulldisplay?docid=alma9917827712105756&context=L&vid=01LVA_INST%3A01LVA&lang=en,http://rosetta.virginiamemory.com:1801/delivery/DeliveryManagerServlet?fulltext=true&dps_pid=IE3440286,Library of Virginia Executive Orders Digital Collection
VA-NORTHAM-EO-28-2019,Ralph S. Northam,2018-2022,northam,81116196030005756,alma9917827711705756,Executive Order,EO-28,2019,2019-01-12,Executive Order 28 (2019) Declaration Of A State Of Emergency for The Commonwealth Of Virginia Due To Winter Weather,Declaration Of A State Of Emergency for The Commonwealth Of Virginia Due To Winter Weather,True,declaration,True,winter weather,False,6 PDF pages,https://lva.primo.exlibrisgroup.com/discovery/fulldisplay?docid=alma9917827711705756&context=L&vid=01LVA_INST%3A01LVA&lang=en,http://rosetta.virginiamemory.com:1801/delivery/DeliveryManagerServlet?fulltext=true&dps_pid=IE3440292,Library of Virginia Executive Orders Digital Collection
VA-NORTHAM-EO-64-2020,Ralph S. Northam,2018-2022,northam,81116196030005756,alma9917827710905756,Executive Order,EO-64,2020,2020-05-31,Executive Order 64 (2020) Declaration of a State of Emergency Due to Civil Unrest and Institution of a Curfew in the City of Richmond,Declaration of a State of Emergency Due to Civil Unrest and Institution of a Curfew in the City of Richmond,True,declaration,False,,False,"3 PDF pages (original); 3 PDF pages (amended, each)",https://lva.primo.exlibrisgroup.com/discovery/fulldisplay?docid=alma9917827710905756&context=L&vid=01LVA_INST%3A01LVA&lang=en,http://rosetta.virginiamemory.com:1801/delivery/DeliveryManagerServlet?fulltext=true&dps_pid=IE3440430,Library of Virginia Executive Orders Digital Collection
VA-NORTHAM-EO-69-2020,Ralph S. Northam,2018-2022,northam,81116196030005756,alma9917827710405756,Executive Order,EO-69,2020,2020-07-31,Executive Order 69 (2020) Declaration of a State of Emergency Due to Hurricane Isaias,Declaration of a State of Emergency Due to Hurricane Isaias,True,declaration,True,hurricane,False,2 PDF pages,https://lva.primo.exlibrisgroup.com/discovery/fulldisplay?docid=alma9917827710405756&context=L&vid=01LVA_INST%3A01LVA&lang=en,http://rosetta.virginiamemory.com:1801/delivery/DeliveryManagerServlet?fulltext=true&dps_pid=IE3440457,Library of Virginia Executive Orders Digital Collection
VA-NORTHAM-EO-4-2018,Ralph S. Northam,2018-2022,northam,81116196030005756,alma9917827709705756,Executive Order,EO-4,2018,2018-02-12,Executive Order 4 (2018) Declaration Of A State Of Emergency For The Commonwealth Of Virginia Due To Severe Weather,Declaration Of A State Of Emergency For The Commonwealth Of Virginia Due To Severe Weather,True,declaration,False,,False,4 PDF pages,https://lva.primo.exlibrisgroup.com/discovery/fulldisplay?docid=alma9917827709705756&context=L&vid=01LVA_INST%3A01LVA&lang=en,http://rosetta.virginiamemory.com:1801/delivery/DeliveryManagerServlet?fulltext=true&dps_pid=IE3440218,Library of Virginia Executive Orders Digital Collection
VA-NORTHAM-EO-5-2018,Ralph S. Northam,2018-2022,northam,81116196030005756,alma9917827709605756,Executive Order,EO-5,2018,2018-03-02,Executive Order 5 (2018) Declaration Of A State Of Emergency For The Commonwealth Of Virginia Due To Severe Weather,Declaration Of A State Of Emergency For The Commonwealth Of Virginia Due To Severe Weather,True,declaration,False,,False,4 PDF pages,https://lva.primo.exlibrisgroup.com/discovery/fulldisplay?docid=alma9917827709605756&context=L&vid=01LVA_INST%3A01LVA&lang=en,http://rosetta.virginiamemory.com:1801/delivery/DeliveryManagerServlet?fulltext=true&dps_pid=IE3440221,Library of Virginia Executive Orders Digital Collection
VA-YOUNGKIN-EO-54-2025,Glenn Youngkin,2022-2026,youngkin,81187807320005756,alma9918188589705756,Executive Order,EO-54,2025,2025-10-23,Executive Order 54 (2025) Declaration of a State of Emergency to Protect Hungry Virginians from Democrats Blocking Federal Funding for the Most Needy,Declaration of a State of Emergency to Protect Hungry Virginians from Democrats Blocking Federal Funding for the Most Needy,True,declaration,False,,False,2 PDF pages,https://lva.primo.exlibrisgroup.com/discovery/fulldisplay?docid=alma9918188589705756&context=L&vid=01LVA_INST%3A01LVA&lang=en,https://rosetta.virginiamemory.com/delivery/DeliveryManagerServlet?fulltext=true&dps_pid=IE4126385,Library of Virginia Executive Orders Digital Collection
VA-YOUNGKIN-EO-20-2022,Glenn Youngkin,2022-2026,youngkin,81187807320005756,alma9918188588805756,Executive Order,EO-20,2022,2022-07-13,Executive Order 20 (2022) Declaration of a State of Emergency Due to Severe Flooding in Buchanan County,Declaration of a State of Emergency Due to Severe Flooding in Buchanan County,True,declaration,True,flood,False,3 PDF pages,https://lva.primo.exlibrisgroup.com/discovery/fulldisplay?docid=alma9918188588805756&context=L&vid=01LVA_INST%3A01LVA&lang=en,https://rosetta.virginiamemory.com/delivery/DeliveryManagerServlet?fulltext=true&dps_pid=IE4126281,Library of Virginia Executive Orders Digital Collection
VA-YOUNGKIN-EO-21-2022,Glenn Youngkin,2022-2026,youngkin,81187807320005756,alma9918188588705756,Executive Order,EO-21,2022,2022-07-28,Executive Order 21 (2022) Declaration of a State of Emergency Due to Severe Flooding in Southwest Virginia,Declaration of a State of Emergency Due to Severe Flooding in Southwest Virginia,True,declaration,True,flood,False,3 PDF pages,https://lva.primo.exlibrisgroup.com/discovery/fulldisplay?docid=alma9918188588705756&context=L&vid=01LVA_INST%3A01LVA&lang=en,https://rosetta.virginiamemory.com/delivery/DeliveryManagerServlet?fulltext=true&dps_pid=IE4126284,Library of Virginia Executive Orders Digital Collection
VA-YOUNGKIN-EO-22-2022,Glenn Youngkin,2022-2026,youngkin,81187807320005756,alma9918188588605756,Executive Order,EO-22,2022,2022-09-28,Executive Order 22 (2022) Declaration of a State of Emergency Due to Hurricane Ian,Declaration of a State of Emergency Due to Hurricane Ian,True,declaration,True,hurricane,False,3 PDF pages,https://lva.primo.exlibrisgroup.com/discovery/fulldisplay?docid=alma9918188588605756&context=L&vid=01LVA_INST%3A01LVA&lang=en,https://rosetta.virginiamemory.com/delivery/DeliveryManagerServlet?fulltext=true&dps_pid=IE4126287,Library of Virginia Executive Orders Digital Collection
VA-YOUNGKIN-EO-12-2022,Glenn Youngkin,2022-2026,youngkin,81187807320005756,alma9918188493305756,Executive Order,EO-12,2022,2022-01-20,Executive Order 12 (2022) Declaration of a State of Emergency Due to Severe Winter Weather,Declaration of a State of Emergency Due to Severe Winter Weather,True,declaration,True,winter weather,False,3 PDF pages,https://lva.primo.exlibrisgroup.com/discovery/fulldisplay?docid=alma9918188493305756&context=L&vid=01LVA_INST%3A01LVA&lang=en,https://rosetta.virginiamemory.com/delivery/DeliveryManagerServlet?fulltext=true&dps_pid=IE4126257,Library of Virginia Executive Orders Digital Collection
VA-YOUNGKIN-EO-15-2022,Glenn Youngkin,2022-2026,youngkin,81187807320005756,alma9918188492205756,Executive Order,EO-15,2022,2022-01-27,Executive Order 15 (2022) Declaration of a State of Emergency Due to Severe Winter Weather,Declaration of a State of Emergency Due to Severe Winter Weather,True,declaration,True,winter weather,False,3 PDF pages,https://lva.primo.exlibrisgroup.com/discovery/fulldisplay?docid=alma9918188492205756&context=L&vid=01LVA_INST%3A01LVA&lang=en,https://rosetta.virginiamemory.com/delivery/DeliveryManagerServlet?fulltext=true&dps_pid=IE4126266,Library of Virginia Executive Orders Digital Collection
VA-YOUNGKIN-EO-27-2023,Glenn Youngkin,2022-2026,youngkin,81187807320005756,alma9918188489305756,Executive Order,EO-27,2023,2023-09-22,Executive Order 27 (2023) Declaration of a State of Emergency Due to Severe Flooding and Tropical Storm Impacts Across the Commonwealth,Declaration of a State of Emergency Due to Severe Flooding and Tropical Storm Impacts Across the Commonwealth,True,declaration,True,flood; storm; tropical,False,3 PDF pages (original); 3 PDF pages (amended),https://lva.primo.exlibrisgroup.com/discovery/fulldisplay?docid=alma9918188489305756&context=L&vid=01LVA_INST%3A01LVA&lang=en,https://rosetta.virginiamemory.com/delivery/DeliveryManagerServlet?fulltext=true&dps_pid=IE4126302,Library of Virginia Executive Orders Digital Collection
VA-YOUNGKIN-EO-29-2023,Glenn Youngkin,2022-2026,youngkin,81187807320005756,alma9918188489105756,Executive Order,EO-29,2023,2023-11-06,"Executive Order 29 (2023) Declaration of a State of Emergency Due to Wildfires, or the Potential thereof, Throughout the Commonwealth of Virginia","Declaration of a State of Emergency Due to Wildfires, or the Potential thereof, Throughout the Commonwealth of Virginia",True,declaration,True,fire,False,3 PDF pages (original); 3 PDF pages (amended),https://lva.primo.exlibrisgroup.com/discovery/fulldisplay?docid=alma9918188489105756&context=L&vid=01LVA_INST%3A01LVA&lang=en,https://rosetta.virginiamemory.com/delivery/DeliveryManagerServlet?fulltext=true&dps_pid=IE4126309,Library of Virginia Executive Orders Digital Collection
VA-YOUNGKIN-EO-34-2024,Glenn Youngkin,2022-2026,youngkin,81187807320005756,alma9918188488605756,Executive Order,EO-34,2024,2024-08-06,Executive Order 34 (2024) Declaration of a State of Emergency Due to Hurricane/Tropical Storm Debby,Declaration of a State of Emergency Due to Hurricane/Tropical Storm Debby,True,declaration,True,hurricane; storm; tropical,False,3 PDF pages,https://lva.primo.exlibrisgroup.com/discovery/fulldisplay?docid=alma9918188488605756&context=L&vid=01LVA_INST%3A01LVA&lang=en,https://rosetta.virginiamemory.com/delivery/DeliveryManagerServlet?fulltext=true&dps_pid=IE4126325,Library of Virginia Executive Orders Digital Collection
VA-YOUNGKIN-EO-37-2024,Glenn Youngkin,2022-2026,youngkin,81187807320005756,alma9918188488305756,Executive Order,EO-37,2024,2024-09-25,Executive Order 37 (2024) Declaration of a State of Emergency Due to Hurricane Helen,Declaration of a State of Emergency Due to Hurricane Helen,True,declaration,True,hurricane,False,3 PDF pages,https://lva.primo.exlibrisgroup.com/discovery/fulldisplay?docid=alma9918188488305756&context=L&vid=01LVA_INST%3A01LVA&lang=en,https://rosetta.virginiamemory.com/delivery/DeliveryManagerServlet?fulltext=true&dps_pid=IE4126334,Library of Virginia Executive Orders Digital Collection
VA-YOUNGKIN-EO-44-2025,Glenn Youngkin,2022-2026,youngkin,81187807320005756,alma9918188487605756,Executive Order,EO-44,2025,2025-01-03,Executive Order 44 (2025) Declaration of a State of Emergency Due to Severe Winter Weather,Declaration of a State of Emergency Due to Severe Winter Weather,True,declaration,True,winter weather,False,3 PDF pages,https://lva.primo.exlibrisgroup.com/discovery/fulldisplay?docid=alma9918188487605756&context=L&vid=01LVA_INST%3A01LVA&lang=en,https://rosetta.virginiamemory.com/delivery/DeliveryManagerServlet?fulltext=true&dps_pid=IE4126355,Library of Virginia Executive Orders Digital Collection
VA-YOUNGKIN-EO-45-2025,Glenn Youngkin,2022-2026,youngkin,81187807320005756,alma9918188487505756,Executive Order,EO-45,2025,2025-02-10,Executive Order 45 (2025) Declaration of a State of Emergency Due to Severe Winter Weather Systems,Declaration of a State of Emergency Due to Severe Winter Weather Systems,True,declaration,True,winter weather,False,3 PDF pages,https://lva.primo.exlibrisgroup.com/discovery/fulldisplay?docid=alma9918188487505756&context=L&vid=01LVA_INST%3A01LVA&lang=en,https://rosetta.virginiamemory.com/delivery/DeliveryManagerServlet?fulltext=true&dps_pid=IE4126358,Library of Virginia Executive Orders Digital Collection
