source_order_id,target_order_id,relationship_type,relationship_text,relationship_source,confidence
NJ-MURPHY-EO-381,NJ-MURPHY-EO-45,supersedes,"superseded Executive Order No.
45",document_text,medium
NJ-MURPHY-EO-286,NJ-MURPHY-EO-285,terminates,"Executive
Order No. 285 is terminated",document_text,medium
NJ-MURPHY-EO-281,NJ-MURPHY-EO-111,continues,"continues Executive Orders Nos. 111, 112, and 207",description,medium
NJ-MURPHY-EO-281,NJ-MURPHY-EO-112,continues,"continues Executive Orders Nos. 111, 112, and 207",description,medium
NJ-MURPHY-EO-281,NJ-MURPHY-EO-207,continues,"continues Executive Orders Nos. 111, 112, and 207",description,medium
NJ-MURPHY-EO-150,NJ-MURPHY-EO-104,supersedes,superseded Executive Order No. 104,document_text,medium
NJ-MURPHY-EO-147,NJ-MURPHY-EO-118,supersedes,superseding Executive Order No. 118,document_text,medium
NJ-MURPHY-EO-146,NJ-MURPHY-EO-118,supersedes,superseding Executive Order No. 118,document_text,medium
NJ-MURPHY-EO-144,NJ-MURPHY-EO-104,supersedes,superseding Executive Order No. 104,document_text,medium
NJ-MURPHY-EO-143,NJ-MURPHY-EO-108,supersedes,"superseded Executive
Order No. 108",document_text,medium
NJ-MURPHY-EO-143,NJ-MURPHY-EO-118,supersedes,superseding Executive Order No. 118,document_text,medium
NJ-MURPHY-EO-133,NJ-MURPHY-EO-108,supersedes,"superseded Executive
Order No. 108",document_text,medium
NJ-MURPHY-EO-132,NJ-MURPHY-EO-104,supersedes,superseding Executive Order No. 104,document_text,medium
NJ-MURPHY-EO-127,NJ-MURPHY-EO-104,supersedes,superseded Executive Order No. 104,document_text,medium
NJ-MURPHY-EO-120,NJ-MURPHY-EO-104,supersedes,superseding Executive Order No. 104,document_text,medium
NJ-MURPHY-EO-118,NJ-MURPHY-EO-104,supersedes,"superseded
Executive Order No. 104",document_text,medium
NJ-MURPHY-EO-116,NJ-MURPHY-EO-104,supersedes,superseding Executive Order No. 104,document_text,medium
NJ-MURPHY-EO-108,NJ-MURPHY-EO-104,supersedes,superseding Executive Order No. 104,document_text,medium
NJ-MURPHY-EO-103,NJ-MURPHY-EO-102,continues,"Executive
Order No. 102 is continued",document_text,medium
NJ-MURPHY-EO-51,NJ-MURPHY-EO-50,terminates,Executive Order No. 50  is terminated,description,medium
NJ-MURPHY-EO-19,NJ-MURPHY-EO-137,extends_duration,"extended Executive
Order No. 137",document_text,medium
NJ-CHRISTIE-EO-19,NJ-CHRISTIE-EO-103,terminates,Rescinds Executive Orders No.103,description,medium
NJ-CHRISTIE-EO-20,NJ-CHRISTIE-EO-12,terminates,Rescinds Executive Order No. 12,description,medium
NJ-CHRISTIE-EO-44,NJ-CHRISTIE-EO-21,terminates,Rescinds Executive Orders No. 21,description,medium
NJ-CHRISTIE-EO-191,NJ-CHRISTIE-EO-55,terminates,rescinding Executive Order 55,description,medium
NJ-CHRISTIE-EO-198,NJ-CHRISTIE-EO-41,extends_duration,Executive Order No. 41 was extended,document_text,medium
NJ-CHRISTIE-EO-198,NJ-CHRISTIE-EO-41,amends,Executive Order No. 41 is amended,document_text,medium
NJ-CORZINE-EO-7,NJ-CORZINE-EO-47,terminates,rescinds Executive Order No. 47,description,medium
NJ-CORZINE-EO-7,NJ-CORZINE-EO-24,amends,Amends Executive Order No. 24,description,medium
NJ-CORZINE-EO-14,NJ-CORZINE-EO-65,terminates,Rescinds Executive Order No. 65,description,medium
NJ-CORZINE-EO-14,NJ-CORZINE-EO-1,amends,amends Executive Order No. 1,description,medium
NJ-CORZINE-EO-20,NJ-CORZINE-EO-16,terminates,Terminates Executive Order #16,description,medium
NJ-CORZINE-EO-49,NJ-CORZINE-EO-208,extends_duration,extended EO #208,description,medium
NJ-CORZINE-EO-66,NJ-CORZINE-EO-64,terminates,Executive Order No. 64 is terminated,document_text,medium
NJ-CORZINE-EO-113,NJ-CORZINE-EO-111,terminates,Rescinds Executive Order No. 111,description,medium
NJ-CORZINE-EO-120,NJ-CORZINE-EO-1,amends,Amends Executive Order No. 1,description,medium
NJ-MCGREEVEY-EO-1,NJ-MCGREEVEY-EO-11,terminates,rescinds EO #11,document_text,medium
NJ-MCGREEVEY-EO-5,NJ-MCGREEVEY-EO-132,continues,continues EO #132,document_text,medium
NJ-MCGREEVEY-EO-6,NJ-MCGREEVEY-EO-113,terminates,rescinds EO #113,document_text,medium
NJ-MCGREEVEY-EO-10,NJ-MCGREEVEY-EO-2,terminates,"Rescinds 
              Executive Order #2",document_text,medium
NJ-MCGREEVEY-EO-12,NJ-MCGREEVEY-EO-208,extends_duration,extended EO #208,document_text,medium
NJ-MCGREEVEY-EO-44,NJ-MCGREEVEY-EO-11,terminates,Terminates Executive Order No. 11,description,medium
NJ-MCGREEVEY-EO-49,NJ-MCGREEVEY-EO-48,terminates,Executive Order No. 48 is terminated,document_text,medium
NJ-MCGREEVEY-EO-61,NJ-MCGREEVEY-EO-45,terminates,rescinds EO# 45,document_text,medium
NJ-MCGREEVEY-EO-64,NJ-MCGREEVEY-EO-63,terminates,Executive Order No. 63 is terminated,document_text,medium
NJ-MCGREEVEY-EO-69,NJ-MCGREEVEY-EO-68,terminates,Executive Order No. 68 is terminated,document_text,medium
NJ-MCGREEVEY-EO-92,NJ-MCGREEVEY-EO-59,continues,Continues Executive Order No. 59,description,medium
NJ-MCGREEVEY-EO-133,NJ-MCGREEVEY-EO-131,amends,amend Executive Order No. 131,document_text,medium
NJ-DIFRANCESCO-EO-125,NJ-DIFRANCESCO-EO-124,terminates,"Terminated 
          by EO #125",document_text,medium
NJ-WHITMAN-EO-2,NJ-WHITMAN-EO-1,terminates,"Rescinds 
              Executive Orders #1",document_text,medium
NJ-WHITMAN-EO-5,NJ-WHITMAN-EO-4,terminates,rescinds Executive Order No. 4,description,medium
NJ-WHITMAN-EO-9,NJ-WHITMAN-EO-2,terminates,rescinds EO 2,description,medium
NJ-WHITMAN-EO-11,NJ-WHITMAN-EO-99,supersedes,supersedes Executive Order No.99,description,medium
NJ-WHITMAN-EO-13,NJ-WHITMAN-EO-12,terminates,Rescinds EO No. 12,description,medium
NJ-WHITMAN-EO-18,NJ-WHITMAN-EO-30,continues,Continues Executive Order #30,description,medium
NJ-WHITMAN-EO-19,NJ-WHITMAN-EO-51,continues,"Continues Executive orders #51, 110, 173 and 217",description,medium
NJ-WHITMAN-EO-19,NJ-WHITMAN-EO-110,continues,"Continues Executive orders #51, 110, 173 and 217",description,medium
NJ-WHITMAN-EO-19,NJ-WHITMAN-EO-173,continues,"Continues Executive orders #51, 110, 173 and 217",description,medium
NJ-WHITMAN-EO-19,NJ-WHITMAN-EO-217,continues,"Continues Executive orders #51, 110, 173 and 217",description,medium
NJ-WHITMAN-EO-21,NJ-WHITMAN-EO-3,terminates,Rescinds Executive Order No. 3,description,medium
NJ-WHITMAN-EO-21,NJ-WHITMAN-EO-4,terminates,rescinds Executive Order No. 4,description,medium
NJ-WHITMAN-EO-24,NJ-WHITMAN-EO-89,supersedes,Supersedes Executive Order #89,document_text,medium
NJ-WHITMAN-EO-26,NJ-WHITMAN-EO-79,supersedes,supersedes Orders #79,document_text,medium
NJ-WHITMAN-EO-32,NJ-WHITMAN-EO-10,terminates,Rescinds Executive Order No. 10,description,medium
NJ-WHITMAN-EO-37,NJ-WHITMAN-EO-208,extends_duration,extended EO #208,description,medium
NJ-WHITMAN-EO-43,NJ-WHITMAN-EO-41,terminates,terminated by EO #43,document_text,medium
NJ-WHITMAN-EO-46,NJ-WHITMAN-EO-45,terminates,terminated by EO #46,description,medium
NJ-WHITMAN-EO-56,NJ-WHITMAN-EO-53,terminates,terminated by EO #56,document_text,medium
NJ-WHITMAN-EO-70,NJ-WHITMAN-EO-208,extends_duration,extended EO #208,description,medium
NJ-WHITMAN-EO-71,NJ-WHITMAN-EO-15,terminates,Rescinds EO15,description,medium
NJ-WHITMAN-EO-77,NJ-WHITMAN-EO-73,terminates,Rescinds Executive Order No. 73,description,medium
NJ-WHITMAN-EO-79,NJ-WHITMAN-EO-34,amends,Amends Executive Order #34,description,medium
NJ-WHITMAN-EO-80,NJ-WHITMAN-EO-78,terminates,Rescinds Executive Order No. 78,description,medium
NJ-WHITMAN-EO-93,NJ-WHITMAN-EO-82,amends,amended Executive Order No. 82,document_text,medium
NJ-WHITMAN-EO-100,NJ-WHITMAN-EO-102,terminates,terminated by Executive Order No. 100,document_text,medium
NJ-WHITMAN-EO-102,NJ-WHITMAN-EO-98,terminates,terminates EO #98,document_text,medium
NJ-WHITMAN-EO-108,NJ-WHITMAN-EO-110,amends,Executive Order No. 110 is amended,document_text,medium
NJ-WHITMAN-EO-121,NJ-WHITMAN-EO-101,terminates,rescinds EO #101,document_text,medium
NJ-FLORIO-EO-9,NJ-FLORIO-EO-1,amends,Amended Executive Order #1,document_text,medium
NJ-FLORIO-EO-10,NJ-FLORIO-EO-25,terminates,"Rescinded 
              Executive Order Nos. 25, 218, and 220",document_text,medium
NJ-FLORIO-EO-10,NJ-FLORIO-EO-218,terminates,"Rescinded 
              Executive Order Nos. 25, 218, and 220",document_text,medium
NJ-FLORIO-EO-10,NJ-FLORIO-EO-220,terminates,"Rescinded 
              Executive Order Nos. 25, 218, and 220",document_text,medium
NJ-FLORIO-EO-11,NJ-FLORIO-EO-5,terminates,"Rescinds Executive Order Nos. 5, 12, 14, 20, 28, 36, 37, 41, 46, 54, 61, 63, 73, 76, 88, 90, 95, 96, 111, 112, 120, 128, 132, 145, 150, 154, 166, 167, 177, 183, 187, 188, 198, 201, and 212",description,medium
NJ-FLORIO-EO-11,NJ-FLORIO-EO-12,terminates,"Rescinds Executive Order Nos. 5, 12, 14, 20, 28, 36, 37, 41, 46, 54, 61, 63, 73, 76, 88, 90, 95, 96, 111, 112, 120, 128, 132, 145, 150, 154, 166, 167, 177, 183, 187, 188, 198, 201, and 212",description,medium
NJ-FLORIO-EO-11,NJ-FLORIO-EO-14,terminates,"Rescinds Executive Order Nos. 5, 12, 14, 20, 28, 36, 37, 41, 46, 54, 61, 63, 73, 76, 88, 90, 95, 96, 111, 112, 120, 128, 132, 145, 150, 154, 166, 167, 177, 183, 187, 188, 198, 201, and 212",description,medium
NJ-FLORIO-EO-11,NJ-FLORIO-EO-20,terminates,"Rescinds Executive Order Nos. 5, 12, 14, 20, 28, 36, 37, 41, 46, 54, 61, 63, 73, 76, 88, 90, 95, 96, 111, 112, 120, 128, 132, 145, 150, 154, 166, 167, 177, 183, 187, 188, 198, 201, and 212",description,medium
NJ-FLORIO-EO-11,NJ-FLORIO-EO-28,terminates,"Rescinds Executive Order Nos. 5, 12, 14, 20, 28, 36, 37, 41, 46, 54, 61, 63, 73, 76, 88, 90, 95, 96, 111, 112, 120, 128, 132, 145, 150, 154, 166, 167, 177, 183, 187, 188, 198, 201, and 212",description,medium
NJ-FLORIO-EO-11,NJ-FLORIO-EO-36,terminates,"Rescinds Executive Order Nos. 5, 12, 14, 20, 28, 36, 37, 41, 46, 54, 61, 63, 73, 76, 88, 90, 95, 96, 111, 112, 120, 128, 132, 145, 150, 154, 166, 167, 177, 183, 187, 188, 198, 201, and 212",description,medium
NJ-FLORIO-EO-11,NJ-FLORIO-EO-37,terminates,"Rescinds Executive Order Nos. 5, 12, 14, 20, 28, 36, 37, 41, 46, 54, 61, 63, 73, 76, 88, 90, 95, 96, 111, 112, 120, 128, 132, 145, 150, 154, 166, 167, 177, 183, 187, 188, 198, 201, and 212",description,medium
NJ-FLORIO-EO-11,NJ-FLORIO-EO-41,terminates,"Rescinds Executive Order Nos. 5, 12, 14, 20, 28, 36, 37, 41, 46, 54, 61, 63, 73, 76, 88, 90, 95, 96, 111, 112, 120, 128, 132, 145, 150, 154, 166, 167, 177, 183, 187, 188, 198, 201, and 212",description,medium
NJ-FLORIO-EO-11,NJ-FLORIO-EO-46,terminates,"Rescinds Executive Order Nos. 5, 12, 14, 20, 28, 36, 37, 41, 46, 54, 61, 63, 73, 76, 88, 90, 95, 96, 111, 112, 120, 128, 132, 145, 150, 154, 166, 167, 177, 183, 187, 188, 198, 201, and 212",description,medium
NJ-FLORIO-EO-11,NJ-FLORIO-EO-54,terminates,"Rescinds Executive Order Nos. 5, 12, 14, 20, 28, 36, 37, 41, 46, 54, 61, 63, 73, 76, 88, 90, 95, 96, 111, 112, 120, 128, 132, 145, 150, 154, 166, 167, 177, 183, 187, 188, 198, 201, and 212",description,medium
NJ-FLORIO-EO-11,NJ-FLORIO-EO-61,terminates,"Rescinds Executive Order Nos. 5, 12, 14, 20, 28, 36, 37, 41, 46, 54, 61, 63, 73, 76, 88, 90, 95, 96, 111, 112, 120, 128, 132, 145, 150, 154, 166, 167, 177, 183, 187, 188, 198, 201, and 212",description,medium
NJ-FLORIO-EO-11,NJ-FLORIO-EO-63,terminates,"Rescinds Executive Order Nos. 5, 12, 14, 20, 28, 36, 37, 41, 46, 54, 61, 63, 73, 76, 88, 90, 95, 96, 111, 112, 120, 128, 132, 145, 150, 154, 166, 167, 177, 183, 187, 188, 198, 201, and 212",description,medium
NJ-FLORIO-EO-11,NJ-FLORIO-EO-73,terminates,"Rescinds Executive Order Nos. 5, 12, 14, 20, 28, 36, 37, 41, 46, 54, 61, 63, 73, 76, 88, 90, 95, 96, 111, 112, 120, 128, 132, 145, 150, 154, 166, 167, 177, 183, 187, 188, 198, 201, and 212",description,medium
NJ-FLORIO-EO-11,NJ-FLORIO-EO-76,terminates,"Rescinds Executive Order Nos. 5, 12, 14, 20, 28, 36, 37, 41, 46, 54, 61, 63, 73, 76, 88, 90, 95, 96, 111, 112, 120, 128, 132, 145, 150, 154, 166, 167, 177, 183, 187, 188, 198, 201, and 212",description,medium
NJ-FLORIO-EO-11,NJ-FLORIO-EO-88,terminates,"Rescinds Executive Order Nos. 5, 12, 14, 20, 28, 36, 37, 41, 46, 54, 61, 63, 73, 76, 88, 90, 95, 96, 111, 112, 120, 128, 132, 145, 150, 154, 166, 167, 177, 183, 187, 188, 198, 201, and 212",description,medium
NJ-FLORIO-EO-11,NJ-FLORIO-EO-90,terminates,"Rescinds Executive Order Nos. 5, 12, 14, 20, 28, 36, 37, 41, 46, 54, 61, 63, 73, 76, 88, 90, 95, 96, 111, 112, 120, 128, 132, 145, 150, 154, 166, 167, 177, 183, 187, 188, 198, 201, and 212",description,medium
NJ-FLORIO-EO-11,NJ-FLORIO-EO-95,terminates,"Rescinds Executive Order Nos. 5, 12, 14, 20, 28, 36, 37, 41, 46, 54, 61, 63, 73, 76, 88, 90, 95, 96, 111, 112, 120, 128, 132, 145, 150, 154, 166, 167, 177, 183, 187, 188, 198, 201, and 212",description,medium
NJ-FLORIO-EO-11,NJ-FLORIO-EO-96,terminates,"Rescinds Executive Order Nos. 5, 12, 14, 20, 28, 36, 37, 41, 46, 54, 61, 63, 73, 76, 88, 90, 95, 96, 111, 112, 120, 128, 132, 145, 150, 154, 166, 167, 177, 183, 187, 188, 198, 201, and 212",description,medium
NJ-FLORIO-EO-11,NJ-FLORIO-EO-111,terminates,"Rescinds Executive Order Nos. 5, 12, 14, 20, 28, 36, 37, 41, 46, 54, 61, 63, 73, 76, 88, 90, 95, 96, 111, 112, 120, 128, 132, 145, 150, 154, 166, 167, 177, 183, 187, 188, 198, 201, and 212",description,medium
NJ-FLORIO-EO-11,NJ-FLORIO-EO-112,terminates,"Rescinds Executive Order Nos. 5, 12, 14, 20, 28, 36, 37, 41, 46, 54, 61, 63, 73, 76, 88, 90, 95, 96, 111, 112, 120, 128, 132, 145, 150, 154, 166, 167, 177, 183, 187, 188, 198, 201, and 212",description,medium
NJ-FLORIO-EO-11,NJ-FLORIO-EO-120,terminates,"Rescinds Executive Order Nos. 5, 12, 14, 20, 28, 36, 37, 41, 46, 54, 61, 63, 73, 76, 88, 90, 95, 96, 111, 112, 120, 128, 132, 145, 150, 154, 166, 167, 177, 183, 187, 188, 198, 201, and 212",description,medium
NJ-FLORIO-EO-11,NJ-FLORIO-EO-128,terminates,"Rescinds Executive Order Nos. 5, 12, 14, 20, 28, 36, 37, 41, 46, 54, 61, 63, 73, 76, 88, 90, 95, 96, 111, 112, 120, 128, 132, 145, 150, 154, 166, 167, 177, 183, 187, 188, 198, 201, and 212",description,medium
NJ-FLORIO-EO-11,NJ-FLORIO-EO-132,terminates,"Rescinds Executive Order Nos. 5, 12, 14, 20, 28, 36, 37, 41, 46, 54, 61, 63, 73, 76, 88, 90, 95, 96, 111, 112, 120, 128, 132, 145, 150, 154, 166, 167, 177, 183, 187, 188, 198, 201, and 212",description,medium
NJ-FLORIO-EO-11,NJ-FLORIO-EO-145,terminates,"Rescinds Executive Order Nos. 5, 12, 14, 20, 28, 36, 37, 41, 46, 54, 61, 63, 73, 76, 88, 90, 95, 96, 111, 112, 120, 128, 132, 145, 150, 154, 166, 167, 177, 183, 187, 188, 198, 201, and 212",description,medium
NJ-FLORIO-EO-11,NJ-FLORIO-EO-150,terminates,"Rescinds Executive Order Nos. 5, 12, 14, 20, 28, 36, 37, 41, 46, 54, 61, 63, 73, 76, 88, 90, 95, 96, 111, 112, 120, 128, 132, 145, 150, 154, 166, 167, 177, 183, 187, 188, 198, 201, and 212",description,medium
NJ-FLORIO-EO-11,NJ-FLORIO-EO-154,terminates,"Rescinds Executive Order Nos. 5, 12, 14, 20, 28, 36, 37, 41, 46, 54, 61, 63, 73, 76, 88, 90, 95, 96, 111, 112, 120, 128, 132, 145, 150, 154, 166, 167, 177, 183, 187, 188, 198, 201, and 212",description,medium
NJ-FLORIO-EO-11,NJ-FLORIO-EO-166,terminates,"Rescinds Executive Order Nos. 5, 12, 14, 20, 28, 36, 37, 41, 46, 54, 61, 63, 73, 76, 88, 90, 95, 96, 111, 112, 120, 128, 132, 145, 150, 154, 166, 167, 177, 183, 187, 188, 198, 201, and 212",description,medium
NJ-FLORIO-EO-11,NJ-FLORIO-EO-167,terminates,"Rescinds Executive Order Nos. 5, 12, 14, 20, 28, 36, 37, 41, 46, 54, 61, 63, 73, 76, 88, 90, 95, 96, 111, 112, 120, 128, 132, 145, 150, 154, 166, 167, 177, 183, 187, 188, 198, 201, and 212",description,medium
NJ-FLORIO-EO-11,NJ-FLORIO-EO-177,terminates,"Rescinds Executive Order Nos. 5, 12, 14, 20, 28, 36, 37, 41, 46, 54, 61, 63, 73, 76, 88, 90, 95, 96, 111, 112, 120, 128, 132, 145, 150, 154, 166, 167, 177, 183, 187, 188, 198, 201, and 212",description,medium
NJ-FLORIO-EO-11,NJ-FLORIO-EO-183,terminates,"Rescinds Executive Order Nos. 5, 12, 14, 20, 28, 36, 37, 41, 46, 54, 61, 63, 73, 76, 88, 90, 95, 96, 111, 112, 120, 128, 132, 145, 150, 154, 166, 167, 177, 183, 187, 188, 198, 201, and 212",description,medium
NJ-FLORIO-EO-11,NJ-FLORIO-EO-187,terminates,"Rescinds Executive Order Nos. 5, 12, 14, 20, 28, 36, 37, 41, 46, 54, 61, 63, 73, 76, 88, 90, 95, 96, 111, 112, 120, 128, 132, 145, 150, 154, 166, 167, 177, 183, 187, 188, 198, 201, and 212",description,medium
NJ-FLORIO-EO-11,NJ-FLORIO-EO-188,terminates,"Rescinds Executive Order Nos. 5, 12, 14, 20, 28, 36, 37, 41, 46, 54, 61, 63, 73, 76, 88, 90, 95, 96, 111, 112, 120, 128, 132, 145, 150, 154, 166, 167, 177, 183, 187, 188, 198, 201, and 212",description,medium
NJ-FLORIO-EO-11,NJ-FLORIO-EO-198,terminates,"Rescinds Executive Order Nos. 5, 12, 14, 20, 28, 36, 37, 41, 46, 54, 61, 63, 73, 76, 88, 90, 95, 96, 111, 112, 120, 128, 132, 145, 150, 154, 166, 167, 177, 183, 187, 188, 198, 201, and 212",description,medium
NJ-FLORIO-EO-11,NJ-FLORIO-EO-201,terminates,"Rescinds Executive Order Nos. 5, 12, 14, 20, 28, 36, 37, 41, 46, 54, 61, 63, 73, 76, 88, 90, 95, 96, 111, 112, 120, 128, 132, 145, 150, 154, 166, 167, 177, 183, 187, 188, 198, 201, and 212",description,medium
NJ-FLORIO-EO-11,NJ-FLORIO-EO-212,terminates,"Rescinds Executive Order Nos. 5, 12, 14, 20, 28, 36, 37, 41, 46, 54, 61, 63, 73, 76, 88, 90, 95, 96, 111, 112, 120, 128, 132, 145, 150, 154, 166, 167, 177, 183, 187, 188, 198, 201, and 212",description,medium
NJ-FLORIO-EO-11,NJ-FLORIO-EO-22,amends,amended Executive Order No. 22,document_text,medium
NJ-FLORIO-EO-14,NJ-FLORIO-EO-17,continues,"Continues Executive Order Nos. 17, 87, 168 and 225",description,medium
NJ-FLORIO-EO-14,NJ-FLORIO-EO-87,continues,"Continues Executive Order Nos. 17, 87, 168 and 225",description,medium
NJ-FLORIO-EO-14,NJ-FLORIO-EO-168,continues,"Continues Executive Order Nos. 17, 87, 168 and 225",description,medium
NJ-FLORIO-EO-14,NJ-FLORIO-EO-225,continues,"Continues Executive Order Nos. 17, 87, 168 and 225",description,medium
NJ-FLORIO-EO-24,NJ-FLORIO-EO-106,extends_duration,Extends Executive Order #106,document_text,medium
NJ-FLORIO-EO-28,NJ-FLORIO-EO-126,terminates,"Rescinds Executive 
              Order #126",document_text,medium
NJ-FLORIO-EO-35,NJ-FLORIO-EO-208,extends_duration,extended EO #208,description,medium
NJ-FLORIO-EO-44,NJ-FLORIO-EO-37,terminates,terminated by Order No. 44,document_text,medium
NJ-FLORIO-EO-42,NJ-FLORIO-EO-129,extends_duration,extends EO #129,document_text,medium
NJ-FLORIO-EO-48,NJ-FLORIO-EO-46,terminates,terminated by EO #48,document_text,medium
NJ-FLORIO-EO-51,NJ-FLORIO-EO-50,extends_duration,Extends Executive Order No. 50,description,medium
NJ-FLORIO-EO-52,NJ-FLORIO-EO-106,extends_duration,"Extends 
              Executive Order #106",document_text,medium
NJ-FLORIO-EO-53,NJ-FLORIO-EO-51,continues,"Continues 
              Executive orders #51, 110, 173 and 217",document_text,medium
NJ-FLORIO-EO-53,NJ-FLORIO-EO-110,continues,"Continues 
              Executive orders #51, 110, 173 and 217",document_text,medium
NJ-FLORIO-EO-53,NJ-FLORIO-EO-173,continues,"Continues 
              Executive orders #51, 110, 173 and 217",document_text,medium
NJ-FLORIO-EO-53,NJ-FLORIO-EO-217,continues,"Continues 
              Executive orders #51, 110, 173 and 217",document_text,medium
NJ-FLORIO-EO-55,NJ-FLORIO-EO-50,terminates,Rescinds Executive Orders 50 & 51,description,medium
NJ-FLORIO-EO-55,NJ-FLORIO-EO-51,terminates,Rescinds Executive Orders 50 & 51,description,medium
NJ-FLORIO-EO-56,NJ-FLORIO-EO-99,continues,Continues Executive Orders 99 & 206,description,medium
NJ-FLORIO-EO-56,NJ-FLORIO-EO-206,continues,Continues Executive Orders 99 & 206,description,medium
NJ-FLORIO-EO-56,NJ-FLORIO-EO-11,continues,"Continues 
              Executive Orders #11",document_text,medium
NJ-FLORIO-EO-60,NJ-FLORIO-EO-31,terminates,rescinds Order #31,document_text,medium
NJ-FLORIO-EO-76,NJ-FLORIO-EO-73,terminates,"terminated by Order 
              76",document_text,medium
NJ-FLORIO-EO-76,NJ-FLORIO-EO-74,terminates,"terminated by Order 
              76",document_text,medium
NJ-FLORIO-EO-76,NJ-FLORIO-EO-75,terminates,terminated by Order No. 76,document_text,medium
NJ-FLORIO-EO-77,NJ-FLORIO-EO-68,amends,Amends Executive Order No. 68,description,medium
NJ-FLORIO-EO-86,NJ-FLORIO-EO-85,terminates,Rescinds Executive Order No. 85,description,medium
NJ-FLORIO-EO-90,NJ-FLORIO-EO-208,extends_duration,extended EO #208,description,medium
NJ-FLORIO-EO-102,NJ-FLORIO-EO-35,terminates,Rescinds Executive Order No. 35,description,medium
