declaration_id,state,governor,eo_number,action_kind,action_type,event_description,date_signed,end_date,weather_related,source_scope,document_format,detail_url,archive_record_url
ME-EO-25-26-6,ME,Janet T. Mills,25/26-6,executive_order,administrative,Executive Order 6: An Order Continuing the Work of Maine’s Elder Justice Coordinating Partnership,2026-06-15,,false,mills_official_documents,html,https://www.maine.gov/governor/mills/official_documents/executive-orders/2026-06-executive-order-6-order-continuing-work-maines-elder,https://www.maine.gov/governor/mills/official_documents
ME-EO-25-26-5,ME,Janet T. Mills,25/26-5,executive_order,administrative,Executive Order 5: An Order Establishing the Maine Data Center Advisory Council,2026-04-29,,false,mills_official_documents,html,https://www.maine.gov/governor/mills/official_documents/executive-orders/2026-04-executive-order-5-order-establishing-maine-data-center,https://www.maine.gov/governor/mills/official_documents
ME-EO-25-26-8,ME,Janet T. Mills,25/26-8,executive_order,termination,"An Order Rescinding Executive Order 8 FY 11/12 (January 6, 2011)",2025-12-15,,false,mills_official_documents,html,https://www.maine.gov/governor/mills/official_documents/executive-orders/2025-12-order-rescinding-executive-order-8-fy-1112-january-6,https://www.maine.gov/governor/mills/official_documents
ME-EO-25-26-2,ME,Janet T. Mills,25/26-2,executive_order,administrative,Executive Order 2: An Order Establishing the Maine Life Sciences Innovation Center,2025-09-18,,false,mills_official_documents,html,https://www.maine.gov/governor/mills/official_documents/executive-orders/2025-09-executive-order-2-order-establishing-maine-life,https://www.maine.gov/governor/mills/official_documents
ME-EO-25-26-1,ME,Janet T. Mills,25/26-1,executive_order,administrative,Executive Order 1: An Order Updating the State of Maine Emergency Response and Disaster Recovery Teams,2025-09-18,,false,mills_official_documents,html,https://www.maine.gov/governor/mills/official_documents/executive-orders/2025-09-executive-order-1-order-updating-state-maine-emergency,https://www.maine.gov/governor/mills/official_documents
ME-EO-24-25-1,ME,Janet T. Mills,24/25-1,executive_order,administrative,Executive Order 1: An Order Establishing the The Governor’s Commission on School Construction,2024-10-04,,false,mills_official_documents,html,https://www.maine.gov/governor/mills/official_documents/executive-orders/2024-10-executive-order-1-order-establishing-governors,https://www.maine.gov/governor/mills/official_documents
ME-EO-23-24-8,ME,Janet T. Mills,23/24-8,executive_order,administrative,Executive Order 8: An Order Establishing the Maine Infrastructure Rebuilding and Resilience Commission,2024-05-21,,false,mills_official_documents,html,https://www.maine.gov/governor/mills/official_documents/executive-orders/2024-05-executive-order-8-order-establishing-maine,https://www.maine.gov/governor/mills/official_documents
ME-EO-23-24-7,ME,Janet T. Mills,23/24-7,executive_order,administrative,Executive Order 7: An Order Regarding Women in Construction,2024-05-06,,false,mills_official_documents,html,https://www.maine.gov/governor/mills/official_documents/executive-orders/2024-05-executive-order-7-order-regarding-women-construction,https://www.maine.gov/governor/mills/official_documents
ME-EO-23-24-6,ME,Janet T. Mills,23/24-6,executive_order,administrative,"Executive Order 6: An Order Establishing a Process to Hear a Complaint on the Removal of a Sheriff Pursuant to Art. IX, Section 10, of the Maine Constitution",2024-02-09,,false,mills_official_documents,html,https://www.maine.gov/governor/mills/official_documents/executive-orders/2024-02-executive-order-6-order-establishing-process-hear,https://www.maine.gov/governor/mills/official_documents
ME-EO-23-24-5,ME,Janet T. Mills,23/24-5,executive_order,administrative,Executive Order 5: An Order to Lead by Example in State Owned and Leased Buildings,2024-01-12,,false,mills_official_documents,html,https://www.maine.gov/governor/mills/official_documents/executive-orders/2024-01-executive-order-5-order-lead-example-state-owned-and,https://www.maine.gov/governor/mills/official_documents
ME-EO-23-24-4,ME,Janet T. Mills,23/24-4,executive_order,administrative,Executive Order 4: An Order Establishing the Independent Commission to Investigate the Facts of the Tragedy in Lewiston,2023-11-09,,false,mills_official_documents,html,https://www.maine.gov/governor/mills/official_documents/executive-orders/2024-01-executive-order-4-order-establishing-independent,https://www.maine.gov/governor/mills/official_documents
ME-EO-23-24-3,ME,Janet T. Mills,23/24-3,executive_order,administrative,Executive Order 3: An Order Governing the Work of the Maine Justice Assistance Council,2023-09-19,,false,mills_official_documents,html,https://www.maine.gov/governor/mills/official_documents/executive-orders/2024-01-executive-order-3-order-governing-work-maine-justice,https://www.maine.gov/governor/mills/official_documents
ME-EO-23-24-2,ME,Janet T. Mills,23/24-2,executive_order,administrative,Executive Order 2: An Order to Strengthen Maine’s Economy and Communities by Developing an Office of New Americans,2023-08-02,,false,mills_official_documents,html,https://www.maine.gov/governor/mills/official_documents/executive-orders/2024-01-executive-order-2-order-strengthen-maines-economy-and,https://www.maine.gov/governor/mills/official_documents
ME-EO-23-24-1,ME,Janet T. Mills,23/24-1,executive_order,administrative,Executive Order 1: An Order Establishing a Committee to Develop and Implement a Minimum Wage Bill for Agricultural Workers,2023-07-25,,false,mills_official_documents,html,https://www.maine.gov/governor/mills/official_documents/executive-orders/2024-01-executive-order-1-order-establishing-committee-develop,https://www.maine.gov/governor/mills/official_documents
ME-EO-19-20-4A,ME,Janet T. Mills,19/20-4A,executive_order,amendment,"Executive Order 4A: An Order Regarding Administrative Rulemaking (Amended, PDF)",2023-03-30,,false,mills_official_documents,pdf,https://www.maine.gov/governor/mills/sites/maine.gov.governor.mills/files/inline-files/EO%204-A%20FY%202019.pdf,https://www.maine.gov/governor/mills/official_documents
ME-EO-19-20-4,ME,Janet T. Mills,19/20-4,executive_order,administrative,Executive Order 4: An Order Regarding Administrative Rulemaking,2023-03-30,,false,mills_official_documents,pdf,https://www.maine.gov/governor/mills/sites/maine.gov.governor.mills/files/inline-files/Executive%20Order%204.pdf,https://www.maine.gov/governor/mills/official_documents
ME-EO-21-22-4,ME,Janet T. Mills,21/22-4,executive_order,administrative,Executive Order 4: An Order Protecting Access to Reproductive Health Care Services in Maine,2022-07-05,,false,mills_official_documents,html,https://www.maine.gov/governor/mills/official_documents/executive-orders/2022-07-executive-order-4-order-protecting-access-reproductive,https://www.maine.gov/governor/mills/official_documents
ME-EO-21-22-3,ME,Janet T. Mills,21/22-3,executive_order,administrative,Executive Order 3: An Order to Create a Cabinet on Aging,2022-06-13,,false,mills_official_documents,html,https://www.maine.gov/governor/mills/official_documents/executive-orders/2022-06-executive-order-3-order-create-cabinet-aging,https://www.maine.gov/governor/mills/official_documents
ME-EO-21-22-2,ME,Janet T. Mills,21/22-2,executive_order,administrative,Executive Order 2: An Order Establishing the Governor's Infrastructure Implementation Committee,2022-04-25,,false,mills_official_documents,html,https://www.maine.gov/governor/mills/official_documents/executive-orders/2022-08-executive-order-2-order-establishing-governors,https://www.maine.gov/governor/mills/official_documents
ME-EO-21-22-1,ME,Janet T. Mills,21/22-1,executive_order,administrative,"Executive Order 1: An Order Establishing the Governor's Advisory Council on Military Sexual Trauma to More Effectively Prevent, Deter, and Prosecute Sexual Assault and Sexual Harassment",2022-03-23,,false,mills_official_documents,pdf,https://www.maine.gov/governor/mills/sites/maine.gov.governor.mills/files/inline-files/3-24-22%20EO.pdf,https://www.maine.gov/governor/mills/official_documents
ME-EO-20-21-41,ME,Janet T. Mills,20/21-41,executive_order,administrative,Executive Order 41: An Order Establishing the Governor's Review of the Aerial Application of Herbicides for Forest Management,2021-06-30,,false,mills_official_documents,pdf,https://www.maine.gov/governor/mills/sites/maine.gov.governor.mills/files/inline-files/EO41%20FY2021.pdf,https://www.maine.gov/governor/mills/official_documents
ME-EO-20-21-40,ME,Janet T. Mills,20/21-40,executive_order,termination,Executive Order 40: An Order Providing an Orderly Transition Following the Termination of the State of Civil Emergency,2021-06-30,,false,mills_official_documents,pdf,https://www.maine.gov/governor/mills/sites/maine.gov.governor.mills/files/inline-files/EO%2098%2040.pdf,https://www.maine.gov/governor/mills/official_documents
ME-EO-20-21-39,ME,Janet T. Mills,20/21-39,executive_order,termination,Executive Order 39: An Order to Repeal Certain Face Covering Requirements,2021-05-19,,false,mills_official_documents,pdf,https://www.maine.gov/governor/mills/sites/maine.gov.governor.mills/files/inline-files/EO%2097%2039.pdf,https://www.maine.gov/governor/mills/official_documents
ME-EO-20-21-38,ME,Janet T. Mills,20/21-38,executive_order,amendment,Executive Order 38: An Order to Amend Indoor Gathering and In-Store Customer Limits,2021-05-13,,false,mills_official_documents,pdf,https://www.maine.gov/governor/mills/sites/maine.gov.governor.mills/files/inline-files/EO%2096%2038.pdf,https://www.maine.gov/governor/mills/official_documents
ME-EO-20-21-37,ME,Janet T. Mills,20/21-37,executive_order,amendment,Executive Order 37: An Order To Amend Face Covering Requirements,2021-04-28,,false,mills_official_documents,pdf,https://www.maine.gov/governor/mills/sites/maine.gov.governor.mills/files/inline-files/EO%2095%2037.pdf,https://www.maine.gov/governor/mills/official_documents
ME-EO-20-21-36,ME,Janet T. Mills,20/21-36,executive_order,administrative,Executive Order 36: An Order to Advance Clean Transportation Solutions for Maine,2021-03-30,,false,mills_official_documents,pdf,https://www.maine.gov/governor/mills/sites/maine.gov.governor.mills/files/inline-files/EO%2094%2036.pdf,https://www.maine.gov/governor/mills/official_documents
ME-EO-20-21-35,ME,Janet T. Mills,20/21-35,executive_order,amendment,Executive Order 35: An Order Amending Gathering Limits and Travel Restrictions to Reflect Current Conditions and the Best Available Science,2021-03-05,,false,mills_official_documents,pdf,https://www.maine.gov/governor/mills/sites/maine.gov.governor.mills/files/inline-files/EO%2093%2035.pdf,https://www.maine.gov/governor/mills/official_documents
ME-EO-20-21-34,ME,Janet T. Mills,20/21-34,executive_order,extension,Executive Order 34: An Order Extending the Term of Conditional Adult Use Marijuana Establishment Licenses,2021-03-04,,false,mills_official_documents,pdf,https://www.maine.gov/governor/mills/sites/maine.gov.governor.mills/files/inline-files/EO%2092%2034.pdf,https://www.maine.gov/governor/mills/official_documents
ME-EO-20-21-33,ME,Janet T. Mills,20/21-33,executive_order,amendment,"Executive Order 33: An Order Amending Executive Orders 16 FY 19/20, 21 FY 19/20, 27 FY 19/20, and 36 FY 19/20",2021-02-24,,false,mills_official_documents,pdf,https://www.maine.gov/governor/mills/sites/maine.gov.governor.mills/files/inline-files/EO%2033%2089.pdf,https://www.maine.gov/governor/mills/official_documents
ME-EO-20-21-32,ME,Janet T. Mills,20/21-32,executive_order,administrative,Executive Order 32: An Order Updating the Governor's Judicial Nominations Advisory Committee,2021-02-24,,false,mills_official_documents,pdf,https://www.maine.gov/governor/mills/sites/maine.gov.governor.mills/files/inline-files/EO%2032%2088.pdf,https://www.maine.gov/governor/mills/official_documents
ME-EO-20-21-27-A,ME,Janet T. Mills,20/21-27-A,executive_order,extension,Executive Order 27-A: An Order Extending the Effectiveness of Certain Provisions of Maine's Emergency Covid-19 Response Statutes,2021-02-18,,false,mills_official_documents,pdf,https://www.maine.gov/governor/mills/sites/maine.gov.governor.mills/files/inline-files/20210218172849508.pdf,https://www.maine.gov/governor/mills/official_documents
ME-EO-20-21-27,ME,Janet T. Mills,20/21-27,executive_order,extension,Executive Order 27: An Order Extending the Effectiveness of Certain Provisions of Maine's Emergency COVID-19 Response Statutes,2021-02-18,,false,mills_official_documents,pdf,https://www.maine.gov/governor/mills/sites/maine.gov.governor.mills/files/inline-files/EO%2027%20re%20Jan%2015%20repealers.pdf,https://www.maine.gov/governor/mills/official_documents
ME-EO-20-21-31,ME,Janet T. Mills,20/21-31,executive_order,amendment,Executive Order 31: An Order Amending Indoor Gathering Limits,2021-02-12,,false,mills_official_documents,pdf,https://www.maine.gov/governor/mills/sites/maine.gov.governor.mills/files/inline-files/EO%2031%2087.pdf,https://www.maine.gov/governor/mills/official_documents
ME-EO-20-21-30,ME,Janet T. Mills,20/21-30,executive_order,administrative,Executive Order 30: An Order Regarding Certain Fishing License Requirements of the Department of Inland Fish & Wildlife,2021-02-08,,false,mills_official_documents,pdf,https://www.maine.gov/governor/mills/sites/maine.gov.governor.mills/files/inline-files/EO%2030%2086.pdf,https://www.maine.gov/governor/mills/official_documents
ME-EO-20-21-29,ME,Janet T. Mills,20/21-29,executive_order,amendment,Executive Order 29: An Order Amending Executive Order 35 Fy 19/20 and Reinstating Certain Licensing Requirements,2021-02-03,,false,mills_official_documents,pdf,https://www.maine.gov/governor/mills/sites/maine.gov.governor.mills/files/inline-files/EO%2087%2029.pdf,https://www.maine.gov/governor/mills/official_documents
ME-EO-20-21-8-A,ME,Janet T. Mills,20/21-8-A,executive_order,amendment,Executive Order 8-A: An Order to Amend EO 8 FY 20/21 to Ensure School Budgets May Be Adopted by Referendum for the Upcoming School Budget Year and to Protect the Public Health During the Covid-19 Emergency,2021-01-25,,false,mills_official_documents,pdf,https://www.maine.gov/governor/mills/sites/maine.gov.governor.mills/files/inline-files/EO%208-A%20Jan%2025%202021%20Amend%20School%20Budget%20Dates.pdf,https://www.maine.gov/governor/mills/official_documents
ME-EO-20-21-8,ME,Janet T. Mills,20/21-8,executive_order,administrative,"Executive Order 8: An Order to Facilitate the November 2020 General Election, to Ensure the Integrity of the Ballot and to Protect the Public Health During the COVID-19 Emergency",2021-01-25,,false,mills_official_documents,pdf,https://www.maine.gov/governor/mills/sites/maine.gov.governor.mills/files/inline-files/An%20Order%20to%20Facilitate%20the%20November%202020%20General%20Election%2C%20to%20Ensure%20the%20Integrity%20of%20the%20Ballot%20and%20to%20Protect%20the%20Public%20Health%20During%20the%20COVID-19%20Emergency.pdf,https://www.maine.gov/governor/mills/official_documents
ME-EO-20-21-28,ME,Janet T. Mills,20/21-28,executive_order,administrative,Executive Order 28: An Order Activating the Maine National Guard as a Precautionary Measure to Protect the State House and Capitol Grounds,2021-01-19,,false,mills_official_documents,pdf,https://www.maine.gov/governor/mills/sites/maine.gov.governor.mills/files/inline-files/EO%2085%2028.pdf,https://www.maine.gov/governor/mills/official_documents
ME-EO-20-21-26,ME,Janet T. Mills,20/21-26,executive_order,administrative,Executive Order 26: An Order Transferring Authority to Waive Overpayments from the Unemployment Insurance Commission to the Commissioner of the Department of Labor,2021-01-13,,false,mills_official_documents,pdf,https://www.maine.gov/governor/mills/sites/maine.gov.governor.mills/files/inline-files/EO%2083%2026.pdf,https://www.maine.gov/governor/mills/official_documents
ME-EO-20-21-25,ME,Janet T. Mills,20/21-25,executive_order,administrative,Executive Order 25: An Order Establishing the State of Maine Cybersecurity Advisory Council,2021-01-13,,false,mills_official_documents,pdf,https://www.maine.gov/governor/mills/sites/maine.gov.governor.mills/files/inline-files/EO%2082%2025.pdf,https://www.maine.gov/governor/mills/official_documents
ME-EO-20-21-24,ME,Janet T. Mills,20/21-24,executive_order,administrative,Executive Order 24: An Order Establishing the Governor's Task Force on Creation of a Forest Carbon Program,2021-01-13,,false,mills_official_documents,pdf,https://www.maine.gov/governor/mills/sites/maine.gov.governor.mills/files/inline-files/EO%2081%2024.pdf,https://www.maine.gov/governor/mills/official_documents
ME-EO-20-21-23,ME,Janet T. Mills,20/21-23,executive_order,administrative,Executive Order 23: An Order Expanding Staffing for Unemployment Appeals,2021-01-07,,false,mills_official_documents,pdf,https://www.maine.gov/governor/mills/sites/maine.gov.governor.mills/files/inline-files/EO%2080%2023.pdf,https://www.maine.gov/governor/mills/official_documents
ME-EO-20-21-7A,ME,Janet T. Mills,20/21-7A,executive_order,administrative,Executive Order 7A: An Order Regarding Pre-K-12 Education and Suspending Certain Licensing Requirements Within Institutional Settings,2020-12-31,,false,mills_official_documents,pdf,https://www.maine.gov/governor/mills/sites/maine.gov.governor.mills/files/inline-files/EO%207-A%20FY%2020-21.pdf,https://www.maine.gov/governor/mills/official_documents
ME-EO-20-21-7,ME,Janet T. Mills,20/21-7,executive_order,administrative,Executive Order 7: An Order Regarding Pre-K-12 Education,2020-12-31,,false,mills_official_documents,pdf,https://www.maine.gov/governor/mills/sites/maine.gov.governor.mills/files/inline-files/An%20Order%20Regarding%20Pre-K-12%20Education%20August%2026%2C%202020.pdf,https://www.maine.gov/governor/mills/official_documents
ME-EO-20-21-22-R,ME,Janet T. Mills,20/21-22-R,executive_order,termination,Executive Order 22-R-1: An Order Rescinding Executive Order 18 FY 19/20,2020-12-31,,false,mills_official_documents,pdf,https://www.maine.gov/governor/mills/sites/maine.gov.governor.mills/files/inline-files/EO%2022-R-1%20FY%2020-21.pdf,https://www.maine.gov/governor/mills/official_documents
ME-EO-20-21-21,ME,Janet T. Mills,20/21-21,executive_order,administrative,Executive Order 21: An Order Addressing the Critical Need for Certified Nursing Assistants During the Covid-19 Pandemic,2020-12-23,,false,mills_official_documents,pdf,https://www.maine.gov/governor/mills/sites/maine.gov.governor.mills/files/inline-files/EO%2021_0.pdf,https://www.maine.gov/governor/mills/official_documents
ME-EO-20-21-20,ME,Janet T. Mills,20/21-20,executive_order,extension,Executive Order 20: An Order Extending the Maine Bicentennial Commission's Terms,2020-12-23,,false,mills_official_documents,pdf,https://www.maine.gov/governor/mills/sites/maine.gov.governor.mills/files/inline-files/EO%2020_0.pdf,https://www.maine.gov/governor/mills/official_documents
ME-EO-20-21-19-A,ME,Janet T. Mills,20/21-19-A,executive_order,administrative,Executive Order 19-A: An Order Simplifying and Strengthening Enforcement of Face Covering Requirements,2020-12-15,,false,mills_official_documents,pdf,https://www.maine.gov/governor/mills/sites/maine.gov.governor.mills/files/inline-files/77%20EO%2019-A.pdf,https://www.maine.gov/governor/mills/official_documents
ME-EO-20-21-19,ME,Janet T. Mills,20/21-19,executive_order,administrative,Executive Order 19: An Order Simplifying and Strengthening Enforcement of Face Covering Requirements,2020-12-15,,false,mills_official_documents,pdf,https://www.maine.gov/governor/mills/sites/maine.gov.governor.mills/files/inline-files/An%20Order%20Simplifying%20and%20Strengthening%20Enforcement%20of%20Face%20Covering%20Requirements.pdf,https://www.maine.gov/governor/mills/official_documents
ME-EO-20-21-18,ME,Janet T. Mills,20/21-18,executive_order,administrative,Executive Order 18: An Order Authorizing the Modification of the Covid-19 Quarantine Period to Reflect the Best Available Science,2020-12-09,,false,mills_official_documents,pdf,https://www.maine.gov/governor/mills/sites/maine.gov.governor.mills/files/inline-files/EO%2075%2018.pdf,https://www.maine.gov/governor/mills/official_documents
ME-EO-20-21-17,ME,Janet T. Mills,20/21-17,executive_order,administrative,Executive Order 17: An Order Addressing Training Deadlines for Judicial Marshals,2020-11-18,,false,mills_official_documents,pdf,https://www.maine.gov/governor/mills/sites/maine.gov.governor.mills/files/inline-files/Judicial%20Marshals%20EO.pdf,https://www.maine.gov/governor/mills/official_documents
ME-EO-20-21-16,ME,Janet T. Mills,20/21-16,executive_order,administrative,"Executive Order 16: An Order to Revise Indoor Gathering Limits, Strengthen Face Covering Requirements and Delegate Certain Authority",2020-11-04,,false,mills_official_documents,pdf,https://www.maine.gov/governor/mills/sites/maine.gov.governor.mills/files/inline-files/An%20Order%20to%20Revise%20Indoor%20Gathering%20Limits%2C%20Strengthen%20Face%20Covering%20Requirements%20and%20Delegate%20Certain%20Authority.pdf,https://www.maine.gov/governor/mills/official_documents
ME-EO-20-21-15,ME,Janet T. Mills,20/21-15,executive_order,administrative,Executive Order 15: An Order Addressing Motor Vehicle Registration Requirements,2020-10-19,,false,mills_official_documents,pdf,https://www.maine.gov/governor/mills/sites/maine.gov.governor.mills/files/inline-files/Vehicle%20Registrations%20EO.pdf,https://www.maine.gov/governor/mills/official_documents
ME-EO-20-21-14,ME,Janet T. Mills,20/21-14,executive_order,administrative,Executive Order 14: An Order to Implement Phase 4 of the Restarting Maine's Economy Plan,2020-10-06,,false,mills_official_documents,pdf,https://www.maine.gov/governor/mills/sites/maine.gov.governor.mills/files/inline-files/An%20Order%20to%20Implement%20Phase%20Four%20of%20the%20Restarting%20Maines%20Economy%20Plan.pdf,https://www.maine.gov/governor/mills/official_documents
ME-EO-20-21-10,ME,Janet T. Mills,20/21-10,executive_order,amendment,Executive Order : An Order Amending Executive Order 10 FY 20/21,2020-10-01,,false,mills_official_documents,pdf,https://www.maine.gov/governor/mills/sites/maine.gov.governor.mills/files/inline-files/EO%2010-A%20FY%2020-21.pdf,https://www.maine.gov/governor/mills/official_documents
ME-EO-20-21-13,ME,Janet T. Mills,20/21-13,executive_order,administrative,Executive Order 13: An Order to Expedite the Delivery of Certain Unclaimed Property,2020-09-21,,false,mills_official_documents,pdf,https://www.maine.gov/governor/mills/sites/maine.gov.governor.mills/files/inline-files/EO%2013%20FY%2020.pdf,https://www.maine.gov/governor/mills/official_documents
ME-EO-20-21-12,ME,Janet T. Mills,20/21-12,executive_order,administrative,Executive Order 12: An Order Restoring Work Search Requirements for Unemployment Benefit Eligibility,2020-09-17,,false,mills_official_documents,pdf,https://www.maine.gov/governor/mills/sites/maine.gov.governor.mills/files/inline-files/An%20Order%20Restoring%20Work%20Search%20Requirments%20for%20Unemployment%20Benefit%20Eligibility.pdf,https://www.maine.gov/governor/mills/official_documents
ME-EO-20-21-11,ME,Janet T. Mills,20/21-11,executive_order,administrative,Executive Order 11: An Order Curtailing Allotments,2020-09-17,,false,mills_official_documents,pdf,https://www.maine.gov/governor/mills/sites/maine.gov.governor.mills/files/inline-files/An%20Order%20Curtailing%20Allotments.pdf,https://www.maine.gov/governor/mills/official_documents
ME-EO-20-21-9,ME,Janet T. Mills,20/21-9,executive_order,amendment,Executive Order 9: An Order Amending Executive Orders 55 FY 19/20 AND 1 FY 20/21,2020-08-31,,false,mills_official_documents,pdf,https://www.maine.gov/governor/mills/sites/maine.gov.governor.mills/files/inline-files/eo9-20-21.pdf,https://www.maine.gov/governor/mills/official_documents
ME-EO-20-21-6,ME,Janet T. Mills,20/21-6,executive_order,administrative,Executive Order 6: An Order Regarding Outdoor Gatherings and Face Coverings for Children,2020-08-04,,false,mills_official_documents,pdf,https://www.maine.gov/governor/mills/sites/maine.gov.governor.mills/files/inline-files/EO%206%20-%20fy20-21.pdf,https://www.maine.gov/governor/mills/official_documents
ME-EO-20-21-5,ME,Janet T. Mills,20/21-5,executive_order,administrative,Executive Order 5: An Order Expanding Rent Supports and Continuing Housing Protections,2020-07-30,,false,mills_official_documents,pdf,https://www.maine.gov/governor/mills/sites/maine.gov.governor.mills/files/inline-files/An%20Order%20Expanding%20Rent%20Supports%20and%20Continuing%20Housing%20Protections.pdf,https://www.maine.gov/governor/mills/official_documents
ME-EO-20-21-4,ME,Janet T. Mills,20/21-4,executive_order,administrative,Executive Order 4: An Order Regarding Car Dealer Plates,2020-07-29,,false,mills_official_documents,pdf,https://www.maine.gov/governor/mills/sites/maine.gov.governor.mills/files/inline-files/EO%204%2020-21.pdf,https://www.maine.gov/governor/mills/official_documents
ME-EO-20-21-3,ME,Janet T. Mills,20/21-3,executive_order,administrative,Executive Order 3: An Order Regarding Certain Mainecare Laws,2020-07-22,,false,mills_official_documents,pdf,https://www.maine.gov/governor/mills/sites/maine.gov.governor.mills/files/inline-files/EO%203-20-21.pdf,https://www.maine.gov/governor/mills/official_documents
ME-EO-20-21-2,ME,Janet T. Mills,20/21-2,executive_order,administrative,Executive Order 2: An Order Strengthening the Use of Face Coverings,2020-07-08,,false,mills_official_documents,pdf,https://www.maine.gov/governor/mills/sites/maine.gov.governor.mills/files/inline-files/An%20Order%20Strengthening%20the%20Use%20of%20Face%20Coverings.pdf,https://www.maine.gov/governor/mills/official_documents
ME-EO-20-21-1,ME,Janet T. Mills,20/21-1,executive_order,administrative,Executive Order 1: An Order Suspending Enforcement of Certain Licensing Statutes and Rules,2020-07-07,,false,mills_official_documents,pdf,https://www.maine.gov/governor/mills/sites/maine.gov.governor.mills/files/inline-files/eo-1-20-21.pdf,https://www.maine.gov/governor/mills/official_documents
ME-EO-19-20-53-A,ME,Janet T. Mills,19/20-53-A,executive_order,amendment,Executive Order 53-A-2: An Order Amending Executive Order 53-A FY 19/20,2020-06-26,,false,mills_official_documents,pdf,https://www.maine.gov/governor/mills/sites/maine.gov.governor.mills/files/inline-files/EO%2053-A-2.pdf,https://www.maine.gov/governor/mills/official_documents
ME-EO-19-20-53,ME,Janet T. Mills,19/20-53,executive_order,administrative,Executive Order 53: An Order Regarding Certain Municipal and Taxation Matters,2020-06-26,,false,mills_official_documents,pdf,https://www.maine.gov/governor/mills/sites/maine.gov.governor.mills/files/inline-files/eo53-corrected.pdf,https://www.maine.gov/governor/mills/official_documents
ME-EO-19-20-28-A,ME,Janet T. Mills,19/20-28-A,executive_order,administrative,Executive Order 28-A-2: An Order Reamending Executive Order 28 FY 19/20,2020-06-16,,false,mills_official_documents,pdf,https://www.maine.gov/governor/mills/sites/maine.gov.governor.mills/files/inline-files/EO-28-A-2.pdf,https://www.maine.gov/governor/mills/official_documents
ME-EO-19-20-28,ME,Janet T. Mills,19/20-28,executive_order,administrative,"Executive Order 28: An Order Regarding Further Restrictions on Public Contact and Movement, Schools, Vehicle Travel and Retail Business Operations",2020-06-16,,false,mills_official_documents,pdf,https://www.maine.gov/governor/mills/sites/maine.gov.governor.mills/files/inline-files/Corrected%202_%20An%20Order%20Regarding%20Further%20Restrictions%20on%20Public%20Contact%20and%20Movement%2C%20Schools%2C%20Vehicle%20Travel%20and%20Retail%20Business%20Operations_0.pdf,https://www.maine.gov/governor/mills/official_documents
ME-EO-19-20-57,ME,Janet T. Mills,19/20-57,executive_order,administrative,Executive Order 57: An Order Regarding Travelers Into Maine,2020-06-09,,false,mills_official_documents,pdf,https://www.maine.gov/governor/mills/sites/maine.gov.governor.mills/files/inline-files/EO-57.pdf,https://www.maine.gov/governor/mills/official_documents
ME-EO-19-20-56,ME,Janet T. Mills,19/20-56,executive_order,administrative,Executive Order 56: An Order to Further Facilitate the State Primary and Local Elections Within Public Health Restrictions Due to Covid-19,2020-06-04,,false,mills_official_documents,pdf,https://www.maine.gov/governor/mills/sites/maine.gov.governor.mills/files/inline-files/EO-56.pdf,https://www.maine.gov/governor/mills/official_documents
ME-EO-19-20-55,ME,Janet T. Mills,19/20-55,executive_order,administrative,Executive Order 55: An Order to Further Implement the Restarting Plan,2020-05-29,,false,mills_official_documents,pdf,https://www.maine.gov/governor/mills/sites/maine.gov.governor.mills/files/inline-files/An%20Order%20to%20Further%20Implement%20the%20Restarting%20Plan.pdf,https://www.maine.gov/governor/mills/official_documents
ME-EO-19-20-41-A,ME,Janet T. Mills,19/20-41-A,executive_order,amendment,Executive Order 41-A: An Order Amending Executive Order 41 FY 19/20,2020-05-26,,false,mills_official_documents,pdf,https://www.maine.gov/governor/mills/sites/maine.gov.governor.mills/files/inline-files/EO%2041%20A.pdf,https://www.maine.gov/governor/mills/official_documents
ME-EO-19-20-41,ME,Janet T. Mills,19/20-41,executive_order,administrative,Executive Order 41: An Order Regarding Certain Laws Enforced by the Department of Inland Fish & Wildlife,2020-05-26,,false,mills_official_documents,pdf,https://www.maine.gov/governor/mills/sites/maine.gov.governor.mills/files/inline-files/EO%2041.pdf,https://www.maine.gov/governor/mills/official_documents
ME-EO-19-20-54,ME,Janet T. Mills,19/20-54,executive_order,administrative,Executive Order 54: An Order Regarding Admissions to the Department of Corrections,2020-05-15,,false,mills_official_documents,pdf,https://www.maine.gov/governor/mills/sites/maine.gov.governor.mills/files/inline-files/EO54.pdf,https://www.maine.gov/governor/mills/official_documents
ME-EO-19-20-52,ME,Janet T. Mills,19/20-52,executive_order,administrative,Executive Order 52: An Order Regarding Certain Education Matters,2020-05-12,,false,mills_official_documents,pdf,https://www.maine.gov/governor/mills/sites/maine.gov.governor.mills/files/inline-files/EO%2052.pdf,https://www.maine.gov/governor/mills/official_documents
ME-EO-19-20-51,ME,Janet T. Mills,19/20-51,executive_order,administrative,Executive Order 51: An Order Establishing the Economic Recovery Committee,2020-05-06,,false,mills_official_documents,pdf,https://www.maine.gov/governor/mills/sites/maine.gov.governor.mills/files/inline-files/EO51-An%20Order%20Establishing%20the%20Economic%20Recovery%20Committee.pdf,https://www.maine.gov/governor/mills/official_documents
ME-EO-19-20-50,ME,Janet T. Mills,19/20-50,executive_order,administrative,Executive Order 50: an Order Regarding Watercraft Excise Tax,2020-05-06,,false,mills_official_documents,pdf,https://www.maine.gov/governor/mills/sites/maine.gov.governor.mills/files/inline-files/eo50.pdf,https://www.maine.gov/governor/mills/official_documents
ME-EO-19-20-48,ME,Janet T. Mills,19/20-48,executive_order,administrative,Executive Order 48: An Order Modifying Certain Procedural Requirements for Emergency Rulemaking to Maximize Federal Covid-19 Funding for Mainecare,2020-05-04,,false,mills_official_documents,pdf,https://www.maine.gov/governor/mills/sites/maine.gov.governor.mills/files/inline-files/2020_April28_EO48_COVID19%20Federal%20Funding%20for%20Mainecare.pdf,https://www.maine.gov/governor/mills/official_documents
ME-EO-19-20-49,ME,Janet T. Mills,19/20-49,executive_order,administrative,Executive Order 49: An Order to Stay Safer at Home,2020-04-29,,false,mills_official_documents,pdf,https://www.maine.gov/governor/mills/sites/maine.gov.governor.mills/files/inline-files/An%20Order%20to%20Stay%20Safer%20at%20Home.pdf,https://www.maine.gov/governor/mills/official_documents
ME-EO-19-20-29-A,ME,Janet T. Mills,19/20-29-A,executive_order,amendment,Executive Order 29-A: An Order Amending Executive Order 29 FY 19/20,2020-04-29,,false,mills_official_documents,pdf,https://www.maine.gov/governor/mills/sites/maine.gov.governor.mills/files/inline-files/EO29-A_EO%20Amending%20EO%2029.pdf,https://www.maine.gov/governor/mills/official_documents
ME-EO-19-20-29,ME,Janet T. Mills,19/20-29,executive_order,administrative,Executive Order 29: An Order Modifying Provisions of the Maine General Assistance Program and Related Rules in Order to Meet the Basic Needs of People During the COVID-19 Pandemic,2020-04-29,,false,mills_official_documents,pdf,https://www.maine.gov/governor/mills/sites/maine.gov.governor.mills/files/inline-files/EO%2029_0.pdf,https://www.maine.gov/governor/mills/official_documents
ME-EO-19-20-47,ME,Janet T. Mills,19/20-47,executive_order,administrative,Executive Order 47: An Order Increasing Eligibility for Children's Homeless Shelters During the Covid-19 Pandemic,2020-04-27,,false,mills_official_documents,pdf,https://www.maine.gov/governor/mills/sites/maine.gov.governor.mills/files/inline-files/EO47_Childrens%20Homeless%20Shelters.pdf,https://www.maine.gov/governor/mills/official_documents
ME-EO-19-20-46,ME,Janet T. Mills,19/20-46,executive_order,administrative,Executive Order 46: An Order Regarding Certain Law Enforcement Related Licensing Requirements and Training Deadlines,2020-04-25,,false,mills_official_documents,pdf,https://www.maine.gov/governor/mills/sites/maine.gov.governor.mills/files/inline-files/EO46_0.pdf,https://www.maine.gov/governor/mills/official_documents
ME-EO-19-20-45,ME,Janet T. Mills,19/20-45,executive_order,administrative,Executive Order 45: An Order to Expedite the Delivery of Certain Unclaimed Property,2020-04-25,,false,mills_official_documents,pdf,https://www.maine.gov/governor/mills/sites/maine.gov.governor.mills/files/inline-files/EO45.pdf,https://www.maine.gov/governor/mills/official_documents
ME-EO-19-20-44,ME,Janet T. Mills,19/20-44,executive_order,extension,Executive Order 44: An Order Extending a Certain Reporting Period,2020-04-25,,false,mills_official_documents,pdf,https://www.maine.gov/governor/mills/sites/maine.gov.governor.mills/files/inline-files/EO44.pdf,https://www.maine.gov/governor/mills/official_documents
ME-EO-19-20-37-A,ME,Janet T. Mills,19/20-37-A,executive_order,amendment,Executive Order 37-A: An Order Amending Executive Order 37 FY 19/20,2020-04-25,,false,mills_official_documents,pdf,https://www.maine.gov/governor/mills/sites/maine.gov.governor.mills/files/inline-files/EO37-A.pdf,https://www.maine.gov/governor/mills/official_documents
ME-EO-19-20-37,ME,Janet T. Mills,19/20-37,executive_order,administrative,Executive Order 37: An Order Temporarily Modifying Certain In-Person Notarization and Acknowledgement Requirements,2020-04-25,,false,mills_official_documents,pdf,https://www.maine.gov/governor/mills/sites/maine.gov.governor.mills/files/inline-files/EO37.pdf,https://www.maine.gov/governor/mills/official_documents
ME-EO-19-20-43,ME,Janet T. Mills,19/20-43,executive_order,administrative,Executive Order 43: An Order Expediting Extraordinary Emergency Financial Orders and Allotments by Waiving the Thirty Day Waiting Period During the State of Emergency,2020-04-24,,false,mills_official_documents,pdf,https://www.maine.gov/governor/mills/sites/maine.gov.governor.mills/files/inline-files/eo43.pdf,https://www.maine.gov/governor/mills/official_documents
ME-EO-19-20-42,ME,Janet T. Mills,19/20-42,executive_order,administrative,Executive Order 42: An Order Regarding a Covid-19 Related Loan Guarantee Program,2020-04-21,,false,mills_official_documents,pdf,https://www.maine.gov/governor/mills/sites/maine.gov.governor.mills/files/inline-files/EO%2042.pdf,https://www.maine.gov/governor/mills/official_documents
ME-EO-19-20-40,ME,Janet T. Mills,19/20-40,executive_order,administrative,"Executive Order 40: An Order Regarding Unlawful Evictions, Writs of Possession and Initiation of Eviction Proceedings",2020-04-16,,false,mills_official_documents,pdf,https://www.maine.gov/governor/mills/sites/maine.gov.governor.mills/files/inline-files/An%20Order%20Regarding%20Unlawful%20Evictions%2C%20Writs%20of%20Possession%2C%20and%20Initiation%20of%20Eviction%20Proceedings_0.pdf,https://www.maine.gov/governor/mills/official_documents
ME-EO-19-20-39,ME,Janet T. Mills,19/20-39,executive_order,administrative,Executive Order 39: An Order Modifying the Primary Election to Reduce Exposure to Covid-19,2020-04-10,,false,mills_official_documents,pdf,https://www.maine.gov/governor/mills/sites/maine.gov.governor.mills/files/inline-files/An%20Order%20Modyifying%20the%20Primary%20Election%20to%20Reduce%20Exposure%20to%20COVID-19.pdf,https://www.maine.gov/governor/mills/official_documents
ME-EO-19-20-38,ME,Janet T. Mills,19/20-38,executive_order,administrative,Executive Order 38: An Order Regarding the Expiration of Optometric Lens Prescriptions,2020-04-10,,false,mills_official_documents,pdf,https://www.maine.gov/governor/mills/sites/maine.gov.governor.mills/files/inline-files/EO%2038.pdf,https://www.maine.gov/governor/mills/official_documents
ME-EO-19-20-30-A,ME,Janet T. Mills,19/20-30-A,executive_order,extension,Executive Order 30-A: An Order Regarding an Extension of the Current Use Taxation Deadline,2020-04-09,,false,mills_official_documents,pdf,https://www.maine.gov/governor/mills/sites/maine.gov.governor.mills/files/inline-files/EO-30a.pdf,https://www.maine.gov/governor/mills/official_documents
ME-EO-19-20-30,ME,Janet T. Mills,19/20-30,executive_order,extension,Executive Order 30: An Order Regarding an Extension of the Current Use Taxation Deadline,2020-04-09,,false,mills_official_documents,pdf,https://www.maine.gov/governor/mills/sites/maine.gov.governor.mills/files/inline-files/EO%2030.pdf,https://www.maine.gov/governor/mills/official_documents
ME-EO-19-20-36,ME,Janet T. Mills,19/20-36,executive_order,administrative,Executive Order 36: An Order Regarding Guide Licensing and Outdoor Ethics Laws Enforced by the Department of Inland Fish & Wildlife,2020-04-07,,false,mills_official_documents,pdf,https://www.maine.gov/governor/mills/sites/maine.gov.governor.mills/files/inline-files/EO%2036.pdf,https://www.maine.gov/governor/mills/official_documents
ME-EO-19-20-19-A,ME,Janet T. Mills,19/20-19-A,executive_order,extension,Executive Order 19-A: An Order Extending the Effective Date of Executive Order 19 Fy 19/20,2020-04-07,,false,mills_official_documents,pdf,https://www.maine.gov/governor/mills/sites/maine.gov.governor.mills/files/inline-files/EO%2019%20A_An%20Order%20Extending%20EO%2019.pdf,https://www.maine.gov/governor/mills/official_documents
ME-EO-19-20-19,ME,Janet T. Mills,19/20-19,executive_order,administrative,Executive Order 19: An Order Regarding Essential Businesses and Operations,2020-04-07,,false,mills_official_documents,pdf,https://www.maine.gov/governor/mills/sites/maine.gov.governor.mills/files/inline-files/An%20Order%20Regarding%20Essential%20Businesses%20and%20Operations%20_0.pdf,https://www.maine.gov/governor/mills/official_documents
ME-EO-19-20-35,ME,Janet T. Mills,19/20-35,executive_order,administrative,Executive Order 35: An Order Suspending Enforcement of Provisions of Certain Licensing Statutes and Rules in Order to Facilitate Health Care and Veterinary Care During the State of Emergency Created by COVID-19,2020-04-06,,false,mills_official_documents,pdf,https://www.maine.gov/governor/mills/sites/maine.gov.governor.mills/files/inline-files/EO%2035.pdf,https://www.maine.gov/governor/mills/official_documents
ME-EO-19-20-34,ME,Janet T. Mills,19/20-34,executive_order,administrative,Executive Order 34: An Order Establishing Quarantine Restrictions on Travelers Arriving in Maine,2020-04-03,,false,mills_official_documents,pdf,https://www.maine.gov/governor/mills/sites/maine.gov.governor.mills/files/inline-files/EO%2034.pdf,https://www.maine.gov/governor/mills/official_documents
ME-EO-19-20-33,ME,Janet T. Mills,19/20-33,executive_order,administrative,Executive Order 33: An Order Regarding Expiration of Certain Licenses and Permits Issued by the Department of Marine Resources,2020-04-01,,false,mills_official_documents,pdf,https://www.maine.gov/governor/mills/sites/maine.gov.governor.mills/files/inline-files/EO%2033.pdf,https://www.maine.gov/governor/mills/official_documents
ME-EO-19-20-32,ME,Janet T. Mills,19/20-32,executive_order,administrative,Executive Order 32: An Order Regarding Fire Burn Permits,2020-04-01,,false,mills_official_documents,pdf,https://www.maine.gov/governor/mills/sites/maine.gov.governor.mills/files/inline-files/EO%2032.pdf,https://www.maine.gov/governor/mills/official_documents
ME-EO-19-20-31,ME,Janet T. Mills,19/20-31,executive_order,extension,Executive Order 31: An Order Extending Deadlines Related to Certain Property Tax Exemptions,2020-03-31,,false,mills_official_documents,pdf,https://www.maine.gov/governor/mills/sites/maine.gov.governor.mills/files/inline-files/EO%2031.pdf,https://www.maine.gov/governor/mills/official_documents
ME-EO-19-20-27,ME,Janet T. Mills,19/20-27,executive_order,administrative,Executive Order 27: An Order Regarding State Certified Hypodermic Apparatus Exchange Programs,2020-03-30,,false,mills_official_documents,pdf,https://www.maine.gov/governor/mills/sites/maine.gov.governor.mills/files/inline-files/EO%2027.pdf,https://www.maine.gov/governor/mills/official_documents
ME-EO-19-20-26,ME,Janet T. Mills,19/20-26,executive_order,administrative,Executive Order 26: An Order Regarding Certain Watercraff Laws Enforced by the Department of Inland Fish & Wildlife,2020-03-27,,false,mills_official_documents,pdf,https://www.maine.gov/governor/mills/sites/maine.gov.governor.mills/files/inline-files/EO%2026.pdf,https://www.maine.gov/governor/mills/official_documents
ME-EO-19-20-25,ME,Janet T. Mills,19/20-25,executive_order,administrative,Executive Order 25: An Order Regarding the Maine Quality Centers Program,2020-03-27,,false,mills_official_documents,pdf,https://www.maine.gov/governor/mills/sites/maine.gov.governor.mills/files/inline-files/EO25-An%20Order%20Regarding%20the%20Maine%20Quality%20Centers%20Program_0.pdf,https://www.maine.gov/governor/mills/official_documents
ME-EO-19-20-24,ME,Janet T. Mills,19/20-24,executive_order,administrative,Executive Order 24: An Order Regarding Recycling and Solid Waste Facility Operating Hours Enforced by the Department of Environmental Protection,2020-03-26,,false,mills_official_documents,pdf,https://www.maine.gov/governor/mills/sites/maine.gov.governor.mills/files/inline-files/EO%2024.pdf,https://www.maine.gov/governor/mills/official_documents
ME-EO-19-20-23,ME,Janet T. Mills,19/20-23,executive_order,extension,Executive Order 23: An Order Suspending Provisions of the Maine Pharmacy Act and Related Rules in Order to Facilitate the Continuation of Out-Of­state Clinical Trials of Investigational Drugs During the Covid- 19 Pandemic,2020-03-26,,false,mills_official_documents,pdf,https://www.maine.gov/governor/mills/sites/maine.gov.governor.mills/files/inline-files/EO%2023.pdf,https://www.maine.gov/governor/mills/official_documents
ME-EO-19-20-22,ME,Janet T. Mills,19/20-22,executive_order,administrative,Executive Order 22: An Order Increasing Flexibility in Scheduling Physical Exams for Children Ordered Into the Custody of Dhhs for Their Protection and Containment Of COVID-19,2020-03-26,,false,mills_official_documents,pdf,https://www.maine.gov/governor/mills/sites/maine.gov.governor.mills/files/inline-files/EO%2022.pdf,https://www.maine.gov/governor/mills/official_documents
ME-EO-19-20-21,ME,Janet T. Mills,19/20-21,executive_order,administrative,Executive Order 21: An Order Regarding Certain Elver Fishing Laws,2020-03-25,,false,mills_official_documents,pdf,https://www.maine.gov/governor/mills/sites/maine.gov.governor.mills/files/inline-files/EO%2021.pdf,https://www.maine.gov/governor/mills/official_documents
ME-EO-19-20-20,ME,Janet T. Mills,19/20-20,executive_order,administrative,Executive Order 20: An Order Modifying Requirements Applicable to Family Child Care Providers in Order to Facilitate Employment of Persons Needed for the Treatment and Containment Of COVID-19,2020-03-24,,false,mills_official_documents,pdf,https://www.maine.gov/governor/mills/sites/maine.gov.governor.mills/files/inline-files/EO%2020.pdf,https://www.maine.gov/governor/mills/official_documents
ME-EO-19-20-18,ME,Janet T. Mills,19/20-18,executive_order,extension,Executive Order 18: An Order Extending Compliance Dates Under Certain Motor Vehicle Laws,2020-03-23,,false,mills_official_documents,pdf,https://www.maine.gov/governor/mills/sites/maine.gov.governor.mills/files/inline-files/EO%2018%20An%20Order%20Extending%20Compliance%20Dates%20Under%20Certain%20Motor%20Vehicle%20Laws.pdf,https://www.maine.gov/governor/mills/official_documents
ME-EO-19-20-17,ME,Janet T. Mills,19/20-17,executive_order,administrative,Executive Order 17: An Order Regarding Certain Laws Enforced by IFW,2020-03-20,,false,mills_official_documents,pdf,https://www.maine.gov/governor/mills/sites/maine.gov.governor.mills/files/inline-files/EO%2017%20An%20Order%20Regarding%20Certain%20Laws%20Enforced%20by%20IFW.pdf,https://www.maine.gov/governor/mills/official_documents
ME-EO-19-20-16,ME,Janet T. Mills,19/20-16,executive_order,administrative,Executive Order 16: An Order Suspending Provisions of Certain Health Care Professional Licensing Statutes and Rules in Order to Facilitate the Treatment and Containment of Covid-19,2020-03-20,,false,mills_official_documents,pdf,https://www.maine.gov/governor/mills/sites/maine.gov.governor.mills/files/inline-files/EO-16.pdf,https://www.maine.gov/governor/mills/official_documents
ME-EO-19-20-15,ME,Janet T. Mills,19/20-15,executive_order,administrative,Executive Order 15: An Order Regarding School Readiness,2020-03-19,,false,mills_official_documents,pdf,https://www.maine.gov/governor/mills/sites/maine.gov.governor.mills/files/inline-files/EO%2015%20An%20Order%20Regarding%20School%20Readiness.pdf,https://www.maine.gov/governor/mills/official_documents
ME-EO-19-20-14,ME,Janet T. Mills,19/20-14,executive_order,administrative,Executive Order 14: An Order to Protect Public Health,2020-03-18,,false,mills_official_documents,pdf,https://www.maine.gov/governor/mills/sites/maine.gov.governor.mills/files/inline-files/EO%2014%20An%20Order%20to%20Protect%20Public%20Health.pdf,https://www.maine.gov/governor/mills/official_documents
ME-EO-19-20-13,ME,Janet T. Mills,19/20-13,executive_order,administrative,"Executive Order 13: An Order for State Agencies to Lead by Example Through Energy Efficiency, Renewable Energy and Sustainability Measures",2019-11-26,,false,mills_official_documents,pdf,https://www.maine.gov/governor/mills/sites/maine.gov.governor.mills/files/inline-files/Executive%20Order%2013_0.pdf,https://www.maine.gov/governor/mills/official_documents
ME-EO-19-20-12,ME,Janet T. Mills,19/20-12,executive_order,administrative,Executive Order 12: An Order Creating the Maine Complete Count Committee,2019-10-24,,false,mills_official_documents,pdf,https://www.maine.gov/governor/mills/sites/maine.gov.governor.mills/files/inline-files/12_FY_29_20_CensusCommittee_EO.pdf,https://www.maine.gov/governor/mills/official_documents
ME-EO-19-20-11,ME,Janet T. Mills,19/20-11,executive_order,administrative,Executive Order 11: An Order Establishing the Elder Justice Coordinating Partnership,2019-10-23,,false,mills_official_documents,pdf,https://www.maine.gov/governor/mills/sites/maine.gov.governor.mills/files/inline-files/11_FY_19-20_ElderAbuse_%20EO.pdf,https://www.maine.gov/governor/mills/official_documents
ME-EO-19-20-10,ME,Janet T. Mills,19/20-10,executive_order,administrative,Executive Order 10: An Order to Strengthen Maine’s Economy and Achieve Carbon Neutrality By 2045,2019-09-23,,false,mills_official_documents,pdf,https://www.maine.gov/governor/mills/sites/maine.gov.governor.mills/files/inline-files/Executive%20Order%209-23-2019_0.pdf,https://www.maine.gov/governor/mills/official_documents
ME-EO-19-20-9,ME,Janet T. Mills,19/20-9,executive_order,administrative,Executive Order 9: An Order Implementing the Death With Dignity Act,2019-06-12,,false,mills_official_documents,pdf,https://www.maine.gov/governor/mills/sites/maine.gov.governor.mills/files/inline-files/Executive%20Order%209-20190613100417315.pdf,https://www.maine.gov/governor/mills/official_documents
ME-EO-19-20-8,ME,Janet T. Mills,19/20-8,executive_order,administrative,Executive Order 8: An Order Establishing the Governor's Task Force on All-Terrain Vehicle Trail Initiatives,2019-04-26,,false,mills_official_documents,pdf,https://www.maine.gov/governor/mills/sites/maine.gov.governor.mills/files/inline-files/Executive%20Order%208_0.pdf,https://www.maine.gov/governor/mills/official_documents
ME-EO-19-20-7,ME,Janet T. Mills,19/20-7,executive_order,administrative,Executive Order 7: An Order Establishing the Governor's Judicial Nominations Advisory Committee,2019-04-10,,false,mills_official_documents,pdf,https://www.maine.gov/governor/mills/sites/maine.gov.governor.mills/files/inline-files/20190410114743864.pdf,https://www.maine.gov/governor/mills/official_documents
ME-EO-19-20-6,ME,Janet T. Mills,19/20-6,executive_order,administrative,Executive Order 6: An Order Establishing the Governor's Board on Executive Clemency,2019-03-06,,false,mills_official_documents,pdf,https://www.maine.gov/governor/mills/sites/maine.gov.governor.mills/files/inline-files/eo_2019-20no06.pdf,https://www.maine.gov/governor/mills/official_documents
ME-EO-19-20-5,ME,Janet T. Mills,19/20-5,executive_order,administrative,Executive Order 5: An Order to Study the Threats of PFAS Contamination to Public Health and the Environment,2019-03-06,,false,mills_official_documents,pdf,https://www.maine.gov/governor/mills/sites/maine.gov.governor.mills/files/inline-files/Executive%20Order%205.pdf,https://www.maine.gov/governor/mills/official_documents
ME-EO-19-20-3,ME,Janet T. Mills,19/20-3,executive_order,termination,Executive Order 3: An Order Concluding the Maine Wind Advisory Commission and Wind Permit Moratorium,2019-02-14,,false,mills_official_documents,pdf,https://www.maine.gov/governor/mills/sites/maine.gov.governor.mills/files/inline-files/Governor%20Mills%20Executive%20Order%203%20Signed%20Feb.%2014%2C%202019%20_0.pdf,https://www.maine.gov/governor/mills/official_documents
ME-EO-19-20-2,ME,Janet T. Mills,19/20-2,executive_order,administrative,Executive Order 2: An Order to Implement Immediate Responses to Maine's Opioid Epidemic,2019-02-06,,false,mills_official_documents,pdf,https://www.maine.gov/governor/mills/sites/maine.gov.governor.mills/files/inline-files/Executive%20Order%202_0.pdf,https://www.maine.gov/governor/mills/official_documents
ME-EO-19-20-1,ME,Janet T. Mills,19/20-1,executive_order,administrative,Executive Order 1: An Order to Require the Expeditious Implementation of the MaineCare Expansion,2019-01-03,,false,mills_official_documents,pdf,https://www.maine.gov/governor/mills/sites/maine.gov.governor.mills/files/inline-files/Executive%20Order%201_0.pdf,https://www.maine.gov/governor/mills/official_documents
ME-ACTION-2018-01-29-an-order-establishing-the-committee-to-rev,ME,Paul R. LePage,,executive_order,administrative,An Order Establishing the Committee To Review Maine Animal Cruelty Investigations,2018-01-29,,false,lepage_executive_order_archive,html,https://www.maine.gov/tools/whatsnew/index.php?topic=Gov_Executive_Orders&id=777458&v=article2018,https://www.maine.gov/governor/lepage/official-documents/executive-orders-archive.html
ME-ACTION-2018-01-24-an-order-establishing-the-maine-wind-energ,ME,Paul R. LePage,,executive_order,administrative,An Order Establishing the Maine Wind Energy Advisory Commission,2018-01-24,,false,lepage_executive_order_archive,html,https://www.maine.gov/tools/whatsnew/index.php?topic=Gov_Executive_Orders&id=776746&v=article2018,https://www.maine.gov/governor/lepage/official-documents/executive-orders-archive.html
ME-ACTION-2018-01-18-an-order-establishing-the-maine-highly-aut,ME,Paul R. LePage,,executive_order,administrative,An Order Establishing the Maine Highly Automated Vehicles Advisory Committee,2018-01-18,,false,lepage_executive_order_archive,html,https://www.maine.gov/tools/whatsnew/index.php?topic=Gov_Executive_Orders&id=776188&v=article2018,https://www.maine.gov/governor/lepage/official-documents/executive-orders-archive.html
ME-ACTION-2017-07-24-an-order-to-offer-assistance-to-municipali,ME,Paul R. LePage,,executive_order,administrative,An Order To Offer Assistance To Municipalities In The Review Of Land Enrolled In The Tree Growth Tax Law Program,2017-07-24,,false,lepage_executive_order_archive,html,https://www.maine.gov/tools/whatsnew/index.php?topic=Gov_Executive_Orders&id=762026&v=article2018,https://www.maine.gov/governor/lepage/official-documents/executive-orders-archive.html
ME-ACTION-2017-07-06-an-order-to-rescind-the-executive-order-re,ME,Paul R. LePage,,executive_order,termination,An Order to Rescind The Executive Order Regarding The Marijuana Legalization Act,2017-07-06,,false,lepage_executive_order_archive,html,https://www.maine.gov/tools/whatsnew/index.php?topic=Gov_Executive_Orders&id=759690&v=article2018,https://www.maine.gov/governor/lepage/official-documents/executive-orders-archive.html
ME-ACTION-2017-07-04-an-order-rescinding-the-civil-preparedness,ME,Paul R. LePage,,executive_order,termination,"An Order Rescinding The Civil Preparedness Emergency Executive Order Of July 3, 2017",2017-07-04,,false,lepage_executive_order_archive,html,https://www.maine.gov/tools/whatsnew/index.php?topic=Gov_Executive_Orders&id=759691&v=article2018,https://www.maine.gov/governor/lepage/official-documents/executive-orders-archive.html
ME-ACTION-2017-07-03-an-order-regarding-civil-emergency-prepare,ME,Paul R. LePage,,executive_order,administrative,An Order Regarding Civil Emergency Preparedness,2017-07-03,,false,lepage_executive_order_archive,html,https://www.maine.gov/tools/whatsnew/index.php?topic=Gov_Executive_Orders&id=759452&v=article2018,https://www.maine.gov/governor/lepage/official-documents/executive-orders-archive.html
ME-ACTION-2017-06-30-an-order-regarding-civil-emergency-prepare,ME,Paul R. LePage,,executive_order,administrative,An Order Regarding Civil Emergency Preparedness,2017-06-30,,false,lepage_executive_order_archive,html,https://www.maine.gov/tools/whatsnew/index.php?topic=Gov_Executive_Orders&id=759451&v=article2018,https://www.maine.gov/governor/lepage/official-documents/executive-orders-archive.html
ME-ACTION-2017-04-17-an-order-re-establishing-certain-evaluatio,ME,Paul R. LePage,,executive_order,administrative,An Order Re-Establishing Certain Evaluation Criteria in Competitive Bidding,2017-04-17,,false,lepage_executive_order_archive,html,https://www.maine.gov/tools/whatsnew/index.php?topic=Gov_Executive_Orders&id=741635&v=article2018,https://www.maine.gov/governor/lepage/official-documents/executive-orders-archive.html
ME-ACTION-2017-01-30-an-order-regarding-executive-branch-implem,ME,Paul R. LePage,,executive_order,administrative,An Order Regarding Executive Branch Implementation of the Marijuana Legalization Act,2017-01-30,,false,lepage_executive_order_archive,html,https://www.maine.gov/tools/whatsnew/index.php?topic=Gov_Executive_Orders&id=729531&v=article2018,https://www.maine.gov/governor/lepage/official-documents/executive-orders-archive.html
ME-ACTION-2017-01-03-an-order-regarding-support-for-regional-ef,ME,Paul R. LePage,,executive_order,administrative,An Order Regarding Support for Regional Efforts to Achieve Efficiencies in Delivering Educational Services,2017-01-03,,false,lepage_executive_order_archive,html,https://www.maine.gov/tools/whatsnew/index.php?topic=Gov_Executive_Orders&id=727378&v=article2018,https://www.maine.gov/governor/lepage/official-documents/executive-orders-archive.html
ME-ACTION-2016-09-01-an-order-to-enhance-collaboration-and-effi,ME,Paul R. LePage,,executive_order,administrative,An Order to Enhance Collaboration and Efficiencies between Natural Resources Enforcement Agencies,2016-09-01,,false,lepage_executive_order_archive,html,https://www.maine.gov/tools/whatsnew/index.php?topic=Gov_Executive_Orders&id=703431&v=article2018,https://www.maine.gov/governor/lepage/official-documents/executive-orders-archive.html
ME-ACTION-2016-09-01-an-order-establishing-the-state-informatio,ME,Paul R. LePage,,executive_order,administrative,An Order Establishing the State Information Technology Governance Committee,2016-09-01,,false,lepage_executive_order_archive,html,https://www.maine.gov/tools/whatsnew/index.php?topic=Gov_Executive_Orders&id=703422&v=article2018,https://www.maine.gov/governor/lepage/official-documents/executive-orders-archive.html
ME-ACTION-2016-06-24-an-order-regarding-unfunded-legislative-ma,ME,Paul R. LePage,,executive_order,administrative,An Order Regarding Unfunded Legislative Mandates and Legislative Misallocations,2016-06-24,,false,lepage_executive_order_archive,html,https://www.maine.gov/tools/whatsnew/index.php?topic=Gov_Executive_Orders&id=693026&v=article2018,https://www.maine.gov/governor/lepage/official-documents/executive-orders-archive.html
ME-ACTION-2016-06-20-an-order-regarding-the-use-of-ethanol-in-g,ME,Paul R. LePage,,executive_order,administrative,An Order Regarding the Use of Ethanol in Gasoline,2016-06-20,,false,lepage_executive_order_archive,html,https://www.maine.gov/tools/whatsnew/index.php?topic=Gov_Executive_Orders&id=690191&v=article2018,https://www.maine.gov/governor/lepage/official-documents/executive-orders-archive.html
ME-ACTION-2016-03-17-an-order-to-promote-the-hiring-of-skilled-,ME,Paul R. LePage,,executive_order,administrative,An Order to Promote the Hiring of Skilled Veterans in The State Of Maine,2016-03-17,,false,lepage_executive_order_archive,html,https://www.maine.gov/tools/whatsnew/index.php?topic=Gov_Executive_Orders&id=672210&v=article2018,https://www.maine.gov/governor/lepage/official-documents/executive-orders-archive.html
ME-ACTION-2016-03-03-an-order-re-establishing-the-state-procure,ME,Paul R. LePage,,executive_order,administrative,An Order Re-establishing the State Procurement Review Committee,2016-03-03,,false,lepage_executive_order_archive,html,https://www.maine.gov/tools/whatsnew/index.php?topic=Gov_Executive_Orders&id=671521&v=article2018,https://www.maine.gov/governor/lepage/official-documents/executive-orders-archive.html
ME-ACTION-2015-11-19-an-order-establishing-the-governor-s-panel,ME,Paul R. LePage,,executive_order,administrative,An Order Establishing the Governor's Panel to Review and Make Recommendations for Improvement of the Maine Human Rights Commission and its Operations,2015-11-19,,false,lepage_executive_order_archive,html,https://www.maine.gov/tools/whatsnew/index.php?topic=Gov_Executive_Orders&id=662687&v=article2018,https://www.maine.gov/governor/lepage/official-documents/executive-orders-archive.html
ME-ACTION-2015-10-14-an-order-updating-the-state-of-maine-emerg,ME,Paul R. LePage,,executive_order,administrative,An Order Updating the State of Maine Emergency Response and Disaster Recovery Teams,2015-10-14,,false,lepage_executive_order_archive,html,https://www.maine.gov/tools/whatsnew/index.php?topic=Gov_Executive_Orders&id=659941&v=article2018,https://www.maine.gov/governor/lepage/official-documents/executive-orders-archive.html
ME-ACTION-2015-10-14-an-order-to-rescind-recent-executive-order,ME,Paul R. LePage,,executive_order,termination,An Order to Rescind Recent Executive Orders that will be Reissued,2015-10-14,,false,lepage_executive_order_archive,html,https://www.maine.gov/tools/whatsnew/index.php?topic=Gov_Executive_Orders&id=659940&v=article2018,https://www.maine.gov/governor/lepage/official-documents/executive-orders-archive.html
ME-ACTION-2015-10-14-an-order-respecting-joint-sovereignty-and-,ME,Paul R. LePage,,executive_order,administrative,An Order Respecting Joint Sovereignty and Interdependence,2015-10-14,,false,lepage_executive_order_archive,html,https://www.maine.gov/tools/whatsnew/index.php?topic=Gov_Executive_Orders&id=659947&v=article2018,https://www.maine.gov/governor/lepage/official-documents/executive-orders-archive.html
ME-ACTION-2015-10-14-an-order-regarding-the-safe-reasonable-use,ME,Paul R. LePage,,executive_order,administrative,"An Order Regarding the Safe, Reasonable Use of Chemicals",2015-10-14,,false,lepage_executive_order_archive,html,https://www.maine.gov/tools/whatsnew/index.php?topic=Gov_Executive_Orders&id=659943&v=article2018,https://www.maine.gov/governor/lepage/official-documents/executive-orders-archive.html
ME-ACTION-2015-10-14-an-order-establishing-the-governor-s-panel,ME,Paul R. LePage,,executive_order,administrative,An Order Establishing the Governor's Panel to Review and Make Recommendations for Improvement of the Maine Human Rights Commission and its Operations,2015-10-14,,false,lepage_executive_order_archive,html,https://www.maine.gov/tools/whatsnew/index.php?topic=Gov_Executive_Orders&id=659942&v=article2018,https://www.maine.gov/governor/lepage/official-documents/executive-orders-archive.html
ME-ACTION-2015-03-03-an-order-to-amend-the-requirements-to-serv,ME,Paul R. LePage,,executive_order,amendment,An Order to Amend the Requirements to Serve on the Governor's Select Committee on Judicial Appointments,2015-03-03,,false,lepage_executive_order_archive,html,https://www.maine.gov/tools/whatsnew/index.php?topic=Gov_Executive_Orders&id=639063&v=article2018,https://www.maine.gov/governor/lepage/official-documents/executive-orders-archive.html
ME-ACTION-2015-02-05-an-order-establishing-the-governor-s-civil,ME,Paul R. LePage,,executive_order,administrative,An Order Establishing the Governor's Civil Service Review Panel,2015-02-05,,false,lepage_executive_order_archive,html,https://www.maine.gov/tools/whatsnew/index.php?topic=Gov_Executive_Orders&id=659074&v=article2018,https://www.maine.gov/governor/lepage/official-documents/executive-orders-archive.html
ME-ACTION-2015-02-05-an-order-clarifying-state-management-s-res,ME,Paul R. LePage,,executive_order,administrative,An Order Clarifying State Management's Response to Certain Prohibited Misconduct,2015-02-05,,false,lepage_executive_order_archive,html,https://www.maine.gov/tools/whatsnew/index.php?topic=Gov_Executive_Orders&id=638259&v=article2018,https://www.maine.gov/governor/lepage/official-documents/executive-orders-archive.html
ME-ACTION-2014-07-17-an-order-establishing-the-state-of-maine-i,ME,Paul R. LePage,,executive_order,administrative,An Order Establishing the State of Maine Information Protection Working Group and For Other Purposes,2014-07-17,,false,lepage_executive_order_archive,html,https://www.maine.gov/tools/whatsnew/index.php?topic=Gov_Executive_Orders&id=626944&v=article2018,https://www.maine.gov/governor/lepage/official-documents/executive-orders-archive.html
ME-ACTION-2014-04-15-an-order-regarding-administrative-rulemaki,ME,Paul R. LePage,,executive_order,administrative,An Order Regarding Administrative Rulemaking,2014-04-15,,false,lepage_executive_order_archive,html,https://www.maine.gov/tools/whatsnew/index.php?topic=Gov_Executive_Orders&id=623114&v=article2018,https://www.maine.gov/governor/lepage/official-documents/executive-orders-archive.html
ME-ACTION-2014-02-28-an-order-establishing-the-governor-s-task-,ME,Paul R. LePage,,executive_order,administrative,An Order Establishing the Governor's Task Force on the Invasive European Green Crab,2014-02-28,,false,lepage_executive_order_archive,html,https://www.maine.gov/tools/whatsnew/index.php?topic=Gov_Executive_Orders&id=623112&v=article2018,https://www.maine.gov/governor/lepage/official-documents/executive-orders-archive.html
ME-ACTION-2013-10-21-an-order-establishing-the-environment-and-,ME,Paul R. LePage,,executive_order,administrative,An Order Establishing the Environment and Energy Resources Council,2013-10-21,,false,lepage_executive_order_archive,html,https://www.maine.gov/tools/whatsnew/index.php?topic=Gov_Executive_Orders&id=623110&v=article2018,https://www.maine.gov/governor/lepage/official-documents/executive-orders-archive.html
ME-ACTION-2013-09-10-an-order-regarding-suicide-prevention-and-,ME,Paul R. LePage,,executive_order,administrative,An Order Regarding Suicide Prevention and Workplace Policies with Departments of State Government,2013-09-10,,false,lepage_executive_order_archive,html,https://www.maine.gov/tools/whatsnew/index.php?topic=Gov_Executive_Orders&id=593920&v=article2018,https://www.maine.gov/governor/lepage/official-documents/executive-orders-archive.html
ME-ACTION-2013-09-04-an-order-regarding-protection-of-local-edu,ME,Paul R. LePage,,executive_order,administrative,An Order Regarding protection of Local Education Control and Student Privacy Rights,2013-09-04,,false,lepage_executive_order_archive,html,https://www.maine.gov/tools/whatsnew/index.php?topic=Gov_Executive_Orders&id=592129&v=article2018,https://www.maine.gov/governor/lepage/official-documents/executive-orders-archive.html
ME-ACTION-2013-08-16-an-order-regarding-law-enforcement-use-of-,ME,Paul R. LePage,,executive_order,administrative,An Order Regarding Law Enforcement Use of Unmanned Aircraft Systems,2013-08-16,,false,lepage_executive_order_archive,html,https://www.maine.gov/tools/whatsnew/index.php?topic=Gov_Executive_Orders&id=585076&v=article2018,https://www.maine.gov/governor/lepage/official-documents/executive-orders-archive.html
ME-ACTION-2013-07-09-an-order-directing-mainedot-to-review-the-,ME,Paul R. LePage,,executive_order,administrative,An Order Directing MaineDOT to Review the Safety of Freight Rail Transportation in Maine,2013-07-09,,false,lepage_executive_order_archive,html,https://www.maine.gov/tools/whatsnew/index.php?topic=Gov_Executive_Orders&id=561345&v=article2018,https://www.maine.gov/governor/lepage/official-documents/executive-orders-archive.html
ME-ACTION-2013-05-10-an-order-establishing-the-governor-s-task-,ME,Paul R. LePage,,executive_order,administrative,"An Order Establishing the Governor's Task Force on Review of Needs, Resources and Opportunities for Efficiency among Natural Resource Law Enforcement",2013-05-10,,false,lepage_executive_order_archive,html,https://www.maine.gov/tools/whatsnew/index.php?topic=Gov_Executive_Orders&id=522839&v=article2018,https://www.maine.gov/governor/lepage/official-documents/executive-orders-archive.html
ME-ACTION-2013-02-07-an-order-establishing-the-court-order-enfo,ME,Paul R. LePage,,executive_order,administrative,An Order Establishing the Court Order Enforcement Task Force,2013-02-07,,false,lepage_executive_order_archive,html,https://www.maine.gov/tools/whatsnew/index.php?topic=Gov_Executive_Orders&id=497143&v=article2018,https://www.maine.gov/governor/lepage/official-documents/executive-orders-archive.html
ME-ACTION-2012-12-27-an-order-curtailing-allotments-pursuant-to,ME,Paul R. LePage,,executive_order,administrative,An Order Curtailing Allotments Pursuant to 5 MRSA S1668,2012-12-27,,false,lepage_executive_order_archive,html,https://www.maine.gov/tools/whatsnew/index.php?topic=Gov_Executive_Orders&id=473939&v=article2018,https://www.maine.gov/governor/lepage/official-documents/executive-orders-archive.html
ME-ACTION-2012-10-26-state-of-maine-governor-s-emergency-procla,ME,Paul R. LePage,,emergency_declaration,declaration,State of Maine Governor?s Emergency Proclamation for US DOT Federal Motor Carrier Safety Administration Hours of Service Waiver,2012-10-26,,true,lepage_executive_order_archive,html,https://www.maine.gov/tools/whatsnew/index.php?topic=Gov_Executive_Orders&id=447913&v=article2018,https://www.maine.gov/governor/lepage/official-documents/executive-orders-archive.html
ME-ACTION-2012-05-03-an-order-regarding-relocation-of-state-age,ME,Paul R. LePage,,executive_order,administrative,An Order Regarding Relocation of State Agencies to Reduce Facility Costs,2012-05-03,,false,lepage_executive_order_archive,html,https://www.maine.gov/tools/whatsnew/index.php?topic=Gov_Executive_Orders&id=378740&v=article2018,https://www.maine.gov/governor/lepage/official-documents/executive-orders-archive.html
ME-ACTION-2012-05-01-an-order-directing-certain-evaluation-crit,ME,Paul R. LePage,,executive_order,administrative,An Order Directing Certain Evaluation Criteria in Competitive Bidding,2012-05-01,,false,lepage_executive_order_archive,html,https://www.maine.gov/tools/whatsnew/index.php?topic=Gov_Executive_Orders&id=377408&v=article2018,https://www.maine.gov/governor/lepage/official-documents/executive-orders-archive.html
ME-ACTION-2012-02-22-an-order-establishing-the-task-force-to-re,ME,Paul R. LePage,,executive_order,administrative,An Order Establishing the Task Force to Reduce Domestic Violence Through Technology,2012-02-22,,false,lepage_executive_order_archive,html,https://www.maine.gov/tools/whatsnew/index.php?topic=Gov_Executive_Orders&id=442384&v=article2018,https://www.maine.gov/governor/lepage/official-documents/executive-orders-archive.html
ME-ACTION-2012-02-01-an-order-to-expand-opportunities-for-digit,ME,Paul R. LePage,,executive_order,administrative,An Order to Expand Opportunities for Digital Learning,2012-02-01,,false,lepage_executive_order_archive,html,https://www.maine.gov/tools/whatsnew/index.php?topic=Gov_Executive_Orders&id=348673&v=article2018,https://www.maine.gov/governor/lepage/official-documents/executive-orders-archive.html
ME-ACTION-2012-02-01-an-order-establishing-the-maine-presciptio,ME,Paul R. LePage,,executive_order,administrative,An Order Establishing the Maine Presciption Drug Abuse Task Force,2012-02-01,,false,lepage_executive_order_archive,html,https://www.maine.gov/tools/whatsnew/index.php?topic=Gov_Executive_Orders&id=348684&v=article2018,https://www.maine.gov/governor/lepage/official-documents/executive-orders-archive.html
ME-ACTION-2011-12-08-an-order-regarding-the-use-of-green-buildi,ME,Paul R. LePage,,executive_order,administrative,An Order Regarding the Use of Green Building Standards in State Buildings,2011-12-08,,false,lepage_executive_order_archive,html,https://www.maine.gov/tools/whatsnew/index.php?topic=Gov_Executive_Orders&id=323510&v=article2018,https://www.maine.gov/governor/lepage/official-documents/executive-orders-archive.html
ME-ACTION-2011-12-06-an-order-to-enhance-competitive-bidding,ME,Paul R. LePage,,executive_order,administrative,An Order to Enhance Competitive Bidding,2011-12-06,,false,lepage_executive_order_archive,html,https://www.maine.gov/tools/whatsnew/index.php?topic=Gov_Executive_Orders&id=321982&v=article2018,https://www.maine.gov/governor/lepage/official-documents/executive-orders-archive.html
ME-ACTION-2011-12-06-an-order-establishing-the-governor-s-board,ME,Paul R. LePage,,executive_order,administrative,An Order Establishing the Governor's Board on Executive Clemency,2011-12-06,,false,lepage_executive_order_archive,html,https://www.maine.gov/tools/whatsnew/index.php?topic=Gov_Executive_Orders&id=321981&v=article2018,https://www.maine.gov/governor/lepage/official-documents/executive-orders-archive.html
ME-ACTION-2011-09-28-an-order-establishing-a-school-bus-refurbi,ME,Paul R. LePage,,executive_order,administrative,An Order Establishing a School Bus Refurbishment Pilot Program,2011-09-28,,false,lepage_executive_order_archive,html,https://www.maine.gov/tools/whatsnew/index.php?topic=Gov_Executive_Orders&id=307850&v=article2018,https://www.maine.gov/governor/lepage/official-documents/executive-orders-archive.html
ME-ACTION-2011-09-07-an-order-regarding-domestic-violence-aware,ME,Paul R. LePage,,executive_order,administrative,An Order Regarding Domestic Violence Awareness and Workplace Policies Within Departments of State Government,2011-09-07,,false,lepage_executive_order_archive,html,https://www.maine.gov/tools/whatsnew/index.php?topic=Gov_Executive_Orders&id=300270&v=article2018,https://www.maine.gov/governor/lepage/official-documents/executive-orders-archive.html
ME-ACTION-2011-08-30-an-order-updating-the-state-of-maine-emerg,ME,Paul R. LePage,,executive_order,administrative,An Order Updating the State of Maine Emergency Response and Disaster Assistance Teams,2011-08-30,,false,lepage_executive_order_archive,html,https://www.maine.gov/tools/whatsnew/index.php?topic=Gov_Executive_Orders&id=306290&v=article2018,https://www.maine.gov/governor/lepage/official-documents/executive-orders-archive.html
ME-ACTION-2011-08-26-state-of-emergency-declaration,ME,Paul R. LePage,,emergency_declaration,declaration,State of Emergency Declaration,2011-08-26,,true,lepage_executive_order_archive,html,https://www.maine.gov/tools/whatsnew/index.php?topic=Gov_Executive_Orders&id=295487&v=article2018,https://www.maine.gov/governor/lepage/official-documents/executive-orders-archive.html
ME-ACTION-2011-08-26-an-order-recognizing-the-special-relations,ME,Paul R. LePage,,executive_order,administrative,An Order Recognizing the Special Relationship Between the State of Maine and the Sovereign Native American Tribes Located Within the State of Maine,2011-08-26,,false,lepage_executive_order_archive,html,https://www.maine.gov/tools/whatsnew/index.php?topic=Gov_Executive_Orders&id=306288&v=article2018,https://www.maine.gov/governor/lepage/official-documents/executive-orders-archive.html
ME-ACTION-2011-08-24-an-order-establishing-comprehensive-rulema,ME,Paul R. LePage,,executive_order,administrative,An Order Establishing Comprehensive Rulemaking Oversight,2011-08-24,,false,lepage_executive_order_archive,html,https://www.maine.gov/tools/whatsnew/index.php?topic=Gov_Executive_Orders&id=288536&v=article2018,https://www.maine.gov/governor/lepage/official-documents/executive-orders-archive.html
ME-ACTION-2011-07-28-an-order-establishing-the-governor-s-task-,ME,Paul R. LePage,,executive_order,administrative,An Order Establishing the Governor's Task Force on Expanding Early Post-Secondary Access for High School Students in Maine,2011-07-28,,false,lepage_executive_order_archive,html,https://www.maine.gov/tools/whatsnew/index.php?topic=Gov_Executive_Orders&id=277671&v=article2018,https://www.maine.gov/governor/lepage/official-documents/executive-orders-archive.html
ME-ACTION-2011-07-11-an-order-increasing-oversite-over-sales-of,ME,Paul R. LePage,,executive_order,administrative,An Order Increasing Oversite Over Sales of State-Owned Real Estate,2011-07-11,,false,lepage_executive_order_archive,html,https://www.maine.gov/tools/whatsnew/index.php?topic=Gov_Executive_Orders&id=267235&v=article2018,https://www.maine.gov/governor/lepage/official-documents/executive-orders-archive.html
ME-ACTION-2011-06-02-an-order-creating-business-liaisons-to-ass,ME,Paul R. LePage,,executive_order,administrative,An Order Creating Business Liaisons to Assist Job Creators in Interactions with State Government,2011-06-02,,false,lepage_executive_order_archive,html,https://www.maine.gov/tools/whatsnew/index.php?topic=Gov_Executive_Orders&id=256602&v=article2018,https://www.maine.gov/governor/lepage/official-documents/executive-orders-archive.html
ME-ACTION-2011-05-10-an-order-establising-the-maine-military-an,ME,Paul R. LePage,,executive_order,administrative,An Order Establising the Maine Military and Community Leadership Council,2011-05-10,,false,lepage_executive_order_archive,html,https://www.maine.gov/tools/whatsnew/index.php?topic=Gov_Executive_Orders&id=245144&v=article2018,https://www.maine.gov/governor/lepage/official-documents/executive-orders-archive.html
ME-ACTION-2011-03-15-an-order-directing-state-agencies-to-give-,ME,Paul R. LePage,,executive_order,administrative,An Order Directing State Agencies to Give Priority to Maine State Armories when Renting Meeting Space,2011-03-15,,false,lepage_executive_order_archive,html,https://www.maine.gov/tools/whatsnew/index.php?topic=Gov_Executive_Orders&id=227692&v=article2018,https://www.maine.gov/governor/lepage/official-documents/executive-orders-archive.html
ME-ACTION-2011-03-15-an-order-declaring-state-policy,ME,Paul R. LePage,,executive_order,administrative,An Order Declaring State Policy,2011-03-15,,false,lepage_executive_order_archive,html,https://www.maine.gov/tools/whatsnew/index.php?topic=Gov_Executive_Orders&id=227691&v=article2018,https://www.maine.gov/governor/lepage/official-documents/executive-orders-archive.html
ME-ACTION-2011-03-09-an-order-amending-the-order-to-improve-rev,ME,Paul R. LePage,,executive_order,amendment,An Order Amending the Order to Improve Review of the Rulemaking Process,2011-03-09,,false,lepage_executive_order_archive,html,https://www.maine.gov/tools/whatsnew/index.php?topic=Gov_Executive_Orders&id=215569&v=article2018,https://www.maine.gov/governor/lepage/official-documents/executive-orders-archive.html
ME-ACTION-2011-03-03-an-order-establishing-the-governor-s-busin,ME,Paul R. LePage,,executive_order,administrative,An Order Establishing the Governor's Business Advisory Council,2011-03-03,,false,lepage_executive_order_archive,html,https://www.maine.gov/tools/whatsnew/index.php?topic=Gov_Executive_Orders&id=205612&v=article2018,https://www.maine.gov/governor/lepage/official-documents/executive-orders-archive.html
ME-ACTION-2011-03-02-an-order-to-ensure-the-prescribed-standard,ME,Paul R. LePage,,executive_order,administrative,An Order to Ensure the Prescribed Standard of Discipline is Maintained in the Maine National Guard,2011-03-02,,false,lepage_executive_order_archive,html,https://www.maine.gov/tools/whatsnew/index.php?topic=Gov_Executive_Orders&id=204290&v=article2018,https://www.maine.gov/governor/lepage/official-documents/executive-orders-archive.html
ME-ACTION-2011-01-20-an-order-abolishing-the-joint-enforcement-,ME,Paul R. LePage,,executive_order,administrative,An Order Abolishing the Joint Enforcement Task Force on Employee Misclassification,2011-01-20,,false,lepage_executive_order_archive,html,https://www.maine.gov/tools/whatsnew/index.php?topic=Gov_Executive_Orders&id=186554&v=article2018,https://www.maine.gov/governor/lepage/official-documents/executive-orders-archive.html
ME-ACTION-2011-01-10-an-order-to-improve-review-of-the-rule-mak,ME,Paul R. LePage,,executive_order,administrative,An Order to Improve Review of the Rule Making Process,2011-01-10,,false,lepage_executive_order_archive,html,https://www.maine.gov/tools/whatsnew/index.php?topic=Gov_Executive_Orders&id=182022&v=article2018,https://www.maine.gov/governor/lepage/official-documents/executive-orders-archive.html
ME-ACTION-2011-01-06-an-order-to-enhance-cooperation-between-st,ME,Paul R. LePage,,executive_order,administrative,An Order to Enhance Cooperation Between State and Federal Law Enforcement Officials,2011-01-06,,false,lepage_executive_order_archive,html,https://www.maine.gov/tools/whatsnew/index.php?topic=Gov_Executive_Orders&id=181046&v=article2018,https://www.maine.gov/governor/lepage/official-documents/executive-orders-archive.html
ME-ACTION-2011-01-06-an-order-amending-the-special-budget-and-e,ME,Paul R. LePage,,executive_order,amendment,"An Order Amending the Special Budget and Expenditure Order of July 1, 2010",2011-01-06,,false,lepage_executive_order_archive,html,https://www.maine.gov/tools/whatsnew/index.php?topic=Gov_Executive_Orders&id=181048&v=article2018,https://www.maine.gov/governor/lepage/official-documents/executive-orders-archive.html
