eo_number,description,date,kept_as_declaration_candidate
&nbsp;,,,False
26-18,Commercial Motor Carrier Relief,2026-08-12,False
26-17,Responsible Administration of State Economic Development Incentives Under the ImagiNE Nebraska Act,2026-07-20,False
26-16,Commercial Motor Carrier Relief,2026-07-14,False
26-15,Commercial Motor Carrier Relief,2026-06-16,False
26-14,"Establishing Statewide Reporting, Prevention, and Educational Requirements Regarding Antisemitism in Nebraska's Public Education System",2026-05-29,False
26-13,Commercial Motor Carrier Relief,2026-05-15,False
26-12,Commercial Motor Carrier Relief,2026-04-20,False
26-11,Commercial Motor Carrier Relief,2026-04-07,False
26-10,EO 26-08 Rescission,2026-04-02,False
26-09,Commercial Motor Carrier Relief,2026-03-25,False
26-08,Burn Permit Suspension,2026-03-25,True
26-07,Commercial Motor Carrier Relief,2026-03-16,False
26-06,Burn Permit Suspension,2026-03-13,True
26-05,Commercial Motor Carrier Relief,2026-02-27,False
26-04,Dynamic Pricing,2026-02-05,False
26-03,Preserving Federal Survivor Benefits for Eligible Youth in Care,2026-01-27,False
26-02,Protecting Nebraskans from Intoxicating Synthetic THC Products,2026-01-26,False
26-01,Meeting Power Demands Due to the State of Emergency,2026-01-23,True
25-17,Emergency Relief Due to Heating Fuel Supply Shortages,2025-12-22,True
25-16,"Protecting the Life, Health, & Welfare of Pregnant Women & Unborn Human Life",2025-11-06,False
25-15,Nebraska State Office of Registered Apprenticeship,2025-10-14,False
25-14,Federal Scholarship Tax Credit,2025-09-29,False
25-13,Maximizing Property Tax Relief by Improving Certifications and Disbursement Processes,2025-09-15,False
25-12,Burn Permit Suspension,2025-05-09,True
25-11,Emergency Relief Due to Fuel Supply Shortage,2025-05-02,True
25-10,Burn Permit Suspension (Revised and Amended),2025-05-01,True
25-09,Burn Permit Suspension,2025-04-29,True
25-08,Burn Permit Suspension,2025-04-23,True
25-07,Dynamic Pricing,2025-04-23,False
25-06,Emergency Relief Due to Power Outages Caused by Winter Storm,2025-03-25,True
25-05,Dynamic Pricing,2025-03-21,False
25-04,"Banning the Use or Download of Applications, Software, and Platforms Created or Owned by China-based Companies or Companies Affiliated with the Chinese Community Party",2025-03-05,False
25-03,Transportation Network Companies,2025-02-28,False
25-02,Residential Heating Fuel Shortage,2025-02-14,True
25-01,Support for Federal Immigration Policy Implementation,2025-01-24,False
24-09,Prohibition on the Procurement of Lab-Grown Meat and Non-Discrimination Against Natural-Meat Producers,2024-08-29,False
24-08,Transportation Network Companies,2024-08-14,False
24-07,Emergency Relief from Hours of Service Requirements for Transportation of Goods Due to Flooding,2024-07-01,True
24-06,Emergency Relief from Overweight Vehicle Requirements for Transportation of Goods Due to Flooding,2024-07-01,True
24-05,Transportation Network Companies,2024-06-26,False
24-04,Transportation Network Companies,2024-04-30,False
24-03,Saving Taxpaper Funds by Eliminating Unneeded and Unfilled State Government Positions,2024-04-30,False
24-02,Meeting Power Demands Due to the State of Emergency,2024-01-17,True
24-01,Emergency Relief for Fuel Supply Shortages Due to Extreme Cold Temperatures,2024-01-12,True
23-18,Waiver of Federal Criminal Background Check for Certain Professions - Extended,2023-12-22,False
23-17,Bringing Nebraska's Public Servant Workforce Back to the Office,2023-11-09,False
23-16,Establishing a Women's Bill of Rights,2023-08-30,False
23-15,Emergency Relief for Power Providers Due to Heat Wave,2023-08-24,True
23-14,Rescission of Executive Order,2023-08-03,False
23-13,Waiver of Federal Criminal Background Check for Certain Professions,2023-07-26,False
23-12,Nebraska National Guard Heroism Medal,2023-06-26,False
23-11,Emergency Relief Due to Fuel Supply Shortages - Extended,2023-06-06,True
23-10,E15 Reid Vapor Pressure Fuel Waiver,2023-05-11,False
23-09,Emergency Relief Due to Fuel Supply Shortages,2023-05-05,True
23-08,Open Fire Ban - Rescission of Executive Order No. 23-07,2023-04-19,True
23-07,Open Fire Ban - Extended,2023-04-17,True
23-06,Open Fire Ban,2023-04-13,True
23-05,Enhancing Broadband Security,2023-02-22,False
23-04,Applicable Elected Representative Designation,2023-02-03,False
23-03,Emergency Relief Due to Fuel Supply Shortages - Extended,2023-02-02,True
23-02,Enhancing Broadband Deployment Coordination,2023-01-06,False
23-01,Emergency Relief Due to Fuel Supply Shortages - Extended,2023-01-03,True
22-08,Continued Waivers to Facilitate Hospital Planning & Ensure Additional Healthcare Workforce Capacity,2022-12-21,False
22-07,Emergency Relief Due to Fuel Supply Shortages - Extended,2022-12-01,True
22-06,Emergency Relief Due to Fuel Supply Shortages,2022-11-01,True
22-05,Continued Waivers to Facilitate Hospital Planning & Ensure Additional Healthcare Workforce Capacity,2022-09-19,False
22-04,Waiver of Federal Criminal Background Check for Certain Professions,2022-09-08,False
22-03,Allocation of Nebraska Private Activity Bond Volume Cap (State Ceiling),2022-04-14,False
22-02,Continued Waivers to Facilitate Hospital Planning and Ensure Additional Healthcare Workforce Capacity,2022-03-15,False
22-01,Holocaust Remembrance Day in Nebraska,2022-01-27,False
21-18,Continued Waivers to Facilitate Hospital Planning & Ensure Additional Healthcare Workforce Capacity,2021-02-20,False
21-17,Disclosure of Health Information to Facilitate Hospital Planning,2021-01-08,False
21-16,Federal Government's COVID-19 Vaccine Mandate Interference in State Government Operations,2021-10-28,False
21-15,Further Health Care Workforce Capacity,2021-10-13,False
21-14,Disclosure of Health Information to Facilitate Hospital Planning,2021-09-20,False
21-13,Display of the POW/MIA Flag,2021-09-17,False
21-12,Additional Healthcare Workforce Capacity,2021-08-26,False
21-11,Emergency Relief Due to Fuel Supply Shortages,2021-08-12,True
21-10,Emergency Relief Due to Gasoline Supply Shortages,2021-08-05,True
21-09,Coronavirus - Rescission of Pandemic Emergency Executive Orders,2021-06-28,True
21-08,Stop 30 x 30 - Protect Our Land & Water,2021-06-24,False
21-07,Allocation of Private Activity Bond Volume Cap,2021-05-28,False
21-06,"Coronavirus - Rescission of Executive Order Nos. 20-06, 20-09, 20-13, 20-14, 20-19, 20-21, 20-22",2021-05-24,False
21-05,Coronavirus - Return to Work,2021-05-24,False
21-04,Emergency Motor Carrier Relief Due to Extreme Cold Temperatures,2021-02-16,True
21-03,Coronavirus - Unemployment Compensation Program Implementation of the Federal Continued Assistance for Unemployed Workers Act of 2020,2021-01-22,False
21-02,Coronavirus - Continued Limited Waiver of Public Meeting Requirements,2021-01-11,False
21-01,Coronavirus - Supervising Pharmacy Technicians & Pharmacist Interns,2021-01-07,False
20-37,Coronavirus - Credentialing the COVID-19 Workforce - Extension,2020-02-07,False
20-36,Coronavirus - Public Meetings Requirement Limited Waiver,2020-02-01,False
20-35,Coronavirus - General Election Poll Worker Flexibility,2020-01-02,False
20-34,Coronavirus - Public Meetings Requirment Limited Waiver for Alternative Participation for Elected Officials,2020-10-30,False
20-33,Coronavirus - Land Surveyor Continuing Education Waiver,2020-08-21,False
20-32,Coronavirus - Rescission of Executive Order no. 20-02,2020-07-07,False
20-31,Coronavirus - Amending Emergency Unemployment Insurance Benefit Relief - Claims Processing Executive Orders no. 20-04 and no. 20-14,2020-07-06,True
20-30,"Coronavirus - Motor Vehicle Titling, Registration & Driver Licenses",2020-07-02,False
20-29,Coronavirus - Waiver for Transportation Network Companies,2020-07-01,False
20-28,"Nebraska National Guard Commendation Medal with ""V"" Device for Valor",2020-06-29,False
20-27,Coronavirus - Credentialing of the COVID-19 Workforce,2020-06-17,False
20-26,Coronavirus - Extension of Claims Processing - Emergency Unemployment Insurance Benefit Relief,2020-06-02,True
20-25,Coronavirus - Driver License Waiver for Nebraska Residents 72 Years of Age or Older,2020-05-26,False
20-24,Coronavirus - Continued Limited Waiver of Public Meetings Requirements,2020-05-19,False
20-23,Coronavirus - Primary Election Poll Worker Flexibility,2020-05-11,False
20-22,Coronavirus - Emergency Unemployment Insurance Benefit Relief - Claims Processing,2020-04-30,True
20-21,Coronavirus - Continued Waiver of Motor Carrier Safety Regulations,2020-04-29,False
20-20,Coronavirus - Educational Assessment Waivers,2020-04-20,False
20-19,"Coronavirus - Emergency Unemployment Insurance Benefit Relief, Part 3",2020-04-16,True
20-18,Coronavirus - Network of Child Care Providers,2020-04-15,False
20-17,Coronavirus - Personal Property Tax Penalty & Interest Waiver,2020-04-09,False
20-16,Coronavirus - Elections,2020-04-07,False
20-15,Coronavirus - Health Information Disclosures,2020-04-07,False
20-14,"Coronavirus - Emergency Unemployment Insurance Benefit Relief, Part 2",2020-04-02,True
20-13,Coronavirus - Accelerating Online Notary Access & Financial Institutions Regulator Flexibility,2020-04-01,False
20-12,Coronavirus - Relief for Hospitals & Health Care Facilities & Expanded Use of Telehealth Services,2020-03-31,False
20-11,Coronavirus - Limiting Non-Resident Spring Turkey Hunting Permits,2020-03-30,False
20-10,Coronavirus - Additional Healthcare Workforce Capacity,2020-03-27,False
20-09,Coronavirus - Relief for Restaurant & Bar Operations,2020-03-26,False
20-08,Coronavirus - Expanding Access to Child Care Options,2020-03-26,False
20-07,Coronavirus - Temporary Residential Eviction Relief,2020-03-25,False
20-06,Coronavirus - Relief for Restaurant & Bar Operations,2020-03-19,False
20-05,"Coronavirus - Motor Vehicle Titling, Registration & Driver License Waiver",2020-03-19,False
20-04,Coronavirus - Emergency Unemployment Insurance Benefit Relief,2020-03-17,True
20-03,Coronavirus - Public Meetings Requirement Limited Waiver,2020-03-17,False
20-02,Out of State Travel Ban,2020-03-16,False
20-01,Emergency Relief Due to COVID-19,2020-03-13,True
19-10,Emergency Relief Due to Propane Shortages,2019-01-21,True
19-09,Transportation Network Companies,2019-06-12,False
19-08,Governor's Task Force on Housing,2019-04-29,False
19-07,Emergency Relief Due to Weather Events - Executive Orders Extended,2019-04-10,True
19-06,Emergency Relief Due to Weather Events - Landfill Disposal Fee,2019-04-03,True
19-05,Emergency Relief Due to Weather Events - Locate Requests,2019-03-21,True
19-04,Emergency Relief Due to Weather Events - Registrations & Permits,2019-03-20,True
19-03,Emergency Relief Due to Weather Events - Livestock Operations,2019-03-19,True
19-02,Emergency Relief Due to Weather Events,2019-03-15,True
19-01,Private Activity Bonds,2019-02-28,False
18-01,Hours of Service,2018-04-17,False
17-09,Emergency Relief for Impacts by Hurricane Harvey & Irma,2017-09-08,True
17-08,Emergency Relief for Damage Caused by Hurricane Harvey,2017-09-07,True
17-07,Hours of Service,2017-09-01,False
17-06,"Continuation of Emergency Relief for Damage Caused by Drought in North Dakota, South Dakota & Montana",2017-08-02,True
17-05,Emergency Relief for Damage Caused by Drought in North Dakota & South Dakota,2017-07-13,True
17-04,Regulatory Reform,2017-07-06,False
17-03,Hours of Service,2017-06-22,False
17-02,Emergency Relief for Damage Caused by Kansas Fires,2017-04-13,True
17-01,Emergency Relief for Damage Caused by Kansas Fires,2017-03-13,True
15-03,"Nebraska Workforce Innovation and Opportunity Act
   04/01/15
 
 
   15-02
   Designation of ""Applicable Elected Representative"" to Approve Tax-Exempt Private Activity Bonds
   02/17/15
 
 
   15-01
   Issuance of Tax-Exempt Private Activity Bonds
   01/21/15
 
 
   13-02
   Continuation of Executive Order RE: Propane Supply Shortages
   11/22/13
 
 
   13-01
   Easing Propane Supply Shortages
   10/25/13
 
   12-01
   Enhancing Public Safety Communications - Nebraska Public Safety Communications Council
   10/18/12
 
   08-04
   Enhancing Public Safety Communications - Local Communications Regions
   02/17/08
 
 
   08-03
   Enhancing Public Safety Communications - Nebraska Wireless Interoperable Network",2008-02-17,True
08-02,State Ceiling,2008-02-11,False
08-01,Additional Housing Cap,2008-02-11,False
07-06,"Easing gasoline and diesel fuel supply shortages
   
 
 
   07-05
   Easing gasoline and diesel fuel supply shortages",2007-08-09,True
07-04,"Easing gasoline and diesel fuel supply shortages
   
 
 
   07-03
   State Government Recycling Initiative continuation",2007-07-10,True
07-02,Private activity bonds,2007-03-09,False
07-01,Reallocation of State Ceiling,2007-03-09,False
06-1,Easing diesel fuel supply shortages,2006-07-21,True
05-8,Supplemental emergency relief: Hurricane impact on fuel supply,2005-09-28,True
05-7,Hurricane Katrina: Disaster emergency declaration,2005-09-09,True
05-6,Supplemental emergency relief: Hurricane Katrina,2005-09-07,True
05-5,Emergency relief for damage caused by Hurricane Katrina,2005-09-02,True
05-4,"Rescinds Executive Order 95-6.&nbsp;
   Orders and directs all code agencies to utilize procedures set forth to implement provisions of LB 373.",2005-09-01,False
05-3,Use of ethanol in State vehicles and use of biodiesel in diesel powered vehicles,2005-05-20,False
05-2,"Adoption of National Incident Management System (NIMS) by all appropriate entities in the State by October, 2005",2005-03-04,False
05-1,"Compliance with federal regulations issued by the
   Transportation Security Administration and Federal Motor Carrier Safety
   Administration for issuance of commercial drivers' licenses with hazardous materials endorsements",2005-01-31,False
04-1,Create Transportation Access Working Group,2004-09-10,False
03-2,Reallocate $1 million of State Ceiling to NIFA,2003-11-10,False
03-1,Selection of contractual services,2003-08-29,False
02-3,Selection of contractual services,2002-12-20,False
02-2,Reallocate $20 million of State Ceiling to NIFA,2002-08-26,False
02-1,Establish the Nebraska National Guard Homeland Defense Ribbon,2002-02-04,False
00-4,Selection of contractual services,2000-12-21,False
00-3,Give Secretary of State approval authorization re: Private Activity Bonds,2000-12-19,False
00-2,Nebraska Workforce Investment Board,2000-08-22,False
00-1,Reallocate $25 million of State Ceiling to NIFA,2000-06-21,False
99-4,Nebraska Workforce Investment Board,1999-12-06,False
99-3,Create Blue Ribbon Panel to investigate infant mortality,1999-10-27,False
99-2,Nebraska Workforce Investment Board,1999-05-27,False
99-1,Use of state-owned vehicles and reimbursement for personal vehicle use,1999-04-19,False
98-6,New Buildings Constructed by the State,1998-10-22,False
98-4,Establish the Nebraska Commission on Housing and Homelessness,1998-05-13,False
98-3,Reallocation of State Ceiling,1998-04-08,False
98-2,Create Commission on Nontraditional Opportunities for Women (C-NTOW),1998-02-09,False
98-1,"Advise State agencies to use renewable energy resources
   and technologies, water conservation techniques, energy-conserving designs, and
   energy-efficient practices and technologies wherever cost-effective",1998-01-12,False
97-7,Create Nebraska Information Technology Commission,1997-11-19,False
97-6,Create Governor's Cabinet on Quality Education,1997-11-05,False
97-5,Create Human Resources Investment Council (HRIC),1997-10-17,False
97-4,Reallocate $42 million of State Ceiling to NIFA,1997-08-01,False
97-3,Reallocate $15 million of State Ceiling to NIFA,1997-08-01,False
97-2,Authorize FY98 Nebraska Counter Drug Support Plan,1997-05-21,False
97-1,Reallocate $15 million of State Ceiling to NIFA,1997-02-28,False
96-4,Reallocate $22.5 million of State Ceiling to NIFA,1996-12-26,False
96-3,Reallocate $22.5 million of State Ceiling to NIFA,1996-09-24,False
96-2,Authorize FY97 Nebraska Counter Drug Support Plan,1996-05-02,False
96-1,Create Information Resources Cabinet,1996-01-10,False
95-12,Accept exclusive jurisdiction of Cornhusker Army Ammunition Plant in  Grand Island,1995-12-18,False
95-11,Reallocate $45 million of State Ceiling to NIFA,1995-12-11,False
95-10,Continue Nebraska Juvenile Justice Advisory Board (see Exec. Order 93-1),1995-10-05,False
95-9,Advise State agencies of protection of private property rights,1995-07-20,False
95-8,Implement Nebraska State Government Re-Employment Program,1995-07-05,False
95-7,Authorize FY96 Nebraska Counter Drug Support Plan,1995-06-13,False
95-6,Advise State agencies to adopt procedures for handling proposed rules and regulations,1995-05-10,False
95-5,Reallocate $15 million of State Ceiling to NIFA,1995-04-07,False
95-4,Establish competitive process for selection of contractual services,1995-04-05,False
95-3,Establish Nebraska Transportation Efficiency Project,1995-02-08,False
95-2,Establish Nebraska Health Policy Project,1995-01-25,False
95-1,Give Secretary of State approval authorization re: Private Activity Bonds,1995-01-06,False
94-7,Reallocation of State Ceiling to NIFA,1994-12-15,False
94-6,Create Nebraska Interagency Council on the Homeless,1994-09-21,False
94-5,Create Nebraska Commission for National and Community Service,1994-07-26,False
94-4,Authorize FY95 Nebraska Counter Drug Support Plan,1994-06-06,False
94-3,Create Governor's Task Force for Disaster Recovery,1994-01-19,True
94-2,Accept assignment of concurrent jurisdiction of three Federal properties in Omaha and Grand Island,1994-01-13,False
94-1,Implement Government Mandates Relief Initiative,1994-01-05,False
93-8,Create Governor's Youth Advisory Council,1993-10-21,False
93-7,Create Nebraska Commission for Child Protection,,False
93-6,Reallocation of State Ceiling to NEBHELP,1993-09-16,False
93-5,Establish waiver authority for commercial driver's licenses for custom harvesters,1993-07-16,False
93-4,Create Nebraska Water Council,1993-06-07,False
93-3,Authorize FY94 Nebraska Counter Drug Support Plan,1993-06-01,False
93-2,Create Nebraska Alternative Fuels Committee,1993-04-22,False
93-1,Create Nebraska Juvenile Justice Advisory Board,1993-03-30,False
92-11,Reallocation of State Ceiling to NIFA,,False
92-10,Continue Nebraska Rural Development Commission (see Exec. Order 91-1),1992-11-10,False
92-9,"Continue Nebraska Criminal Justice Drug and Violent Crime
   Policy Board (see Exec. Order 91-11)",1992-07-27,False
92-8,Create Nebraska Home-Based Business Association,1992-07-06,False
92-7,Create Nebraska Affordable Housing Commission,,False
92-6,Authorize FY93 Nebraska Counter Drug Support Plan,1992-06-10,False
92-5,Establish Waiver Authority for Commercial Driver's Licenses for Custom Harvesters,1992-05-22,False
92-4,Alter Schedule for Allocations Under State Ceiling,1992-05-07,False
92-3,Create Nebraska Occupational Information Coordinating Committee,1992-03-31,False
92-2,Create State Emergency Response Commission,1992-03-18,True
92-1,Create Nebraska Development Network,1992-01-27,False
91-11,Create Nebraska Criminal Justice Drug Policy Board,1991-12-18,False
91-10,Reallocation of State Ceiling to NIFA,1991-11-18,False
91-9,Authorize FY92 Drug Interdiction and Counter-Drug Activities Support Plan,1991-09-23,False
91-8,Implement Western Regional Waste Management Protocol,1991-09-18,False
91-7,Reallocation of State Ceiling to NIFA,1991-06-10,False
91-6,Authorize FY91 Drug Interdiction and Counter-Drug Activities Support Plan,1991-05-13,False
91-5,Adopt usage of alkaline permanent paper for documents,1991-05-01,False
91-4,Implement State Government Recycling Initiative,1991-01-31,False
91-3,Establish guidelines for allocating Nebraska State Ceiling,1991-01-16,False
91-2,Elected representative designation for purposes of approving certain private activity bonds.,1991-01-15,False
91-1,Create Nebraska Rural Development Commission,1991-01-14,False
90-5,"Creation of the Nebraska State Recreational Trails
   Committee, previously know as the Governor's Bicycling Advisory Council",1990-12-05,False
90-4,Elected representation designation for approval of certain private activity bonds,1990-07-06,False
90-3,Appointments to the Nebraska State Airline Authority,1990-06-22,False
90-2,"Agencies of State Government shall develop and implement a
   policy which insures that state employees shall not use portable radar
   detectors or wear portable headphones while operating State owned motor vehicles.",1990-03-21,False
90-1,Established a State Emergency Response Commission (SERC),1990-02-06,True
89-4,Establishment of Governor's Health Promotion and Physical Fitness Council,1989-12-13,False
89-3,Reallocation of State Ceiling to NIFA,1989-12-13,False
89-2,Position of State Recycling Coordinator created with the State Energy Office.,1989-10-06,False
89-1,Established a State Emergency Response Commission (SERC),1989-07-18,True
88-6,"Removal of juveniles from adult facilities by December 8, 1988
   as required by amendments to the Juvenile and Delinquency Prevention Act of 1974.",1988-07-20,False
88-5,Limit Tax Reform Act of 1986.,1988-06-27,False
88-4,"State volume cap allocation under the Internal Revenue
   Code of 1986, as amended, be granted to the County of Douglas, Nebraska, in
   the amount of $3,500,000 for Industrial Development Revenue Bonds (M.P.S. Inc. 1988 Project).",1988-06-14,False
88-3,"State volume cap allocation under the Internal Revenue
   Code of 1986, as amended, be granted to the County of Lancaster, Nebraska, in
   the amount of $1,000,000 for the Lincoln Manufacturing Company Industrial Development Refunding Revenue Bonds.",1988-06-10,False
88-2,"State volume cap allocation under the Internal Revenue
   Code of 1986, as amended, be granted to the Nebraska Investment Finance Authority in the amount of $45,000 to fund an agricultural loan.&nbsp; The
   borrowers are Douglas D. and Gloria M. Nuttleman, the lender is the First National Bank of Stromsburg, Stromsburg,
   Nebraska, and the purpose of the loan is to purchase eighty acres of farm real estate.",1988-05-13,False
88-1,"State volume cap allocation under the Internal Revenue
   Code of 1986, as amended, be granted to the City of Omaha in the amount of $5,615,000 for the
   Riverfront Redevelopment Project No. 1, Tax Allocation Bonds, Series 1988A.",1988-04-18,False
87-6,Coordination of State emergency response activities,,True
87-5,"Required every State agency to develop and implement a
   policy which requires seatbelt use while on State business",1987-10-13,False
87-4,State Energy Office made a division within the Policy Research Office,1987-07-22,False
"March 25, 1987","A State of emergency exists in eastern Nebraska because of heavy rains and in central and western Nebraska because of blizzard
   conditions.&nbsp; These storms have cause extensive flooding and severe winter conditions which pose a continuing threat to property and life.",,True
"March 23, 1987","Emergency exists in eastern half of Nebraska created by heavy rains commencing
   on our about March 17, causing extreme flooding and posing a continuing
   threat to property and life.",,True
87-2,Created United States Constitution Commission of  Nebraska,1987-02-11,False
87-1,Director of Policy Research and of the State Energy Office,1987-01-30,False
"September&nbsp;19,1986","Disaster emergency exists due to tornado action on
   September 18, 1986, causing considerable damage to both public and private property in Hardy, Nebr.",,True
05-14-85,"No animals raised for food production
   shall be permitted to be introduced into the state of Nebraska from any area
   outside the United States that does not restrict the use of Chloramphenicol",1985-05-14,False
01-31-85,Implement policy which requires seatbelt use while driving or riding in a motor vehicle while on State business.,1985-01-30,False
11-16-84,Private Activity Bond Allocations Proclamation,1984-11-16,False
09-12-84,Create the Governor's Traffic Safety Advisory Council.,1984-09-12,False
06-13-84,"Disaster emergency exists due to torrential rainfalls, tornadoes in Nebraska
   commencing on or about 11 June 1984, causing extensive flooding and destruction of private property, roadways, and public facilities throughout
   the affected counties.",,True
02-27-84,Code of Fair Practices for the Executive Branch of State Government,1984-02-06,False
06-15-82,Establish the Nebraska Advisory Council on Intergovernmental Relations,1982-06-15,False
04-10-82,Reaffirm the establishment of Nebraska Governor's Committee on Employment of the Handicapped,1982-04-08,False
09-18-81,Created the Nebraska Advisory Commission on Intergovernmental Relations,1981-09-18,False
07-13-81,"Designation of delegates to represent the
   State of Nebraska in discussions of regional low-level radioactive waste solutions",1981-07-13,False
04-30-81,Initiate a forms management program for Code Agencies.,1981-04-30,False
09-7-80,Establishment of an occupational safety and health program for State employees,1980-09-07,False
08-14-80,"Designates the Department of Public Institutions as the primary agency to carry out the purposes of the Drug
   Abuse Prevention, Treatment and Rehabilitation Act and the Comprehensive
   Alcohol Abuse and Alcoholism Prevention, Treatment and Rehabilitation Act",1980-08-14,False
08-01-80,Discontinue operation of Nebraska Office of Voluntary Citizen Participation,1980-07-27,False
07-09-80,Designates the Department of Public Institutions as the State Mental Health authority,1980-07-09,False
06-13-80,Establishment of an independent State Energy Office,1980-06-13,False
01-22-80,Establishment of Risk Management Program,1980-01-21,False
10-22-79,Establishment of Nebraska Office of Voluntary Citizen Participation,1979-10-18,False
03-16-79,Establishment of LB 1 Task Force,1979-03-06,False
10-02-78,Reaffirm the establishment of Nebraska Governor's Committee on Employment of the Handicapped,1978-09-27,False
01-18-77,Create Interagency Committee for review and coordination of health care rules and regulations,1977-01-17,False
01-18-77,Create the Governor's Task Force on Child Welfare,1977-01-17,False
12-23-76,Create the Governor's Energy Advisory Committee,1976-12-23,False
06-26-70,Adjutant General establish a Division of Emergency Services with the State Civil Defense Agency,1970-06-23,True
05-27-70,Establishment of Governor's Commission on Drug Abuse,1970-05-27,False
04-07-70,Establishment of Governor's Commission on Indian Affairs,1970-04-07,False
09-25-69,"Changed title of Governor's Commission on Law Enforcement &amp; Criminal Justice to Nebraska Commission on Law
   Enforcement and Criminal Justice",1969-09-25,False
09-08-69,Clarence Poppert granted a pardon by Board of Pardons and Parole,1969-09-08,False
09-08-69,Henry Mousel granted a pardon by Board of Pardons and Parole,1969-09-08,False
09-18-67,Establishment of Governor's Commission on Law Enforcement and Criminal Justice,2067-09-18,False
08-13-65,Code of Fair Practices,2065-08-10,False
